2025-05-02T14:31:43:   ▲ Next.js 14.2.2
2025-05-02T14:31:43:   ▲ Next.js 14.2.2
2025-05-02T14:31:43:   ▲ Next.js 14.2.2
2025-05-02T14:31:43:   - Local:        http://localhost:3000
2025-05-02T14:31:43: 
2025-05-02T14:31:43:  ✓ Starting...
2025-05-02T14:31:43:   - Local:        http://localhost:3000
2025-05-02T14:31:43: 
2025-05-02T14:31:43:  ✓ Starting...
2025-05-02T14:31:43:   ▲ Next.js 14.2.2
2025-05-02T14:31:43:   - Local:        http://localhost:3000
2025-05-02T14:31:43: 
2025-05-02T14:31:43:  ✓ Starting...
2025-05-02T14:31:44:  ✓ Ready in 989ms
2025-05-02T14:31:44:   ▲ Next.js 14.2.2
2025-05-02T14:31:44:  ✓ Ready in 926ms
2025-05-02T14:31:44:   ▲ Next.js 14.2.2
2025-05-02T14:31:44:  ✓ Ready in 932ms
2025-05-02T14:31:43:   - Local:        http://localhost:3000
2025-05-02T14:31:43: 
2025-05-02T14:31:43:  ✓ Starting...
2025-05-02T14:31:44:   - Local:        http://localhost:3000
2025-05-02T14:31:44: 
2025-05-02T14:31:44:  ✓ Starting...
2025-05-02T14:31:44:  ✓ Ready in 959ms
2025-05-02T14:31:44:   - Local:        http://localhost:3000
2025-05-02T14:31:44: 
2025-05-02T14:31:44:  ✓ Starting...
2025-05-02T14:31:44:   ▲ Next.js 14.2.2
2025-05-02T14:31:44:   ▲ Next.js 14.2.2
2025-05-02T14:31:44:  ✓ Ready in 906ms
2025-05-02T14:31:44:  ✓ Ready in 797ms
2025-05-02T14:31:44:   - Local:        http://localhost:3000
2025-05-02T14:31:44: 
2025-05-02T14:31:44:  ✓ Starting...
2025-05-02T14:31:44:   - Local:        http://localhost:3000
2025-05-02T14:31:44: 
2025-05-02T14:31:44:  ✓ Starting...
2025-05-02T14:31:44:  ✓ Ready in 637ms
2025-05-02T14:31:44:  ✓ Ready in 737ms
2026-04-27T06:11:58:   ▲ Next.js 14.2.2
2026-04-27T06:11:58:   ▲ Next.js 14.2.2
2026-04-27T06:11:58:   ▲ Next.js 14.2.2
2026-04-27T06:11:58:   ▲ Next.js 14.2.2
2026-04-27T06:11:58:   ▲ Next.js 14.2.2
2026-04-27T06:11:58:   - Local:        http://localhost:3000
2026-04-27T06:11:58: 
2026-04-27T06:11:58:  ✓ Starting...
2026-04-27T06:11:58:   - Local:        http://localhost:3000
2026-04-27T06:11:58: 
2026-04-27T06:11:58:  ✓ Starting...
2026-04-27T06:11:58:   - Local:        http://localhost:3000
2026-04-27T06:11:58: 
2026-04-27T06:11:58:  ✓ Starting...
2026-04-27T06:11:58:   ▲ Next.js 14.2.2
2026-04-27T06:11:58:   - Local:        http://localhost:3000
2026-04-27T06:11:58: 
2026-04-27T06:11:58:  ✓ Starting...
2026-04-27T06:11:58:   - Local:        http://localhost:3000
2026-04-27T06:11:58: 
2026-04-27T06:11:58:  ✓ Starting...
2026-04-27T06:11:58:   ▲ Next.js 14.2.2
2026-04-27T06:11:58:  ✓ Ready in 1237ms
2026-04-27T06:11:58:  ✓ Ready in 1171ms
2026-04-27T06:11:58:  ✓ Ready in 1242ms
2026-04-27T06:11:58:  ✓ Ready in 1068ms
2026-04-27T06:11:58:   - Local:        http://localhost:3000
2026-04-27T06:11:58: 
2026-04-27T06:11:58:  ✓ Starting...
2026-04-27T06:11:58:   ▲ Next.js 14.2.2
2026-04-27T06:11:58:  ✓ Ready in 1002ms
2026-04-27T06:11:58:   - Local:        http://localhost:3000
2026-04-27T06:11:58: 
2026-04-27T06:11:58:  ✓ Starting...
2026-04-27T06:11:58:  ✓ Ready in 926ms
2026-04-27T06:11:58:   - Local:        http://localhost:3000
2026-04-27T06:11:58: 
2026-04-27T06:11:58:  ✓ Starting...
2026-04-27T06:11:58:  ✓ Ready in 788ms
2026-04-27T06:11:58:  ✓ Ready in 728ms
2026-04-27T13:57:37:   ▲ Next.js 14.2.2
2026-04-27T13:57:37:   ▲ Next.js 14.2.2
2026-04-27T13:57:37:   ▲ Next.js 14.2.2
2026-04-27T13:57:37:   ▲ Next.js 14.2.2
2026-04-27T13:57:37:   ▲ Next.js 14.2.2
2026-04-27T13:57:37:   ▲ Next.js 14.2.2
2026-04-27T13:57:37:   ▲ Next.js 14.2.2
2026-04-27T13:57:37:   ▲ Next.js 14.2.2
2026-04-27T13:57:37:   - Local:        http://localhost:3000
2026-04-27T13:57:37: 
2026-04-27T13:57:37:  ✓ Starting...
2026-04-27T13:57:37:   - Local:        http://localhost:3000
2026-04-27T13:57:37: 
2026-04-27T13:57:37:  ✓ Starting...
2026-04-27T13:57:37:   - Local:        http://localhost:3000
2026-04-27T13:57:37: 
2026-04-27T13:57:37:  ✓ Starting...
2026-04-27T13:57:37:   - Local:        http://localhost:3000
2026-04-27T13:57:37: 
2026-04-27T13:57:37:  ✓ Starting...
2026-04-27T13:57:37:   - Local:        http://localhost:3000
2026-04-27T13:57:37: 
2026-04-27T13:57:37:  ✓ Starting...
2026-04-27T13:57:37:   - Local:        http://localhost:3000
2026-04-27T13:57:37: 
2026-04-27T13:57:37:  ✓ Starting...
2026-04-27T13:57:37:   - Local:        http://localhost:3000
2026-04-27T13:57:37: 
2026-04-27T13:57:37:  ✓ Starting...
2026-04-27T13:57:37:   - Local:        http://localhost:3000
2026-04-27T13:57:37: 
2026-04-27T13:57:37:  ✓ Starting...
2026-04-27T13:57:39:  ✓ Ready in 7s
2026-04-27T13:57:39:  ✓ Ready in 7s
2026-04-27T13:57:39:  ✓ Ready in 7s
2026-04-27T13:57:39:  ✓ Ready in 7s
2026-04-27T13:57:39:  ✓ Ready in 7s
2026-04-27T13:57:39:  ✓ Ready in 7s
2026-04-27T13:57:39:  ✓ Ready in 7s
2026-04-27T13:57:39:  ✓ Ready in 7s
2026-04-29T14:32:46:   ▲ Next.js 14.2.2
2026-04-29T14:32:46:   ▲ Next.js 14.2.2
2026-04-29T14:32:46:   ▲ Next.js 14.2.2
2026-04-29T14:32:46:   ▲ Next.js 14.2.2
2026-04-29T14:32:46:   ▲ Next.js 14.2.2
2026-04-29T14:32:46:   ▲ Next.js 14.2.2
2026-04-29T14:32:46:   ▲ Next.js 14.2.2
2026-04-29T14:32:46:   ▲ Next.js 14.2.2
2026-04-29T14:32:46:   - Local:        http://localhost:3000
2026-04-29T14:32:46: 
2026-04-29T14:32:46:  ✓ Starting...
2026-04-29T14:32:46:   - Local:        http://localhost:3000
2026-04-29T14:32:46: 
2026-04-29T14:32:46:  ✓ Starting...
2026-04-29T14:32:46:   - Local:        http://localhost:3000
2026-04-29T14:32:46: 
2026-04-29T14:32:46:  ✓ Starting...
2026-04-29T14:32:46:   - Local:        http://localhost:3000
2026-04-29T14:32:46: 
2026-04-29T14:32:46:  ✓ Starting...
2026-04-29T14:32:46:   - Local:        http://localhost:3000
2026-04-29T14:32:46: 
2026-04-29T14:32:46:  ✓ Starting...
2026-04-29T14:32:46:   - Local:        http://localhost:3000
2026-04-29T14:32:46: 
2026-04-29T14:32:46:  ✓ Starting...
2026-04-29T14:32:46:   - Local:        http://localhost:3000
2026-04-29T14:32:46: 
2026-04-29T14:32:46:  ✓ Starting...
2026-04-29T14:32:46:   - Local:        http://localhost:3000
2026-04-29T14:32:46: 
2026-04-29T14:32:46:  ✓ Starting...
2026-04-29T14:32:48:  ✓ Ready in 6s
2026-04-29T14:32:48:  ✓ Ready in 6s
2026-04-29T14:32:48:  ✓ Ready in 6s
2026-04-29T14:32:48:  ✓ Ready in 6s
2026-04-29T14:32:48:  ✓ Ready in 6s
2026-04-29T14:32:48:  ✓ Ready in 6s
2026-04-29T14:32:48:  ✓ Ready in 5.9s
2026-04-29T14:32:48:  ✓ Ready in 6s
2026-04-29T14:36:05:   ▲ Next.js 14.2.2
2026-04-29T14:36:05:   ▲ Next.js 14.2.2
2026-04-29T14:36:05:   - Local:        http://localhost:3000
2026-04-29T14:36:05: 
2026-04-29T14:36:05:  ✓ Starting...
2026-04-29T14:36:06:   ▲ Next.js 14.2.2
2026-04-29T14:36:06:   - Local:        http://localhost:3000
2026-04-29T14:36:06: 
2026-04-29T14:36:06:  ✓ Starting...
2026-04-29T14:36:06:   ▲ Next.js 14.2.2
2026-04-29T14:36:06:  ✓ Ready in 1054ms
2026-04-29T14:36:06:   - Local:        http://localhost:3000
2026-04-29T14:36:06: 
2026-04-29T14:36:06:  ✓ Starting...
2026-04-29T14:36:06:   ▲ Next.js 14.2.2
2026-04-29T14:36:06:  ✓ Ready in 1112ms
2026-04-29T14:36:06:   - Local:        http://localhost:3000
2026-04-29T14:36:06: 
2026-04-29T14:36:06:  ✓ Starting...
2026-04-29T14:36:06:  ✓ Ready in 1067ms
2026-04-29T14:36:06:   ▲ Next.js 14.2.2
2026-04-29T14:36:06:   - Local:        http://localhost:3000
2026-04-29T14:36:06: 
2026-04-29T14:36:06:  ✓ Starting...
2026-04-29T14:36:06:   ▲ Next.js 14.2.2
2026-04-29T14:36:06:  ✓ Ready in 1043ms
2026-04-29T14:36:06:   - Local:        http://localhost:3000
2026-04-29T14:36:06: 
2026-04-29T14:36:06:  ✓ Starting...
2026-04-29T14:36:06:   ▲ Next.js 14.2.2
2026-04-29T14:36:06:  ✓ Ready in 1026ms
2026-04-29T14:36:06:   - Local:        http://localhost:3000
2026-04-29T14:36:06: 
2026-04-29T14:36:06:  ✓ Starting...
2026-04-29T14:36:06:  ✓ Ready in 902ms
2026-04-29T14:36:06:   - Local:        http://localhost:3000
2026-04-29T14:36:06: 
2026-04-29T14:36:06:  ✓ Starting...
2026-04-29T14:36:07:  ✓ Ready in 794ms
2026-04-29T14:36:07:  ✓ Ready in 704ms
2026-04-30T21:35:19:   ▲ Next.js 14.2.2
2026-04-30T21:35:19:   ▲ Next.js 14.2.2
2026-04-30T21:35:19:   ▲ Next.js 14.2.2
2026-04-30T21:35:19:   ▲ Next.js 14.2.2
2026-04-30T21:35:19:   ▲ Next.js 14.2.2
2026-04-30T21:35:19:   ▲ Next.js 14.2.2
2026-04-30T21:35:19:   ▲ Next.js 14.2.2
2026-04-30T21:35:19:   ▲ Next.js 14.2.2
2026-04-30T21:35:19:   - Local:        http://localhost:3000
2026-04-30T21:35:19: 
2026-04-30T21:35:19:  ✓ Starting...
2026-04-30T21:35:19:   - Local:        http://localhost:3000
2026-04-30T21:35:19: 
2026-04-30T21:35:19:  ✓ Starting...
2026-04-30T21:35:19:   - Local:        http://localhost:3000
2026-04-30T21:35:19: 
2026-04-30T21:35:19:  ✓ Starting...
2026-04-30T21:35:19:   - Local:        http://localhost:3000
2026-04-30T21:35:19: 
2026-04-30T21:35:19:  ✓ Starting...
2026-04-30T21:35:19:   - Local:        http://localhost:3000
2026-04-30T21:35:19: 
2026-04-30T21:35:19:  ✓ Starting...
2026-04-30T21:35:19:   - Local:        http://localhost:3000
2026-04-30T21:35:19: 
2026-04-30T21:35:19:   - Local:        http://localhost:3000
2026-04-30T21:35:19:  ✓ Starting...
2026-04-30T21:35:19: 
2026-04-30T21:35:19:  ✓ Starting...
2026-04-30T21:35:19:   - Local:        http://localhost:3000
2026-04-30T21:35:19: 
2026-04-30T21:35:19:  ✓ Starting...
2026-04-30T21:35:21:  ✓ Ready in 4.8s
2026-04-30T21:35:21:  ✓ Ready in 5.1s
2026-04-30T21:35:21:  ✓ Ready in 4.9s
2026-04-30T21:35:21:  ✓ Ready in 5.1s
2026-04-30T21:35:21:  ✓ Ready in 5.1s
2026-04-30T21:35:21:  ✓ Ready in 4.9s
2026-04-30T21:35:21:  ✓ Ready in 5s
2026-04-30T21:35:21:  ✓ Ready in 5.1s
2026-04-30T22:14:42:   ▲ Next.js 14.2.2
2026-04-30T22:14:42:   ▲ Next.js 14.2.2
2026-04-30T22:14:42:   ▲ Next.js 14.2.2
2026-04-30T22:14:42:   ▲ Next.js 14.2.2
2026-04-30T22:14:42:   ▲ Next.js 14.2.2
2026-04-30T22:14:42:   ▲ Next.js 14.2.2
2026-04-30T22:14:42:   ▲ Next.js 14.2.2
2026-04-30T22:14:42:   ▲ Next.js 14.2.2
2026-04-30T22:14:42:   - Local:        http://localhost:3000
2026-04-30T22:14:42:   - Local:        http://localhost:3000
2026-04-30T22:14:42: 
2026-04-30T22:14:42:  ✓ Starting...
2026-04-30T22:14:42: 
2026-04-30T22:14:42:  ✓ Starting...
2026-04-30T22:14:42:   - Local:        http://localhost:3000
2026-04-30T22:14:42: 
2026-04-30T22:14:42:  ✓ Starting...
2026-04-30T22:14:42:   - Local:        http://localhost:3000
2026-04-30T22:14:42: 
2026-04-30T22:14:42:  ✓ Starting...
2026-04-30T22:14:42:   - Local:        http://localhost:3000
2026-04-30T22:14:42: 
2026-04-30T22:14:42:  ✓ Starting...
2026-04-30T22:14:42:   - Local:        http://localhost:3000
2026-04-30T22:14:42: 
2026-04-30T22:14:42:  ✓ Starting...
2026-04-30T22:14:42:   - Local:        http://localhost:3000
2026-04-30T22:14:42: 
2026-04-30T22:14:42:  ✓ Starting...
2026-04-30T22:14:42:   - Local:        http://localhost:3000
2026-04-30T22:14:42: 
2026-04-30T22:14:42:  ✓ Starting...
2026-04-30T22:14:44:  ✓ Ready in 7.7s
2026-04-30T22:14:44:  ✓ Ready in 7.5s
2026-04-30T22:14:44:  ✓ Ready in 7.7s
2026-04-30T22:14:44:  ✓ Ready in 7.6s
2026-04-30T22:14:44:  ✓ Ready in 7.7s
2026-04-30T22:14:44:  ✓ Ready in 7.7s
2026-04-30T22:14:44:  ✓ Ready in 7.7s
2026-04-30T22:14:44:  ✓ Ready in 7.7s
2026-05-01T23:07:31:   ▲ Next.js 14.2.2
2026-05-01T23:07:31:   ▲ Next.js 14.2.2
2026-05-01T23:07:31:   ▲ Next.js 14.2.2
2026-05-01T23:07:31:   ▲ Next.js 14.2.2
2026-05-01T23:07:31:   ▲ Next.js 14.2.2
2026-05-01T23:07:31:   ▲ Next.js 14.2.2
2026-05-01T23:07:31:   ▲ Next.js 14.2.2
2026-05-01T23:07:31:   ▲ Next.js 14.2.2
2026-05-01T23:07:31:   - Local:        http://localhost:3000
2026-05-01T23:07:31:   - Local:        http://localhost:3000
2026-05-01T23:07:31:   - Local:        http://localhost:3000
2026-05-01T23:07:31: 
2026-05-01T23:07:31: 
2026-05-01T23:07:31: 
2026-05-01T23:07:31:   - Local:        http://localhost:3000
2026-05-01T23:07:31:  ✓ Starting...
2026-05-01T23:07:31:  ✓ Starting...
2026-05-01T23:07:31:  ✓ Starting...
2026-05-01T23:07:31: 
2026-05-01T23:07:31:  ✓ Starting...
2026-05-01T23:07:31:   - Local:        http://localhost:3000
2026-05-01T23:07:31: 
2026-05-01T23:07:31:  ✓ Starting...
2026-05-01T23:07:31:   - Local:        http://localhost:3000
2026-05-01T23:07:31: 
2026-05-01T23:07:31:  ✓ Starting...
2026-05-01T23:07:31:   - Local:        http://localhost:3000
2026-05-01T23:07:31: 
2026-05-01T23:07:31:  ✓ Starting...
2026-05-01T23:07:31:   - Local:        http://localhost:3000
2026-05-01T23:07:31: 
2026-05-01T23:07:31:  ✓ Starting...
2026-05-01T23:07:34:  ✓ Ready in 9.4s
2026-05-01T23:07:34:  ✓ Ready in 9.4s
2026-05-01T23:07:34:  ✓ Ready in 9.4s
2026-05-01T23:07:34:  ✓ Ready in 9.4s
2026-05-01T23:07:34:  ✓ Ready in 9.4s
2026-05-01T23:07:34:  ✓ Ready in 9.4s
2026-05-01T23:07:34:  ✓ Ready in 9.4s
2026-05-01T23:07:34:  ✓ Ready in 9.4s
2026-05-02T18:55:17:   ▲ Next.js 14.2.2
2026-05-02T18:55:17:   ▲ Next.js 14.2.2
2026-05-02T18:55:17:   ▲ Next.js 14.2.2
2026-05-02T18:55:17:   ▲ Next.js 14.2.2
2026-05-02T18:55:17:   ▲ Next.js 14.2.2
2026-05-02T18:55:17:   ▲ Next.js 14.2.2
2026-05-02T18:55:17:   ▲ Next.js 14.2.2
2026-05-02T18:55:17:   ▲ Next.js 14.2.2
2026-05-02T18:55:17:   - Local:        http://localhost:3000
2026-05-02T18:55:17: 
2026-05-02T18:55:17:  ✓ Starting...
2026-05-02T18:55:17:   - Local:        http://localhost:3000
2026-05-02T18:55:17: 
2026-05-02T18:55:17:  ✓ Starting...
2026-05-02T18:55:17:   - Local:        http://localhost:3000
2026-05-02T18:55:17: 
2026-05-02T18:55:17:  ✓ Starting...
2026-05-02T18:55:17:   - Local:        http://localhost:3000
2026-05-02T18:55:17: 
2026-05-02T18:55:17:  ✓ Starting...
2026-05-02T18:55:17:   - Local:        http://localhost:3000
2026-05-02T18:55:17: 
2026-05-02T18:55:17:  ✓ Starting...
2026-05-02T18:55:17:   - Local:        http://localhost:3000
2026-05-02T18:55:17: 
2026-05-02T18:55:17:  ✓ Starting...
2026-05-02T18:55:17:   - Local:        http://localhost:3000
2026-05-02T18:55:17: 
2026-05-02T18:55:17:  ✓ Starting...
2026-05-02T18:55:17:   - Local:        http://localhost:3000
2026-05-02T18:55:17: 
2026-05-02T18:55:17:  ✓ Starting...
2026-05-02T18:55:19:  ✓ Ready in 6.8s
2026-05-02T18:55:19:  ✓ Ready in 6.7s
2026-05-02T18:55:19:  ✓ Ready in 6.8s
2026-05-02T18:55:19:  ✓ Ready in 6.8s
2026-05-02T18:55:19:  ✓ Ready in 6.8s
2026-05-02T18:55:19:  ✓ Ready in 6.8s
2026-05-02T18:55:19:  ✓ Ready in 6.8s
2026-05-02T18:55:19:  ✓ Ready in 6.8s
2026-05-02T22:40:02:   ▲ Next.js 14.2.2
2026-05-02T22:40:02:   ▲ Next.js 14.2.2
2026-05-02T22:40:02:   - Local:        http://localhost:3000
2026-05-02T22:40:02: 
2026-05-02T22:40:02:  ✓ Starting...
2026-05-02T22:40:03:   ▲ Next.js 14.2.2
2026-05-02T22:40:02:   - Local:        http://localhost:3000
2026-05-02T22:40:02: 
2026-05-02T22:40:02:  ✓ Starting...
2026-05-02T22:40:03:  ✓ Ready in 933ms
2026-05-02T22:40:03:   ▲ Next.js 14.2.2
2026-05-02T22:40:03:   - Local:        http://localhost:3000
2026-05-02T22:40:03: 
2026-05-02T22:40:03:  ✓ Starting...
2026-05-02T22:40:03:   ▲ Next.js 14.2.2
2026-05-02T22:40:03:  ✓ Ready in 1002ms
2026-05-02T22:40:03:   - Local:        http://localhost:3000
2026-05-02T22:40:03: 
2026-05-02T22:40:03:  ✓ Starting...
2026-05-02T22:40:03:   ▲ Next.js 14.2.2
2026-05-02T22:40:03:  ✓ Ready in 1035ms
2026-05-02T22:40:03:   ▲ Next.js 14.2.2
2026-05-02T22:40:03:   - Local:        http://localhost:3000
2026-05-02T22:40:03: 
2026-05-02T22:40:03:  ✓ Starting...
2026-05-02T22:40:03:  ✓ Ready in 976ms
2026-05-02T22:40:03:   - Local:        http://localhost:3000
2026-05-02T22:40:03: 
2026-05-02T22:40:03:  ✓ Starting...
2026-05-02T22:40:03:   ▲ Next.js 14.2.2
2026-05-02T22:40:03:  ✓ Ready in 952ms
2026-05-02T22:40:03:   - Local:        http://localhost:3000
2026-05-02T22:40:03: 
2026-05-02T22:40:03:  ✓ Starting...
2026-05-02T22:40:03:  ✓ Ready in 842ms
2026-05-02T22:40:03:   - Local:        http://localhost:3000
2026-05-02T22:40:03: 
2026-05-02T22:40:03:  ✓ Starting...
2026-05-02T22:40:03:  ✓ Ready in 768ms
2026-05-02T22:40:03:  ✓ Ready in 633ms
2026-05-04T03:40:32:   ▲ Next.js 14.2.2
2026-05-04T03:40:32:   ▲ Next.js 14.2.2
2026-05-04T03:40:32:   ▲ Next.js 14.2.2
2026-05-04T03:40:32:   ▲ Next.js 14.2.2
2026-05-04T03:40:32:   ▲ Next.js 14.2.2
2026-05-04T03:40:32:   ▲ Next.js 14.2.2
2026-05-04T03:40:32:   ▲ Next.js 14.2.2
2026-05-04T03:40:32:   ▲ Next.js 14.2.2
2026-05-04T03:40:32:   - Local:        http://localhost:3000
2026-05-04T03:40:32: 
2026-05-04T03:40:32:   - Local:        http://localhost:3000
2026-05-04T03:40:32:  ✓ Starting...
2026-05-04T03:40:32: 
2026-05-04T03:40:32:  ✓ Starting...
2026-05-04T03:40:32:   - Local:        http://localhost:3000
2026-05-04T03:40:32: 
2026-05-04T03:40:32:  ✓ Starting...
2026-05-04T03:40:32:   - Local:        http://localhost:3000
2026-05-04T03:40:32: 
2026-05-04T03:40:32:  ✓ Starting...
2026-05-04T03:40:32:   - Local:        http://localhost:3000
2026-05-04T03:40:32: 
2026-05-04T03:40:32:  ✓ Starting...
2026-05-04T03:40:32:   - Local:        http://localhost:3000
2026-05-04T03:40:32: 
2026-05-04T03:40:32:  ✓ Starting...
2026-05-04T03:40:32:   - Local:        http://localhost:3000
2026-05-04T03:40:32: 
2026-05-04T03:40:32:  ✓ Starting...
2026-05-04T03:40:32:   - Local:        http://localhost:3000
2026-05-04T03:40:32: 
2026-05-04T03:40:32:  ✓ Starting...
2026-05-04T03:40:34:  ✓ Ready in 6s
2026-05-04T03:40:34:  ✓ Ready in 6s
2026-05-04T03:40:34:  ✓ Ready in 6s
2026-05-04T03:40:34:  ✓ Ready in 5.9s
2026-05-04T03:40:34:  ✓ Ready in 6s
2026-05-04T03:40:34:  ✓ Ready in 6s
2026-05-04T03:40:34:  ✓ Ready in 6s
2026-05-04T03:40:34:  ✓ Ready in 6s
2026-05-04T17:20:12:   ▲ Next.js 14.2.2
2026-05-04T17:20:12:   ▲ Next.js 14.2.2
2026-05-04T17:20:12:   ▲ Next.js 14.2.2
2026-05-04T17:20:12:   ▲ Next.js 14.2.2
2026-05-04T17:20:12:   ▲ Next.js 14.2.2
2026-05-04T17:20:12:   ▲ Next.js 14.2.2
2026-05-04T17:20:12:   ▲ Next.js 14.2.2
2026-05-04T17:20:12:   ▲ Next.js 14.2.2
2026-05-04T17:20:12:   - Local:        http://localhost:3000
2026-05-04T17:20:12: 
2026-05-04T17:20:12:  ✓ Starting...
2026-05-04T17:20:12:   - Local:        http://localhost:3000
2026-05-04T17:20:12:   - Local:        http://localhost:3000
2026-05-04T17:20:12: 
2026-05-04T17:20:12:   - Local:        http://localhost:3000
2026-05-04T17:20:12: 
2026-05-04T17:20:12:  ✓ Starting...
2026-05-04T17:20:12: 
2026-05-04T17:20:12:  ✓ Starting...
2026-05-04T17:20:12:   - Local:        http://localhost:3000
2026-05-04T17:20:12:   - Local:        http://localhost:3000
2026-05-04T17:20:12:   - Local:        http://localhost:3000
2026-05-04T17:20:12:   - Local:        http://localhost:3000
2026-05-04T17:20:12:  ✓ Starting...
2026-05-04T17:20:12: 
2026-05-04T17:20:12: 
2026-05-04T17:20:12: 
2026-05-04T17:20:12: 
2026-05-04T17:20:12:  ✓ Starting...
2026-05-04T17:20:12:  ✓ Starting...
2026-05-04T17:20:12:  ✓ Starting...
2026-05-04T17:20:12:  ✓ Starting...
2026-05-04T17:20:14:  ✓ Ready in 6.9s
2026-05-04T17:20:14:  ✓ Ready in 6.9s
2026-05-04T17:20:14:  ✓ Ready in 6.9s
2026-05-04T17:20:14:  ✓ Ready in 6.9s
2026-05-04T17:20:14:  ✓ Ready in 6.9s
2026-05-04T17:20:14:  ✓ Ready in 6.9s
2026-05-04T17:20:14:  ✓ Ready in 6.9s
2026-05-04T17:20:14:  ✓ Ready in 6.9s
2026-05-05T01:40:24:   ▲ Next.js 14.2.2
2026-05-05T01:40:24:   ▲ Next.js 14.2.2
2026-05-05T01:40:24:   ▲ Next.js 14.2.2
2026-05-05T01:40:24:   ▲ Next.js 14.2.2
2026-05-05T01:40:24:   ▲ Next.js 14.2.2
2026-05-05T01:40:24:   ▲ Next.js 14.2.2
2026-05-05T01:40:24:   ▲ Next.js 14.2.2
2026-05-05T01:40:24:   ▲ Next.js 14.2.2
2026-05-05T01:40:24:   - Local:        http://localhost:3000
2026-05-05T01:40:24: 
2026-05-05T01:40:24:  ✓ Starting...
2026-05-05T01:40:24:   - Local:        http://localhost:3000
2026-05-05T01:40:24: 
2026-05-05T01:40:24:  ✓ Starting...
2026-05-05T01:40:24:   - Local:        http://localhost:3000
2026-05-05T01:40:24: 
2026-05-05T01:40:24:  ✓ Starting...
2026-05-05T01:40:24:   - Local:        http://localhost:3000
2026-05-05T01:40:24: 
2026-05-05T01:40:24:  ✓ Starting...
2026-05-05T01:40:24:   - Local:        http://localhost:3000
2026-05-05T01:40:24: 
2026-05-05T01:40:24:  ✓ Starting...
2026-05-05T01:40:24:   - Local:        http://localhost:3000
2026-05-05T01:40:24: 
2026-05-05T01:40:24:  ✓ Starting...
2026-05-05T01:40:24:   - Local:        http://localhost:3000
2026-05-05T01:40:24: 
2026-05-05T01:40:24:  ✓ Starting...
2026-05-05T01:40:24:   - Local:        http://localhost:3000
2026-05-05T01:40:24: 
2026-05-05T01:40:24:  ✓ Starting...
2026-05-05T01:40:27:  ✓ Ready in 8.4s
2026-05-05T01:40:27:  ✓ Ready in 8.4s
2026-05-05T01:40:27:  ✓ Ready in 8.4s
2026-05-05T01:40:27:  ✓ Ready in 8.4s
2026-05-05T01:40:27:  ✓ Ready in 8.4s
2026-05-05T01:40:27:  ✓ Ready in 8.4s
2026-05-05T01:40:27:  ✓ Ready in 8.4s
2026-05-05T01:40:27:  ✓ Ready in 8.4s
2026-05-05T12:32:43:   ▲ Next.js 14.2.2
2026-05-05T12:32:43:   ▲ Next.js 14.2.2
2026-05-05T12:32:43:   ▲ Next.js 14.2.2
2026-05-05T12:32:43:   ▲ Next.js 14.2.2
2026-05-05T12:32:43:   ▲ Next.js 14.2.2
2026-05-05T12:32:43:   ▲ Next.js 14.2.2
2026-05-05T12:32:43:   ▲ Next.js 14.2.2
2026-05-05T12:32:43:   ▲ Next.js 14.2.2
2026-05-05T12:32:43:   - Local:        http://localhost:3000
2026-05-05T12:32:43: 
2026-05-05T12:32:43:  ✓ Starting...
2026-05-05T12:32:43:   - Local:        http://localhost:3000
2026-05-05T12:32:43: 
2026-05-05T12:32:43:  ✓ Starting...
2026-05-05T12:32:43:   - Local:        http://localhost:3000
2026-05-05T12:32:43: 
2026-05-05T12:32:43:  ✓ Starting...
2026-05-05T12:32:43:   - Local:        http://localhost:3000
2026-05-05T12:32:43: 
2026-05-05T12:32:43:  ✓ Starting...
2026-05-05T12:32:43:   - Local:        http://localhost:3000
2026-05-05T12:32:43: 
2026-05-05T12:32:43:  ✓ Starting...
2026-05-05T12:32:43:   - Local:        http://localhost:3000
2026-05-05T12:32:43: 
2026-05-05T12:32:43:  ✓ Starting...
2026-05-05T12:32:43:   - Local:        http://localhost:3000
2026-05-05T12:32:43: 
2026-05-05T12:32:43:  ✓ Starting...
2026-05-05T12:32:43:   - Local:        http://localhost:3000
2026-05-05T12:32:43: 
2026-05-05T12:32:43:  ✓ Starting...
2026-05-05T12:32:44:  ✓ Ready in 6.1s
2026-05-05T12:32:44:  ✓ Ready in 6.2s
2026-05-05T12:32:44:  ✓ Ready in 6.2s
2026-05-05T12:32:44:  ✓ Ready in 6.2s
2026-05-05T12:32:44:  ✓ Ready in 6.2s
2026-05-05T12:32:44:  ✓ Ready in 6.1s
2026-05-05T12:32:44:  ✓ Ready in 6.2s
2026-05-05T12:32:44:  ✓ Ready in 6.2s
2026-05-06T20:31:09:   ▲ Next.js 14.2.2
2026-05-06T20:31:09:   ▲ Next.js 14.2.2
2026-05-06T20:31:10:   ▲ Next.js 14.2.2
2026-05-06T20:31:09:   ▲ Next.js 14.2.2
2026-05-06T20:31:09:   ▲ Next.js 14.2.2
2026-05-06T20:31:09:   ▲ Next.js 14.2.2
2026-05-06T20:31:09:   ▲ Next.js 14.2.2
2026-05-06T20:31:09:   ▲ Next.js 14.2.2
2026-05-06T20:31:09:   - Local:        http://localhost:3000
2026-05-06T20:31:09:   - Local:        http://localhost:3000
2026-05-06T20:31:09: 
2026-05-06T20:31:09:  ✓ Starting...
2026-05-06T20:31:09: 
2026-05-06T20:31:10:   - Local:        http://localhost:3000
2026-05-06T20:31:10:   - Local:        http://localhost:3000
2026-05-06T20:31:09:   - Local:        http://localhost:3000
2026-05-06T20:31:10:   - Local:        http://localhost:3000
2026-05-06T20:31:09:  ✓ Starting...
2026-05-06T20:31:10: 
2026-05-06T20:31:10: 
2026-05-06T20:31:09: 
2026-05-06T20:31:10: 
2026-05-06T20:31:10:  ✓ Starting...
2026-05-06T20:31:10:  ✓ Starting...
2026-05-06T20:31:09:  ✓ Starting...
2026-05-06T20:31:10:  ✓ Starting...
2026-05-06T20:31:09:   - Local:        http://localhost:3000
2026-05-06T20:31:09: 
2026-05-06T20:31:09:  ✓ Starting...
2026-05-06T20:31:10:   - Local:        http://localhost:3000
2026-05-06T20:31:10: 
2026-05-06T20:31:10:  ✓ Starting...
2026-05-06T20:31:12:  ✓ Ready in 8.6s
2026-05-06T20:31:12:  ✓ Ready in 8.6s
2026-05-06T20:31:12:  ✓ Ready in 8.6s
2026-05-06T20:31:12:  ✓ Ready in 8.6s
2026-05-06T20:31:12:  ✓ Ready in 8.6s
2026-05-06T20:31:12:  ✓ Ready in 8.6s
2026-05-06T20:31:12:  ✓ Ready in 8.6s
2026-05-06T20:31:12:  ✓ Ready in 8.6s
2026-05-07T16:10:54:   ▲ Next.js 14.2.2
2026-05-07T16:10:54:   ▲ Next.js 14.2.2
2026-05-07T16:10:54:   ▲ Next.js 14.2.2
2026-05-07T16:10:54:   ▲ Next.js 14.2.2
2026-05-07T16:10:54:   ▲ Next.js 14.2.2
2026-05-07T16:10:54:   ▲ Next.js 14.2.2
2026-05-07T16:10:54:   ▲ Next.js 14.2.2
2026-05-07T16:10:54:   ▲ Next.js 14.2.2
2026-05-07T16:10:54:   - Local:        http://localhost:3000
2026-05-07T16:10:54: 
2026-05-07T16:10:54:  ✓ Starting...
2026-05-07T16:10:54:   - Local:        http://localhost:3000
2026-05-07T16:10:54: 
2026-05-07T16:10:54:  ✓ Starting...
2026-05-07T16:10:54:   - Local:        http://localhost:3000
2026-05-07T16:10:54: 
2026-05-07T16:10:54:  ✓ Starting...
2026-05-07T16:10:54:   - Local:        http://localhost:3000
2026-05-07T16:10:54: 
2026-05-07T16:10:54:  ✓ Starting...
2026-05-07T16:10:54:   - Local:        http://localhost:3000
2026-05-07T16:10:54: 
2026-05-07T16:10:54:  ✓ Starting...
2026-05-07T16:10:54:   - Local:        http://localhost:3000
2026-05-07T16:10:54: 
2026-05-07T16:10:54:  ✓ Starting...
2026-05-07T16:10:54:   - Local:        http://localhost:3000
2026-05-07T16:10:54: 
2026-05-07T16:10:54:  ✓ Starting...
2026-05-07T16:10:54:   - Local:        http://localhost:3000
2026-05-07T16:10:54: 
2026-05-07T16:10:54:  ✓ Starting...
2026-05-07T16:10:57:  ✓ Ready in 12.3s
2026-05-07T16:10:57:  ✓ Ready in 12.3s
2026-05-07T16:10:57:  ✓ Ready in 12.3s
2026-05-07T16:10:57:  ✓ Ready in 12.3s
2026-05-07T16:10:57:  ✓ Ready in 12.4s
2026-05-07T16:10:57:  ✓ Ready in 12.4s
2026-05-07T16:10:57:  ✓ Ready in 12.4s
2026-05-07T16:10:57:  ✓ Ready in 12.4s
2026-05-08T03:50:42:   ▲ Next.js 14.2.2
2026-05-08T03:50:42:   ▲ Next.js 14.2.2
2026-05-08T03:50:42:   ▲ Next.js 14.2.2
2026-05-08T03:50:42:   ▲ Next.js 14.2.2
2026-05-08T03:50:42:   ▲ Next.js 14.2.2
2026-05-08T03:50:42:   ▲ Next.js 14.2.2
2026-05-08T03:50:42:   ▲ Next.js 14.2.2
2026-05-08T03:50:42:   ▲ Next.js 14.2.2
2026-05-08T03:50:42:   - Local:        http://localhost:3000
2026-05-08T03:50:42: 
2026-05-08T03:50:42:  ✓ Starting...
2026-05-08T03:50:42:   - Local:        http://localhost:3000
2026-05-08T03:50:42: 
2026-05-08T03:50:42:  ✓ Starting...
2026-05-08T03:50:42:   - Local:        http://localhost:3000
2026-05-08T03:50:42: 
2026-05-08T03:50:42:  ✓ Starting...
2026-05-08T03:50:42:   - Local:        http://localhost:3000
2026-05-08T03:50:42: 
2026-05-08T03:50:42:  ✓ Starting...
2026-05-08T03:50:42:   - Local:        http://localhost:3000
2026-05-08T03:50:42: 
2026-05-08T03:50:42:  ✓ Starting...
2026-05-08T03:50:42:   - Local:        http://localhost:3000
2026-05-08T03:50:42: 
2026-05-08T03:50:42:  ✓ Starting...
2026-05-08T03:50:42:   - Local:        http://localhost:3000
2026-05-08T03:50:42: 
2026-05-08T03:50:42:  ✓ Starting...
2026-05-08T03:50:42:   - Local:        http://localhost:3000
2026-05-08T03:50:42: 
2026-05-08T03:50:42:  ✓ Starting...
2026-05-08T03:50:46:  ✓ Ready in 12.6s
2026-05-08T03:50:46:  ✓ Ready in 12.6s
2026-05-08T03:50:46:  ✓ Ready in 12.6s
2026-05-08T03:50:46:  ✓ Ready in 12.6s
2026-05-08T03:50:46:  ✓ Ready in 12.6s
2026-05-08T03:50:46:  ✓ Ready in 12.6s
2026-05-08T03:50:46:  ✓ Ready in 12.6s
2026-05-08T03:50:46:  ✓ Ready in 12.6s
2026-05-08T15:08:53:   ▲ Next.js 14.2.2
2026-05-08T15:08:53:   ▲ Next.js 14.2.2
2026-05-08T15:08:53:   ▲ Next.js 14.2.2
2026-05-08T15:08:53:   ▲ Next.js 14.2.2
2026-05-08T15:08:53:   ▲ Next.js 14.2.2
2026-05-08T15:08:53:   ▲ Next.js 14.2.2
2026-05-08T15:08:53:   ▲ Next.js 14.2.2
2026-05-08T15:08:53:   ▲ Next.js 14.2.2
2026-05-08T15:08:53:   - Local:        http://localhost:3000
2026-05-08T15:08:53: 
2026-05-08T15:08:53:  ✓ Starting...
2026-05-08T15:08:53:   - Local:        http://localhost:3000
2026-05-08T15:08:53: 
2026-05-08T15:08:53:  ✓ Starting...
2026-05-08T15:08:53:   - Local:        http://localhost:3000
2026-05-08T15:08:53: 
2026-05-08T15:08:53:  ✓ Starting...
2026-05-08T15:08:53:   - Local:        http://localhost:3000
2026-05-08T15:08:53: 
2026-05-08T15:08:53:  ✓ Starting...
2026-05-08T15:08:53:   - Local:        http://localhost:3000
2026-05-08T15:08:53: 
2026-05-08T15:08:53:  ✓ Starting...
2026-05-08T15:08:53:   - Local:        http://localhost:3000
2026-05-08T15:08:53: 
2026-05-08T15:08:53:  ✓ Starting...
2026-05-08T15:08:53:   - Local:        http://localhost:3000
2026-05-08T15:08:53: 
2026-05-08T15:08:53:  ✓ Starting...
2026-05-08T15:08:53:   - Local:        http://localhost:3000
2026-05-08T15:08:53: 
2026-05-08T15:08:53:  ✓ Starting...
2026-05-08T15:08:56:  ✓ Ready in 7.7s
2026-05-08T15:08:56:  ✓ Ready in 7.7s
2026-05-08T15:08:56:  ✓ Ready in 7.7s
2026-05-08T15:08:56:  ✓ Ready in 7.7s
2026-05-08T15:08:56:  ✓ Ready in 7.7s
2026-05-08T15:08:56:  ✓ Ready in 7.7s
2026-05-08T15:08:56:  ✓ Ready in 7.6s
2026-05-08T15:08:56:  ✓ Ready in 7.7s
2026-05-09T11:41:50:   ▲ Next.js 14.2.2
2026-05-09T11:41:50:   ▲ Next.js 14.2.2
2026-05-09T11:41:50:   ▲ Next.js 14.2.2
2026-05-09T11:41:50:   ▲ Next.js 14.2.2
2026-05-09T11:41:50:   ▲ Next.js 14.2.2
2026-05-09T11:41:50:   ▲ Next.js 14.2.2
2026-05-09T11:41:50:   ▲ Next.js 14.2.2
2026-05-09T11:41:50:   ▲ Next.js 14.2.2
2026-05-09T11:41:50:   - Local:        http://localhost:3000
2026-05-09T11:41:50:   - Local:        http://localhost:3000
2026-05-09T11:41:50:   - Local:        http://localhost:3000
2026-05-09T11:41:50: 
2026-05-09T11:41:50:   - Local:        http://localhost:3000
2026-05-09T11:41:50: 
2026-05-09T11:41:50: 
2026-05-09T11:41:50:  ✓ Starting...
2026-05-09T11:41:50: 
2026-05-09T11:41:50:  ✓ Starting...
2026-05-09T11:41:50:  ✓ Starting...
2026-05-09T11:41:50:  ✓ Starting...
2026-05-09T11:41:50:   - Local:        http://localhost:3000
2026-05-09T11:41:50: 
2026-05-09T11:41:50:  ✓ Starting...
2026-05-09T11:41:50:   - Local:        http://localhost:3000
2026-05-09T11:41:50: 
2026-05-09T11:41:50:  ✓ Starting...
2026-05-09T11:41:50:   - Local:        http://localhost:3000
2026-05-09T11:41:50: 
2026-05-09T11:41:50:  ✓ Starting...
2026-05-09T11:41:50:   - Local:        http://localhost:3000
2026-05-09T11:41:50: 
2026-05-09T11:41:50:  ✓ Starting...
2026-05-09T11:41:54:  ✓ Ready in 13.4s
2026-05-09T11:41:54:  ✓ Ready in 13.4s
2026-05-09T11:41:54:  ✓ Ready in 13.4s
2026-05-09T11:41:54:  ✓ Ready in 13.4s
2026-05-09T11:41:54:  ✓ Ready in 13.4s
2026-05-09T11:41:54:  ✓ Ready in 13.4s
2026-05-09T11:41:54:  ✓ Ready in 13.4s
2026-05-09T11:41:54:  ✓ Ready in 13.4s
2026-05-09T23:10:23:   ▲ Next.js 14.2.2
2026-05-09T23:10:23:   ▲ Next.js 14.2.2
2026-05-09T23:10:23:   ▲ Next.js 14.2.2
2026-05-09T23:10:23:   ▲ Next.js 14.2.2
2026-05-09T23:10:23:   ▲ Next.js 14.2.2
2026-05-09T23:10:23:   ▲ Next.js 14.2.2
2026-05-09T23:10:23:   ▲ Next.js 14.2.2
2026-05-09T23:10:23:   ▲ Next.js 14.2.2
2026-05-09T23:10:23:   - Local:        http://localhost:3000
2026-05-09T23:10:23: 
2026-05-09T23:10:23:  ✓ Starting...
2026-05-09T23:10:23:   - Local:        http://localhost:3000
2026-05-09T23:10:23: 
2026-05-09T23:10:23:  ✓ Starting...
2026-05-09T23:10:23:   - Local:        http://localhost:3000
2026-05-09T23:10:23: 
2026-05-09T23:10:23:  ✓ Starting...
2026-05-09T23:10:23:   - Local:        http://localhost:3000
2026-05-09T23:10:23: 
2026-05-09T23:10:23:  ✓ Starting...
2026-05-09T23:10:23:   - Local:        http://localhost:3000
2026-05-09T23:10:23: 
2026-05-09T23:10:23:  ✓ Starting...
2026-05-09T23:10:23:   - Local:        http://localhost:3000
2026-05-09T23:10:23: 
2026-05-09T23:10:23:  ✓ Starting...
2026-05-09T23:10:23:   - Local:        http://localhost:3000
2026-05-09T23:10:23: 
2026-05-09T23:10:23:  ✓ Starting...
2026-05-09T23:10:23:   - Local:        http://localhost:3000
2026-05-09T23:10:23: 
2026-05-09T23:10:23:  ✓ Starting...
2026-05-09T23:10:25:  ✓ Ready in 8.2s
2026-05-09T23:10:25:  ✓ Ready in 8.2s
2026-05-09T23:10:25:  ✓ Ready in 8.2s
2026-05-09T23:10:25:  ✓ Ready in 7.9s
2026-05-09T23:10:25:  ✓ Ready in 8.1s
2026-05-09T23:10:25:  ✓ Ready in 8.2s
2026-05-09T23:10:25:  ✓ Ready in 8s
2026-05-09T23:10:25:  ✓ Ready in 8.2s
2026-05-10T04:06:01:   ▲ Next.js 14.2.2
2026-05-10T04:06:01:   ▲ Next.js 14.2.2
2026-05-10T04:06:01:   ▲ Next.js 14.2.2
2026-05-10T04:06:01:   ▲ Next.js 14.2.2
2026-05-10T04:06:01:   ▲ Next.js 14.2.2
2026-05-10T04:06:01:   ▲ Next.js 14.2.2
2026-05-10T04:06:01:   ▲ Next.js 14.2.2
2026-05-10T04:06:01:   ▲ Next.js 14.2.2
2026-05-10T04:06:01:   - Local:        http://localhost:3000
2026-05-10T04:06:01: 
2026-05-10T04:06:01:  ✓ Starting...
2026-05-10T04:06:01:   - Local:        http://localhost:3000
2026-05-10T04:06:01: 
2026-05-10T04:06:01:  ✓ Starting...
2026-05-10T04:06:01:   - Local:        http://localhost:3000
2026-05-10T04:06:01: 
2026-05-10T04:06:01:  ✓ Starting...
2026-05-10T04:06:01:   - Local:        http://localhost:3000
2026-05-10T04:06:01: 
2026-05-10T04:06:01:  ✓ Starting...
2026-05-10T04:06:01:   - Local:        http://localhost:3000
2026-05-10T04:06:01: 
2026-05-10T04:06:01:  ✓ Starting...
2026-05-10T04:06:01:   - Local:        http://localhost:3000
2026-05-10T04:06:01: 
2026-05-10T04:06:01:  ✓ Starting...
2026-05-10T04:06:01:   - Local:        http://localhost:3000
2026-05-10T04:06:01: 
2026-05-10T04:06:01:  ✓ Starting...
2026-05-10T04:06:01:   - Local:        http://localhost:3000
2026-05-10T04:06:01: 
2026-05-10T04:06:01:  ✓ Starting...
2026-05-10T04:06:03:  ✓ Ready in 9.4s
2026-05-10T04:06:03:  ✓ Ready in 9.4s
2026-05-10T04:06:03:  ✓ Ready in 9.4s
2026-05-10T04:06:03:  ✓ Ready in 9.4s
2026-05-10T04:06:03:  ✓ Ready in 9.4s
2026-05-10T04:06:03:  ✓ Ready in 9.4s
2026-05-10T04:06:03:  ✓ Ready in 9.4s
2026-05-10T04:06:03:  ✓ Ready in 9.4s
2026-05-10T22:32:28:   ▲ Next.js 14.2.2
2026-05-10T22:32:28:   ▲ Next.js 14.2.2
2026-05-10T22:32:28:   ▲ Next.js 14.2.2
2026-05-10T22:32:28:   ▲ Next.js 14.2.2
2026-05-10T22:32:28:   ▲ Next.js 14.2.2
2026-05-10T22:32:28:   ▲ Next.js 14.2.2
2026-05-10T22:32:28:   ▲ Next.js 14.2.2
2026-05-10T22:32:28:   ▲ Next.js 14.2.2
2026-05-10T22:32:28:   - Local:        http://localhost:3000
2026-05-10T22:32:28: 
2026-05-10T22:32:28:  ✓ Starting...
2026-05-10T22:32:28:   - Local:        http://localhost:3000
2026-05-10T22:32:28: 
2026-05-10T22:32:28:  ✓ Starting...
2026-05-10T22:32:28:   - Local:        http://localhost:3000
2026-05-10T22:32:28: 
2026-05-10T22:32:28:  ✓ Starting...
2026-05-10T22:32:28:   - Local:        http://localhost:3000
2026-05-10T22:32:28: 
2026-05-10T22:32:28:  ✓ Starting...
2026-05-10T22:32:28:   - Local:        http://localhost:3000
2026-05-10T22:32:28: 
2026-05-10T22:32:28:  ✓ Starting...
2026-05-10T22:32:28:   - Local:        http://localhost:3000
2026-05-10T22:32:28: 
2026-05-10T22:32:28:  ✓ Starting...
2026-05-10T22:32:28:   - Local:        http://localhost:3000
2026-05-10T22:32:28: 
2026-05-10T22:32:28:  ✓ Starting...
2026-05-10T22:32:28:   - Local:        http://localhost:3000
2026-05-10T22:32:28: 
2026-05-10T22:32:28:  ✓ Starting...
2026-05-10T22:32:30:  ✓ Ready in 7.6s
2026-05-10T22:32:30:  ✓ Ready in 7.7s
2026-05-10T22:32:30:  ✓ Ready in 7.4s
2026-05-10T22:32:30:  ✓ Ready in 7.7s
2026-05-10T22:32:30:  ✓ Ready in 7.5s
2026-05-10T22:32:30:  ✓ Ready in 7.7s
2026-05-10T22:32:30:  ✓ Ready in 7.7s
2026-05-10T22:32:30:  ✓ Ready in 7.4s
2026-05-12T08:41:18:   ▲ Next.js 14.2.2
2026-05-12T08:41:18:   ▲ Next.js 14.2.2
2026-05-12T08:41:18:   ▲ Next.js 14.2.2
2026-05-12T08:41:18:   ▲ Next.js 14.2.2
2026-05-12T08:41:18:   ▲ Next.js 14.2.2
2026-05-12T08:41:18:   ▲ Next.js 14.2.2
2026-05-12T08:41:18:   ▲ Next.js 14.2.2
2026-05-12T08:41:18:   ▲ Next.js 14.2.2
2026-05-12T08:41:18:   - Local:        http://localhost:3000
2026-05-12T08:41:18: 
2026-05-12T08:41:18:  ✓ Starting...
2026-05-12T08:41:18:   - Local:        http://localhost:3000
2026-05-12T08:41:18: 
2026-05-12T08:41:18:  ✓ Starting...
2026-05-12T08:41:18:   - Local:        http://localhost:3000
2026-05-12T08:41:18: 
2026-05-12T08:41:18:  ✓ Starting...
2026-05-12T08:41:18:   - Local:        http://localhost:3000
2026-05-12T08:41:18: 
2026-05-12T08:41:18:  ✓ Starting...
2026-05-12T08:41:18:   - Local:        http://localhost:3000
2026-05-12T08:41:18:   - Local:        http://localhost:3000
2026-05-12T08:41:18: 
2026-05-12T08:41:18: 
2026-05-12T08:41:18:  ✓ Starting...
2026-05-12T08:41:18:   - Local:        http://localhost:3000
2026-05-12T08:41:18: 
2026-05-12T08:41:18:  ✓ Starting...
2026-05-12T08:41:18:  ✓ Starting...
2026-05-12T08:41:18:   - Local:        http://localhost:3000
2026-05-12T08:41:18: 
2026-05-12T08:41:18:  ✓ Starting...
2026-05-12T08:41:20:  ✓ Ready in 7.3s
2026-05-12T08:41:20:  ✓ Ready in 7.4s
2026-05-12T08:41:20:  ✓ Ready in 7.5s
2026-05-12T08:41:20:  ✓ Ready in 7.4s
2026-05-12T08:41:20:  ✓ Ready in 7.5s
2026-05-12T08:41:20:  ✓ Ready in 7.5s
2026-05-12T08:41:20:  ✓ Ready in 7.5s
2026-05-12T08:41:20:  ✓ Ready in 7.5s
2026-05-13T09:09:20:   ▲ Next.js 14.2.2
2026-05-13T09:09:20:   ▲ Next.js 14.2.2
2026-05-13T09:09:20:   ▲ Next.js 14.2.2
2026-05-13T09:09:20:   ▲ Next.js 14.2.2
2026-05-13T09:09:20:   ▲ Next.js 14.2.2
2026-05-13T09:09:20:   ▲ Next.js 14.2.2
2026-05-13T09:09:20:   ▲ Next.js 14.2.2
2026-05-13T09:09:20:   ▲ Next.js 14.2.2
2026-05-13T09:09:20:   - Local:        http://localhost:3000
2026-05-13T09:09:20: 
2026-05-13T09:09:20:  ✓ Starting...
2026-05-13T09:09:20:   - Local:        http://localhost:3000
2026-05-13T09:09:20: 
2026-05-13T09:09:20:  ✓ Starting...
2026-05-13T09:09:20:   - Local:        http://localhost:3000
2026-05-13T09:09:20: 
2026-05-13T09:09:20:  ✓ Starting...
2026-05-13T09:09:20:   - Local:        http://localhost:3000
2026-05-13T09:09:20: 
2026-05-13T09:09:20:  ✓ Starting...
2026-05-13T09:09:20:   - Local:        http://localhost:3000
2026-05-13T09:09:20: 
2026-05-13T09:09:20:   - Local:        http://localhost:3000
2026-05-13T09:09:20:  ✓ Starting...
2026-05-13T09:09:20: 
2026-05-13T09:09:20:  ✓ Starting...
2026-05-13T09:09:20:   - Local:        http://localhost:3000
2026-05-13T09:09:20: 
2026-05-13T09:09:20:  ✓ Starting...
2026-05-13T09:09:20:   - Local:        http://localhost:3000
2026-05-13T09:09:20: 
2026-05-13T09:09:20:  ✓ Starting...
2026-05-13T09:09:23:  ✓ Ready in 7.5s
2026-05-13T09:09:23:  ✓ Ready in 7.5s
2026-05-13T09:09:23:  ✓ Ready in 7.5s
2026-05-13T09:09:23:  ✓ Ready in 7.5s
2026-05-13T09:09:23:  ✓ Ready in 7.5s
2026-05-13T09:09:23:  ✓ Ready in 7.5s
2026-05-13T09:09:23:  ✓ Ready in 7.5s
2026-05-13T09:09:23:  ✓ Ready in 7.5s
2026-05-14T11:47:07:   ▲ Next.js 14.2.2
2026-05-14T11:47:07:   ▲ Next.js 14.2.2
2026-05-14T11:47:07:   ▲ Next.js 14.2.2
2026-05-14T11:47:07:   ▲ Next.js 14.2.2
2026-05-14T11:47:07:   ▲ Next.js 14.2.2
2026-05-14T11:47:07:   ▲ Next.js 14.2.2
2026-05-14T11:47:07:   ▲ Next.js 14.2.2
2026-05-14T11:47:07:   ▲ Next.js 14.2.2
2026-05-14T11:47:07:   - Local:        http://localhost:3000
2026-05-14T11:47:07:   - Local:        http://localhost:3000
2026-05-14T11:47:07:   - Local:        http://localhost:3000
2026-05-14T11:47:07:   - Local:        http://localhost:3000
2026-05-14T11:47:07: 
2026-05-14T11:47:07: 
2026-05-14T11:47:07: 
2026-05-14T11:47:07:   - Local:        http://localhost:3000
2026-05-14T11:47:07: 
2026-05-14T11:47:07:   - Local:        http://localhost:3000
2026-05-14T11:47:07:   - Local:        http://localhost:3000
2026-05-14T11:47:07:   - Local:        http://localhost:3000
2026-05-14T11:47:07:  ✓ Starting...
2026-05-14T11:47:07:  ✓ Starting...
2026-05-14T11:47:07:  ✓ Starting...
2026-05-14T11:47:07: 
2026-05-14T11:47:07:  ✓ Starting...
2026-05-14T11:47:07: 
2026-05-14T11:47:07: 
2026-05-14T11:47:07: 
2026-05-14T11:47:07:  ✓ Starting...
2026-05-14T11:47:07:  ✓ Starting...
2026-05-14T11:47:07:  ✓ Starting...
2026-05-14T11:47:07:  ✓ Starting...
2026-05-14T11:47:09:  ✓ Ready in 4.2s
2026-05-14T11:47:09:  ✓ Ready in 4.3s
2026-05-14T11:47:09:  ✓ Ready in 4.3s
2026-05-14T11:47:09:  ✓ Ready in 4.3s
2026-05-14T11:47:09:  ✓ Ready in 4.3s
2026-05-14T11:47:09:  ✓ Ready in 4.3s
2026-05-14T11:47:09:  ✓ Ready in 4.3s
2026-05-14T11:47:09:  ✓ Ready in 4.3s
2026-05-15T11:40:56:   ▲ Next.js 14.2.2
2026-05-15T11:40:56:   ▲ Next.js 14.2.2
2026-05-15T11:40:56:   ▲ Next.js 14.2.2
2026-05-15T11:40:56:   ▲ Next.js 14.2.2
2026-05-15T11:40:56:   ▲ Next.js 14.2.2
2026-05-15T11:40:56:   ▲ Next.js 14.2.2
2026-05-15T11:40:56:   ▲ Next.js 14.2.2
2026-05-15T11:40:56:   ▲ Next.js 14.2.2
2026-05-15T11:40:56:   - Local:        http://localhost:3000
2026-05-15T11:40:56:   - Local:        http://localhost:3000
2026-05-15T11:40:56: 
2026-05-15T11:40:56: 
2026-05-15T11:40:56:  ✓ Starting...
2026-05-15T11:40:56:  ✓ Starting...
2026-05-15T11:40:56:   - Local:        http://localhost:3000
2026-05-15T11:40:56: 
2026-05-15T11:40:56:  ✓ Starting...
2026-05-15T11:40:56:   - Local:        http://localhost:3000
2026-05-15T11:40:56: 
2026-05-15T11:40:56:  ✓ Starting...
2026-05-15T11:40:56:   - Local:        http://localhost:3000
2026-05-15T11:40:56: 
2026-05-15T11:40:56:  ✓ Starting...
2026-05-15T11:40:56:   - Local:        http://localhost:3000
2026-05-15T11:40:56: 
2026-05-15T11:40:56:  ✓ Starting...
2026-05-15T11:40:56:   - Local:        http://localhost:3000
2026-05-15T11:40:56: 
2026-05-15T11:40:56:  ✓ Starting...
2026-05-15T11:40:56:   - Local:        http://localhost:3000
2026-05-15T11:40:56: 
2026-05-15T11:40:56:  ✓ Starting...
2026-05-15T11:41:00:  ✓ Ready in 13.1s
2026-05-15T11:41:00:  ✓ Ready in 13.1s
2026-05-15T11:41:00:  ✓ Ready in 13.1s
2026-05-15T11:41:00:  ✓ Ready in 13.1s
2026-05-15T11:41:00:  ✓ Ready in 13.1s
2026-05-15T11:41:00:  ✓ Ready in 13.1s
2026-05-15T11:41:00:  ✓ Ready in 13.1s
2026-05-15T11:41:00:  ✓ Ready in 13.1s
2026-05-15T14:59:53:   ▲ Next.js 14.2.2
2026-05-15T14:59:54:   ▲ Next.js 14.2.2
2026-05-15T14:59:54:   ▲ Next.js 14.2.2
2026-05-15T14:59:53:   - Local:        http://localhost:3000
2026-05-15T14:59:53: 
2026-05-15T14:59:53:  ✓ Starting...
2026-05-15T14:59:54:   - Local:        http://localhost:3000
2026-05-15T14:59:54: 
2026-05-15T14:59:54:  ✓ Starting...
2026-05-15T14:59:54:   ▲ Next.js 14.2.2
2026-05-15T14:59:54:   - Local:        http://localhost:3000
2026-05-15T14:59:54: 
2026-05-15T14:59:54:  ✓ Starting...
2026-05-15T14:59:54:  ✓ Ready in 1042ms
2026-05-15T14:59:54:   ▲ Next.js 14.2.2
2026-05-15T14:59:54:  ✓ Ready in 990ms
2026-05-15T14:59:54:   - Local:        http://localhost:3000
2026-05-15T14:59:54: 
2026-05-15T14:59:54:  ✓ Starting...
2026-05-15T14:59:54:  ✓ Ready in 980ms
2026-05-15T14:59:54:   ▲ Next.js 14.2.2
2026-05-15T14:59:54:   - Local:        http://localhost:3000
2026-05-15T14:59:54: 
2026-05-15T14:59:54:  ✓ Starting...
2026-05-15T14:59:54:   ▲ Next.js 14.2.2
2026-05-15T14:59:54:  ✓ Ready in 952ms
2026-05-15T14:59:54:   - Local:        http://localhost:3000
2026-05-15T14:59:54: 
2026-05-15T14:59:54:  ✓ Starting...
2026-05-15T14:59:54:   ▲ Next.js 14.2.2
2026-05-15T14:59:54:  ✓ Ready in 960ms
2026-05-15T14:59:54:   - Local:        http://localhost:3000
2026-05-15T14:59:54: 
2026-05-15T14:59:54:  ✓ Starting...
2026-05-15T14:59:54:  ✓ Ready in 830ms
2026-05-15T14:59:54:   - Local:        http://localhost:3000
2026-05-15T14:59:54: 
2026-05-15T14:59:54:  ✓ Starting...
2026-05-15T14:59:55:  ✓ Ready in 730ms
2026-05-15T14:59:55:  ✓ Ready in 631ms
2026-05-16T10:11:54:   ▲ Next.js 14.2.2
2026-05-16T10:11:54:   ▲ Next.js 14.2.2
2026-05-16T10:11:54:   ▲ Next.js 14.2.2
2026-05-16T10:11:54:   ▲ Next.js 14.2.2
2026-05-16T10:11:54:   ▲ Next.js 14.2.2
2026-05-16T10:11:54:   ▲ Next.js 14.2.2
2026-05-16T10:11:54:   ▲ Next.js 14.2.2
2026-05-16T10:11:54:   ▲ Next.js 14.2.2
2026-05-16T10:11:54:   - Local:        http://localhost:3000
2026-05-16T10:11:54: 
2026-05-16T10:11:54:  ✓ Starting...
2026-05-16T10:11:54:   - Local:        http://localhost:3000
2026-05-16T10:11:54: 
2026-05-16T10:11:54:  ✓ Starting...
2026-05-16T10:11:54:   - Local:        http://localhost:3000
2026-05-16T10:11:54: 
2026-05-16T10:11:54:  ✓ Starting...
2026-05-16T10:11:54:   - Local:        http://localhost:3000
2026-05-16T10:11:54: 
2026-05-16T10:11:54:  ✓ Starting...
2026-05-16T10:11:54:   - Local:        http://localhost:3000
2026-05-16T10:11:54: 
2026-05-16T10:11:54:  ✓ Starting...
2026-05-16T10:11:54:   - Local:        http://localhost:3000
2026-05-16T10:11:54: 
2026-05-16T10:11:54:  ✓ Starting...
2026-05-16T10:11:54:   - Local:        http://localhost:3000
2026-05-16T10:11:54: 
2026-05-16T10:11:54:  ✓ Starting...
2026-05-16T10:11:54:   - Local:        http://localhost:3000
2026-05-16T10:11:54: 
2026-05-16T10:11:54:  ✓ Starting...
2026-05-16T10:11:57:  ✓ Ready in 8.2s
2026-05-16T10:11:57:  ✓ Ready in 8s
2026-05-16T10:11:57:  ✓ Ready in 8.2s
2026-05-16T10:11:57:  ✓ Ready in 8.1s
2026-05-16T10:11:57:  ✓ Ready in 8.2s
2026-05-16T10:11:57:  ✓ Ready in 8.2s
2026-05-16T10:11:57:  ✓ Ready in 8.2s
2026-05-16T10:11:57:  ✓ Ready in 8.2s
2026-05-17T15:28:23:   ▲ Next.js 14.2.2
2026-05-17T15:28:23:   ▲ Next.js 14.2.2
2026-05-17T15:28:23:   ▲ Next.js 14.2.2
2026-05-17T15:28:23:   ▲ Next.js 14.2.2
2026-05-17T15:28:23:   ▲ Next.js 14.2.2
2026-05-17T15:28:23:   ▲ Next.js 14.2.2
2026-05-17T15:28:23:   ▲ Next.js 14.2.2
2026-05-17T15:28:23:   ▲ Next.js 14.2.2
2026-05-17T15:28:23:   - Local:        http://localhost:3000
2026-05-17T15:28:23: 
2026-05-17T15:28:23:  ✓ Starting...
2026-05-17T15:28:23:   - Local:        http://localhost:3000
2026-05-17T15:28:23: 
2026-05-17T15:28:23:  ✓ Starting...
2026-05-17T15:28:23:   - Local:        http://localhost:3000
2026-05-17T15:28:23: 
2026-05-17T15:28:23:  ✓ Starting...
2026-05-17T15:28:23:   - Local:        http://localhost:3000
2026-05-17T15:28:23: 
2026-05-17T15:28:23:  ✓ Starting...
2026-05-17T15:28:23:   - Local:        http://localhost:3000
2026-05-17T15:28:23: 
2026-05-17T15:28:23:  ✓ Starting...
2026-05-17T15:28:23:   - Local:        http://localhost:3000
2026-05-17T15:28:23: 
2026-05-17T15:28:23:  ✓ Starting...
2026-05-17T15:28:23:   - Local:        http://localhost:3000
2026-05-17T15:28:23: 
2026-05-17T15:28:23:  ✓ Starting...
2026-05-17T15:28:23:   - Local:        http://localhost:3000
2026-05-17T15:28:23: 
2026-05-17T15:28:23:  ✓ Starting...
2026-05-17T15:28:25:  ✓ Ready in 8s
2026-05-17T15:28:25:  ✓ Ready in 8s
2026-05-17T15:28:25:  ✓ Ready in 8s
2026-05-17T15:28:25:  ✓ Ready in 8s
2026-05-17T15:28:25:  ✓ Ready in 8s
2026-05-17T15:28:25:  ✓ Ready in 8s
2026-05-17T15:28:25:  ✓ Ready in 8s
2026-05-17T15:28:25:  ✓ Ready in 8s
2026-05-18T07:40:53:   ▲ Next.js 14.2.2
2026-05-18T07:40:53:   ▲ Next.js 14.2.2
2026-05-18T07:40:53:   ▲ Next.js 14.2.2
2026-05-18T07:40:53:   ▲ Next.js 14.2.2
2026-05-18T07:40:53:   ▲ Next.js 14.2.2
2026-05-18T07:40:53:   ▲ Next.js 14.2.2
2026-05-18T07:40:53:   ▲ Next.js 14.2.2
2026-05-18T07:40:53:   ▲ Next.js 14.2.2
2026-05-18T07:40:53:   - Local:        http://localhost:3000
2026-05-18T07:40:53: 
2026-05-18T07:40:53:  ✓ Starting...
2026-05-18T07:40:53:   - Local:        http://localhost:3000
2026-05-18T07:40:53: 
2026-05-18T07:40:53:  ✓ Starting...
2026-05-18T07:40:53:   - Local:        http://localhost:3000
2026-05-18T07:40:53: 
2026-05-18T07:40:53:  ✓ Starting...
2026-05-18T07:40:53:   - Local:        http://localhost:3000
2026-05-18T07:40:53: 
2026-05-18T07:40:53:  ✓ Starting...
2026-05-18T07:40:53:   - Local:        http://localhost:3000
2026-05-18T07:40:53: 
2026-05-18T07:40:53:  ✓ Starting...
2026-05-18T07:40:53:   - Local:        http://localhost:3000
2026-05-18T07:40:53: 
2026-05-18T07:40:53:  ✓ Starting...
2026-05-18T07:40:53:   - Local:        http://localhost:3000
2026-05-18T07:40:53: 
2026-05-18T07:40:53:  ✓ Starting...
2026-05-18T07:40:53:   - Local:        http://localhost:3000
2026-05-18T07:40:53: 
2026-05-18T07:40:53:  ✓ Starting...
2026-05-18T07:40:55:  ✓ Ready in 5.5s
2026-05-18T07:40:55:  ✓ Ready in 5.3s
2026-05-18T07:40:55:  ✓ Ready in 5.5s
2026-05-18T07:40:55:  ✓ Ready in 5.5s
2026-05-18T07:40:55:  ✓ Ready in 5.5s
2026-05-18T07:40:55:  ✓ Ready in 5.5s
2026-05-18T07:40:55:  ✓ Ready in 5.4s
2026-05-18T07:40:55:  ✓ Ready in 5.3s
2026-05-18T20:18:35:   ▲ Next.js 14.2.2
2026-05-18T20:18:35:   ▲ Next.js 14.2.2
2026-05-18T20:18:35:   - Local:        http://localhost:3000
2026-05-18T20:18:35: 
2026-05-18T20:18:35:  ✓ Starting...
2026-05-18T20:18:35:   ▲ Next.js 14.2.2
2026-05-18T20:18:35:   - Local:        http://localhost:3000
2026-05-18T20:18:35: 
2026-05-18T20:18:35:  ✓ Starting...
2026-05-18T20:18:35:   ▲ Next.js 14.2.2
2026-05-18T20:18:35:  ✓ Ready in 966ms
2026-05-18T20:18:35:   - Local:        http://localhost:3000
2026-05-18T20:18:35: 
2026-05-18T20:18:35:  ✓ Starting...
2026-05-18T20:18:35:   ▲ Next.js 14.2.2
2026-05-18T20:18:36:  ✓ Ready in 978ms
2026-05-18T20:18:35:   - Local:        http://localhost:3000
2026-05-18T20:18:35: 
2026-05-18T20:18:35:  ✓ Starting...
2026-05-18T20:18:36:   ▲ Next.js 14.2.2
2026-05-18T20:18:36:  ✓ Ready in 954ms
2026-05-18T20:18:35:   - Local:        http://localhost:3000
2026-05-18T20:18:35: 
2026-05-18T20:18:35:  ✓ Starting...
2026-05-18T20:18:36:  ✓ Ready in 936ms
2026-05-18T20:18:36:   ▲ Next.js 14.2.2
2026-05-18T20:18:36:   - Local:        http://localhost:3000
2026-05-18T20:18:36: 
2026-05-18T20:18:36:  ✓ Starting...
2026-05-18T20:18:36:   ▲ Next.js 14.2.2
2026-05-18T20:18:36:  ✓ Ready in 905ms
2026-05-18T20:18:36:   - Local:        http://localhost:3000
2026-05-18T20:18:36: 
2026-05-18T20:18:36:  ✓ Starting...
2026-05-18T20:18:36:  ✓ Ready in 836ms
2026-05-18T20:18:36:   - Local:        http://localhost:3000
2026-05-18T20:18:36: 
2026-05-18T20:18:36:  ✓ Starting...
2026-05-18T20:18:36:  ✓ Ready in 711ms
2026-05-18T20:18:36:  ✓ Ready in 664ms
2026-05-19T09:48:59:   ▲ Next.js 14.2.2
2026-05-19T09:48:59:   ▲ Next.js 14.2.2
2026-05-19T09:48:59:   ▲ Next.js 14.2.2
2026-05-19T09:48:59:   - Local:        http://localhost:3000
2026-05-19T09:48:59: 
2026-05-19T09:48:59:  ✓ Starting...
2026-05-19T09:48:59:   - Local:        http://localhost:3000
2026-05-19T09:48:59: 
2026-05-19T09:48:59:  ✓ Starting...
2026-05-19T09:48:59:   ▲ Next.js 14.2.2
2026-05-19T09:48:59: Error: Could not find a production build in the '.next' directory. Try building your app with 'next build' before starting the production server. https://nextjs.org/docs/messages/production-start-no-build-id
    at setupFsCheck (D:\project\web\admin-panel\node_modules\next\src\server\lib\router-utils\filesystem.ts:157:13)
    at initialize (D:\project\web\admin-panel\node_modules\next\src\server\lib\router-server.ts:93:21)
    at Server.<anonymous> (D:\project\web\admin-panel\node_modules\next\src\server\lib\start-server.ts:293:28)
2026-05-19T09:48:59: Error: Could not find a production build in the '.next' directory. Try building your app with 'next build' before starting the production server. https://nextjs.org/docs/messages/production-start-no-build-id
    at setupFsCheck (D:\project\web\admin-panel\node_modules\next\src\server\lib\router-utils\filesystem.ts:157:13)
    at initialize (D:\project\web\admin-panel\node_modules\next\src\server\lib\router-server.ts:93:21)
    at Server.<anonymous> (D:\project\web\admin-panel\node_modules\next\src\server\lib\start-server.ts:293:28)
2026-05-19T09:48:59:   ▲ Next.js 14.2.2
2026-05-19T09:48:59:   - Local:        http://localhost:3000
2026-05-19T09:48:59: 
2026-05-19T09:48:59:  ✓ Starting...
2026-05-19T09:48:59:   - Local:        http://localhost:3000
2026-05-19T09:48:59: 
2026-05-19T09:48:59:  ✓ Starting...
2026-05-19T09:49:00: Error: Could not find a production build in the '.next' directory. Try building your app with 'next build' before starting the production server. https://nextjs.org/docs/messages/production-start-no-build-id
    at setupFsCheck (D:\project\web\admin-panel\node_modules\next\src\server\lib\router-utils\filesystem.ts:157:13)
    at initialize (D:\project\web\admin-panel\node_modules\next\src\server\lib\router-server.ts:93:21)
    at Server.<anonymous> (D:\project\web\admin-panel\node_modules\next\src\server\lib\start-server.ts:293:28)
2026-05-19T09:49:00:   ▲ Next.js 14.2.2
2026-05-19T09:49:00: Error: Could not find a production build in the '.next' directory. Try building your app with 'next build' before starting the production server. https://nextjs.org/docs/messages/production-start-no-build-id
    at setupFsCheck (D:\project\web\admin-panel\node_modules\next\src\server\lib\router-utils\filesystem.ts:157:13)
    at initialize (D:\project\web\admin-panel\node_modules\next\src\server\lib\router-server.ts:93:21)
    at Server.<anonymous> (D:\project\web\admin-panel\node_modules\next\src\server\lib\start-server.ts:293:28)
2026-05-19T09:49:00:   ▲ Next.js 14.2.2
2026-05-19T09:48:59:   - Local:        http://localhost:3000
2026-05-19T09:48:59: 
2026-05-19T09:48:59:  ✓ Starting...
2026-05-19T09:49:00: Error: Could not find a production build in the '.next' directory. Try building your app with 'next build' before starting the production server. https://nextjs.org/docs/messages/production-start-no-build-id
    at setupFsCheck (D:\project\web\admin-panel\node_modules\next\src\server\lib\router-utils\filesystem.ts:157:13)
    at initialize (D:\project\web\admin-panel\node_modules\next\src\server\lib\router-server.ts:93:21)
    at Server.<anonymous> (D:\project\web\admin-panel\node_modules\next\src\server\lib\start-server.ts:293:28)
2026-05-19T09:49:00:   - Local:        http://localhost:3000
2026-05-19T09:49:00: 
2026-05-19T09:49:00:  ✓ Starting...
2026-05-19T09:49:00: Error: Could not find a production build in the '.next' directory. Try building your app with 'next build' before starting the production server. https://nextjs.org/docs/messages/production-start-no-build-id
    at setupFsCheck (D:\project\web\admin-panel\node_modules\next\src\server\lib\router-utils\filesystem.ts:157:13)
    at initialize (D:\project\web\admin-panel\node_modules\next\src\server\lib\router-server.ts:93:21)
    at Server.<anonymous> (D:\project\web\admin-panel\node_modules\next\src\server\lib\start-server.ts:293:28)
2026-05-19T09:49:00:   ▲ Next.js 14.2.2
2026-05-19T09:49:00:   - Local:        http://localhost:3000
2026-05-19T09:49:00: 
2026-05-19T09:49:00:  ✓ Starting...
2026-05-19T09:49:00: Error: Could not find a production build in the '.next' directory. Try building your app with 'next build' before starting the production server. https://nextjs.org/docs/messages/production-start-no-build-id
    at setupFsCheck (D:\project\web\admin-panel\node_modules\next\src\server\lib\router-utils\filesystem.ts:157:13)
    at initialize (D:\project\web\admin-panel\node_modules\next\src\server\lib\router-server.ts:93:21)
    at Server.<anonymous> (D:\project\web\admin-panel\node_modules\next\src\server\lib\start-server.ts:293:28)
2026-05-19T09:49:00:   - Local:        http://localhost:3000
2026-05-19T09:49:00: 
2026-05-19T09:49:00:  ✓ Starting...
2026-05-19T09:49:00: Error: Could not find a production build in the '.next' directory. Try building your app with 'next build' before starting the production server. https://nextjs.org/docs/messages/production-start-no-build-id
    at setupFsCheck (D:\project\web\admin-panel\node_modules\next\src\server\lib\router-utils\filesystem.ts:157:13)
    at initialize (D:\project\web\admin-panel\node_modules\next\src\server\lib\router-server.ts:93:21)
    at Server.<anonymous> (D:\project\web\admin-panel\node_modules\next\src\server\lib\start-server.ts:293:28)
2026-05-19T09:49:01:   ▲ Next.js 14.2.2
2026-05-19T09:49:01:   ▲ Next.js 14.2.2
2026-05-19T09:49:01:   ▲ Next.js 14.2.2
2026-05-19T09:49:01:   - Local:        http://localhost:3000
2026-05-19T09:49:01: 
2026-05-19T09:49:01:  ✓ Starting...
2026-05-19T09:49:01:   - Local:        http://localhost:3000
2026-05-19T09:49:01: 
2026-05-19T09:49:01:  ✓ Starting...
2026-05-19T09:49:01:   ▲ Next.js 14.2.2
2026-05-19T09:49:01: Error: Could not find a production build in the '.next' directory. Try building your app with 'next build' before starting the production server. https://nextjs.org/docs/messages/production-start-no-build-id
    at setupFsCheck (D:\project\web\admin-panel\node_modules\next\src\server\lib\router-utils\filesystem.ts:157:13)
    at initialize (D:\project\web\admin-panel\node_modules\next\src\server\lib\router-server.ts:93:21)
    at Server.<anonymous> (D:\project\web\admin-panel\node_modules\next\src\server\lib\start-server.ts:293:28)
2026-05-19T09:49:01:   - Local:        http://localhost:3000
2026-05-19T09:49:01: 
2026-05-19T09:49:01:  ✓ Starting...
2026-05-19T09:49:01:   ▲ Next.js 14.2.2
2026-05-19T09:49:01: Error: Could not find a production build in the '.next' directory. Try building your app with 'next build' before starting the production server. https://nextjs.org/docs/messages/production-start-no-build-id
    at setupFsCheck (D:\project\web\admin-panel\node_modules\next\src\server\lib\router-utils\filesystem.ts:157:13)
    at initialize (D:\project\web\admin-panel\node_modules\next\src\server\lib\router-server.ts:93:21)
    at Server.<anonymous> (D:\project\web\admin-panel\node_modules\next\src\server\lib\start-server.ts:293:28)
2026-05-19T09:49:01:   ▲ Next.js 14.2.2
2026-05-19T09:49:01: Error: Could not find a production build in the '.next' directory. Try building your app with 'next build' before starting the production server. https://nextjs.org/docs/messages/production-start-no-build-id
    at setupFsCheck (D:\project\web\admin-panel\node_modules\next\src\server\lib\router-utils\filesystem.ts:157:13)
    at initialize (D:\project\web\admin-panel\node_modules\next\src\server\lib\router-server.ts:93:21)
    at Server.<anonymous> (D:\project\web\admin-panel\node_modules\next\src\server\lib\start-server.ts:293:28)
2026-05-19T09:49:01:   - Local:        http://localhost:3000
2026-05-19T09:49:01: 
2026-05-19T09:49:01:  ✓ Starting...
2026-05-19T09:49:01:   - Local:        http://localhost:3000
2026-05-19T09:49:01: 
2026-05-19T09:49:01:  ✓ Starting...
2026-05-19T09:49:02: Error: Could not find a production build in the '.next' directory. Try building your app with 'next build' before starting the production server. https://nextjs.org/docs/messages/production-start-no-build-id
    at setupFsCheck (D:\project\web\admin-panel\node_modules\next\src\server\lib\router-utils\filesystem.ts:157:13)
    at initialize (D:\project\web\admin-panel\node_modules\next\src\server\lib\router-server.ts:93:21)
    at Server.<anonymous> (D:\project\web\admin-panel\node_modules\next\src\server\lib\start-server.ts:293:28)
2026-05-19T09:49:02: Error: Could not find a production build in the '.next' directory. Try building your app with 'next build' before starting the production server. https://nextjs.org/docs/messages/production-start-no-build-id
    at setupFsCheck (D:\project\web\admin-panel\node_modules\next\src\server\lib\router-utils\filesystem.ts:157:13)
    at initialize (D:\project\web\admin-panel\node_modules\next\src\server\lib\router-server.ts:93:21)
    at Server.<anonymous> (D:\project\web\admin-panel\node_modules\next\src\server\lib\start-server.ts:293:28)
2026-05-19T09:49:02:   ▲ Next.js 14.2.2
2026-05-19T09:49:01:   - Local:        http://localhost:3000
2026-05-19T09:49:01: 
2026-05-19T09:49:01:  ✓ Starting...
2026-05-19T09:49:02: Error: Could not find a production build in the '.next' directory. Try building your app with 'next build' before starting the production server. https://nextjs.org/docs/messages/production-start-no-build-id
    at setupFsCheck (D:\project\web\admin-panel\node_modules\next\src\server\lib\router-utils\filesystem.ts:157:13)
    at initialize (D:\project\web\admin-panel\node_modules\next\src\server\lib\router-server.ts:93:21)
    at Server.<anonymous> (D:\project\web\admin-panel\node_modules\next\src\server\lib\start-server.ts:293:28)
2026-05-19T09:49:02:   - Local:        http://localhost:3000
2026-05-19T09:49:02: 
2026-05-19T09:49:02:  ✓ Starting...
2026-05-19T09:49:02: Error: Could not find a production build in the '.next' directory. Try building your app with 'next build' before starting the production server. https://nextjs.org/docs/messages/production-start-no-build-id
    at setupFsCheck (D:\project\web\admin-panel\node_modules\next\src\server\lib\router-utils\filesystem.ts:157:13)
    at initialize (D:\project\web\admin-panel\node_modules\next\src\server\lib\router-server.ts:93:21)
    at Server.<anonymous> (D:\project\web\admin-panel\node_modules\next\src\server\lib\start-server.ts:293:28)
2026-05-19T09:49:02:   ▲ Next.js 14.2.2
2026-05-19T09:49:02:   - Local:        http://localhost:3000
2026-05-19T09:49:02: 
2026-05-19T09:49:02:  ✓ Starting...
2026-05-19T09:49:03: Error: Could not find a production build in the '.next' directory. Try building your app with 'next build' before starting the production server. https://nextjs.org/docs/messages/production-start-no-build-id
    at setupFsCheck (D:\project\web\admin-panel\node_modules\next\src\server\lib\router-utils\filesystem.ts:157:13)
    at initialize (D:\project\web\admin-panel\node_modules\next\src\server\lib\router-server.ts:93:21)
    at Server.<anonymous> (D:\project\web\admin-panel\node_modules\next\src\server\lib\start-server.ts:293:28)
2026-05-19T09:49:03:   ▲ Next.js 14.2.2
2026-05-19T09:49:03:   ▲ Next.js 14.2.2
2026-05-19T09:49:03:   - Local:        http://localhost:3000
2026-05-19T09:49:03: 
2026-05-19T09:49:03:  ✓ Starting...
2026-05-19T09:49:04:   ▲ Next.js 14.2.2
2026-05-19T09:49:04: Error: Could not find a production build in the '.next' directory. Try building your app with 'next build' before starting the production server. https://nextjs.org/docs/messages/production-start-no-build-id
    at setupFsCheck (D:\project\web\admin-panel\node_modules\next\src\server\lib\router-utils\filesystem.ts:157:13)
    at initialize (D:\project\web\admin-panel\node_modules\next\src\server\lib\router-server.ts:93:21)
    at Server.<anonymous> (D:\project\web\admin-panel\node_modules\next\src\server\lib\start-server.ts:293:28)
2026-05-19T09:49:04:   ▲ Next.js 14.2.2
2026-05-19T09:49:04:   ▲ Next.js 14.2.2
2026-05-19T09:49:03:   - Local:        http://localhost:3000
2026-05-19T09:49:03: 
2026-05-19T09:49:03:  ✓ Starting...
2026-05-19T09:49:04: Error: Could not find a production build in the '.next' directory. Try building your app with 'next build' before starting the production server. https://nextjs.org/docs/messages/production-start-no-build-id
    at setupFsCheck (D:\project\web\admin-panel\node_modules\next\src\server\lib\router-utils\filesystem.ts:157:13)
    at initialize (D:\project\web\admin-panel\node_modules\next\src\server\lib\router-server.ts:93:21)
    at Server.<anonymous> (D:\project\web\admin-panel\node_modules\next\src\server\lib\start-server.ts:293:28)
2026-05-19T09:49:04:   - Local:        http://localhost:3000
2026-05-19T09:49:04: 
2026-05-19T09:49:04:  ✓ Starting...
2026-05-19T09:49:04:   ▲ Next.js 14.2.2
2026-05-19T09:49:04:   - Local:        http://localhost:3000
2026-05-19T09:49:04: 
2026-05-19T09:49:04:  ✓ Starting...
2026-05-19T09:49:04: Error: Could not find a production build in the '.next' directory. Try building your app with 'next build' before starting the production server. https://nextjs.org/docs/messages/production-start-no-build-id
    at setupFsCheck (D:\project\web\admin-panel\node_modules\next\src\server\lib\router-utils\filesystem.ts:157:13)
    at initialize (D:\project\web\admin-panel\node_modules\next\src\server\lib\router-server.ts:93:21)
    at Server.<anonymous> (D:\project\web\admin-panel\node_modules\next\src\server\lib\start-server.ts:293:28)
2026-05-19T09:49:04: Error: Could not find a production build in the '.next' directory. Try building your app with 'next build' before starting the production server. https://nextjs.org/docs/messages/production-start-no-build-id
    at setupFsCheck (D:\project\web\admin-panel\node_modules\next\src\server\lib\router-utils\filesystem.ts:157:13)
    at initialize (D:\project\web\admin-panel\node_modules\next\src\server\lib\router-server.ts:93:21)
    at Server.<anonymous> (D:\project\web\admin-panel\node_modules\next\src\server\lib\start-server.ts:293:28)
2026-05-19T09:49:04:   - Local:        http://localhost:3000
2026-05-19T09:49:04: 
2026-05-19T09:49:04:  ✓ Starting...
2026-05-19T09:49:04:   ▲ Next.js 14.2.2
2026-05-19T09:49:04: Error: Could not find a production build in the '.next' directory. Try building your app with 'next build' before starting the production server. https://nextjs.org/docs/messages/production-start-no-build-id
    at setupFsCheck (D:\project\web\admin-panel\node_modules\next\src\server\lib\router-utils\filesystem.ts:157:13)
    at initialize (D:\project\web\admin-panel\node_modules\next\src\server\lib\router-server.ts:93:21)
    at Server.<anonymous> (D:\project\web\admin-panel\node_modules\next\src\server\lib\start-server.ts:293:28)
2026-05-19T09:49:04:   - Local:        http://localhost:3000
2026-05-19T09:49:04: 
2026-05-19T09:49:04:  ✓ Starting...
2026-05-19T09:49:04: Error: Could not find a production build in the '.next' directory. Try building your app with 'next build' before starting the production server. https://nextjs.org/docs/messages/production-start-no-build-id
    at setupFsCheck (D:\project\web\admin-panel\node_modules\next\src\server\lib\router-utils\filesystem.ts:157:13)
    at initialize (D:\project\web\admin-panel\node_modules\next\src\server\lib\router-server.ts:93:21)
    at Server.<anonymous> (D:\project\web\admin-panel\node_modules\next\src\server\lib\start-server.ts:293:28)
2026-05-19T09:49:04:   - Local:        http://localhost:3000
2026-05-19T09:49:04: 
2026-05-19T09:49:04:  ✓ Starting...
2026-05-19T09:49:04: Error: Could not find a production build in the '.next' directory. Try building your app with 'next build' before starting the production server. https://nextjs.org/docs/messages/production-start-no-build-id
    at setupFsCheck (D:\project\web\admin-panel\node_modules\next\src\server\lib\router-utils\filesystem.ts:157:13)
    at initialize (D:\project\web\admin-panel\node_modules\next\src\server\lib\router-server.ts:93:21)
    at Server.<anonymous> (D:\project\web\admin-panel\node_modules\next\src\server\lib\start-server.ts:293:28)
2026-05-19T09:49:05:   ▲ Next.js 14.2.2
2026-05-19T09:49:05:   - Local:        http://localhost:3000
2026-05-19T09:49:05: 
2026-05-19T09:49:05:  ✓ Starting...
2026-05-19T09:49:05:   ▲ Next.js 14.2.2
2026-05-19T09:49:05: Error: Could not find a production build in the '.next' directory. Try building your app with 'next build' before starting the production server. https://nextjs.org/docs/messages/production-start-no-build-id
    at setupFsCheck (D:\project\web\admin-panel\node_modules\next\src\server\lib\router-utils\filesystem.ts:157:13)
    at initialize (D:\project\web\admin-panel\node_modules\next\src\server\lib\router-server.ts:93:21)
    at Server.<anonymous> (D:\project\web\admin-panel\node_modules\next\src\server\lib\start-server.ts:293:28)
2026-05-19T09:49:05:   ▲ Next.js 14.2.2
2026-05-19T09:49:05:   - Local:        http://localhost:3000
2026-05-19T09:49:05: 
2026-05-19T09:49:05:  ✓ Starting...
2026-05-19T09:49:05:   ▲ Next.js 14.2.2
2026-05-19T09:49:05:   ▲ Next.js 14.2.2
2026-05-19T09:49:05: Error: Could not find a production build in the '.next' directory. Try building your app with 'next build' before starting the production server. https://nextjs.org/docs/messages/production-start-no-build-id
    at setupFsCheck (D:\project\web\admin-panel\node_modules\next\src\server\lib\router-utils\filesystem.ts:157:13)
    at initialize (D:\project\web\admin-panel\node_modules\next\src\server\lib\router-server.ts:93:21)
    at Server.<anonymous> (D:\project\web\admin-panel\node_modules\next\src\server\lib\start-server.ts:293:28)
2026-05-19T09:49:05:   ▲ Next.js 14.2.2
2026-05-19T09:49:05:   - Local:        http://localhost:3000
2026-05-19T09:49:05: 
2026-05-19T09:49:05:  ✓ Starting...
2026-05-19T09:49:06: Error: Could not find a production build in the '.next' directory. Try building your app with 'next build' before starting the production server. https://nextjs.org/docs/messages/production-start-no-build-id
    at setupFsCheck (D:\project\web\admin-panel\node_modules\next\src\server\lib\router-utils\filesystem.ts:157:13)
    at initialize (D:\project\web\admin-panel\node_modules\next\src\server\lib\router-server.ts:93:21)
    at Server.<anonymous> (D:\project\web\admin-panel\node_modules\next\src\server\lib\start-server.ts:293:28)
2026-05-19T09:49:05:   - Local:        http://localhost:3000
2026-05-19T09:49:05: 
2026-05-19T09:49:05:  ✓ Starting...
2026-05-19T09:49:06:   ▲ Next.js 14.2.2
2026-05-19T09:49:05:   - Local:        http://localhost:3000
2026-05-19T09:49:05: 
2026-05-19T09:49:05:  ✓ Starting...
2026-05-19T09:49:06: Error: Could not find a production build in the '.next' directory. Try building your app with 'next build' before starting the production server. https://nextjs.org/docs/messages/production-start-no-build-id
    at setupFsCheck (D:\project\web\admin-panel\node_modules\next\src\server\lib\router-utils\filesystem.ts:157:13)
    at initialize (D:\project\web\admin-panel\node_modules\next\src\server\lib\router-server.ts:93:21)
    at Server.<anonymous> (D:\project\web\admin-panel\node_modules\next\src\server\lib\start-server.ts:293:28)
2026-05-19T09:49:05:   - Local:        http://localhost:3000
2026-05-19T09:49:05: 
2026-05-19T09:49:05:  ✓ Starting...
2026-05-19T09:49:06: Error: Could not find a production build in the '.next' directory. Try building your app with 'next build' before starting the production server. https://nextjs.org/docs/messages/production-start-no-build-id
    at setupFsCheck (D:\project\web\admin-panel\node_modules\next\src\server\lib\router-utils\filesystem.ts:157:13)
    at initialize (D:\project\web\admin-panel\node_modules\next\src\server\lib\router-server.ts:93:21)
    at Server.<anonymous> (D:\project\web\admin-panel\node_modules\next\src\server\lib\start-server.ts:293:28)
2026-05-19T09:49:06: Error: Could not find a production build in the '.next' directory. Try building your app with 'next build' before starting the production server. https://nextjs.org/docs/messages/production-start-no-build-id
    at setupFsCheck (D:\project\web\admin-panel\node_modules\next\src\server\lib\router-utils\filesystem.ts:157:13)
    at initialize (D:\project\web\admin-panel\node_modules\next\src\server\lib\router-server.ts:93:21)
    at Server.<anonymous> (D:\project\web\admin-panel\node_modules\next\src\server\lib\start-server.ts:293:28)
2026-05-19T09:49:06:   ▲ Next.js 14.2.2
2026-05-19T09:49:06:   - Local:        http://localhost:3000
2026-05-19T09:49:06: 
2026-05-19T09:49:06:  ✓ Starting...
2026-05-19T09:49:06: Error: Could not find a production build in the '.next' directory. Try building your app with 'next build' before starting the production server. https://nextjs.org/docs/messages/production-start-no-build-id
    at setupFsCheck (D:\project\web\admin-panel\node_modules\next\src\server\lib\router-utils\filesystem.ts:157:13)
    at initialize (D:\project\web\admin-panel\node_modules\next\src\server\lib\router-server.ts:93:21)
    at Server.<anonymous> (D:\project\web\admin-panel\node_modules\next\src\server\lib\start-server.ts:293:28)
2026-05-19T09:49:06:   - Local:        http://localhost:3000
2026-05-19T09:49:06: 
2026-05-19T09:49:06:  ✓ Starting...
2026-05-19T09:49:06: Error: Could not find a production build in the '.next' directory. Try building your app with 'next build' before starting the production server. https://nextjs.org/docs/messages/production-start-no-build-id
    at setupFsCheck (D:\project\web\admin-panel\node_modules\next\src\server\lib\router-utils\filesystem.ts:157:13)
    at initialize (D:\project\web\admin-panel\node_modules\next\src\server\lib\router-server.ts:93:21)
    at Server.<anonymous> (D:\project\web\admin-panel\node_modules\next\src\server\lib\start-server.ts:293:28)
2026-05-19T09:49:06:   ▲ Next.js 14.2.2
2026-05-19T09:49:06:   - Local:        http://localhost:3000
2026-05-19T09:49:06: 
2026-05-19T09:49:06:  ✓ Starting...
2026-05-19T09:49:07: Error: Could not find a production build in the '.next' directory. Try building your app with 'next build' before starting the production server. https://nextjs.org/docs/messages/production-start-no-build-id
    at setupFsCheck (D:\project\web\admin-panel\node_modules\next\src\server\lib\router-utils\filesystem.ts:157:13)
    at initialize (D:\project\web\admin-panel\node_modules\next\src\server\lib\router-server.ts:93:21)
    at Server.<anonymous> (D:\project\web\admin-panel\node_modules\next\src\server\lib\start-server.ts:293:28)
2026-05-19T09:49:07:   ▲ Next.js 14.2.2
2026-05-19T09:49:07:   ▲ Next.js 14.2.2
2026-05-19T09:49:07:   - Local:        http://localhost:3000
2026-05-19T09:49:07: 
2026-05-19T09:49:07:  ✓ Starting...
2026-05-19T09:49:07:   ▲ Next.js 14.2.2
2026-05-19T09:49:07:   ▲ Next.js 14.2.2
2026-05-19T09:49:07:   ▲ Next.js 14.2.2
2026-05-19T09:49:07: Error: Could not find a production build in the '.next' directory. Try building your app with 'next build' before starting the production server. https://nextjs.org/docs/messages/production-start-no-build-id
    at setupFsCheck (D:\project\web\admin-panel\node_modules\next\src\server\lib\router-utils\filesystem.ts:157:13)
    at initialize (D:\project\web\admin-panel\node_modules\next\src\server\lib\router-server.ts:93:21)
    at Server.<anonymous> (D:\project\web\admin-panel\node_modules\next\src\server\lib\start-server.ts:293:28)
2026-05-19T09:49:07:   - Local:        http://localhost:3000
2026-05-19T09:49:07: 
2026-05-19T09:49:07:  ✓ Starting...
2026-05-19T09:49:07:   - Local:        http://localhost:3000
2026-05-19T09:49:07: 
2026-05-19T09:49:07:  ✓ Starting...
2026-05-19T09:49:07: Error: Could not find a production build in the '.next' directory. Try building your app with 'next build' before starting the production server. https://nextjs.org/docs/messages/production-start-no-build-id
    at setupFsCheck (D:\project\web\admin-panel\node_modules\next\src\server\lib\router-utils\filesystem.ts:157:13)
    at initialize (D:\project\web\admin-panel\node_modules\next\src\server\lib\router-server.ts:93:21)
    at Server.<anonymous> (D:\project\web\admin-panel\node_modules\next\src\server\lib\start-server.ts:293:28)
2026-05-19T09:49:07:   - Local:        http://localhost:3000
2026-05-19T09:49:07: 
2026-05-19T09:49:07:  ✓ Starting...
2026-05-19T09:49:08: Error: Could not find a production build in the '.next' directory. Try building your app with 'next build' before starting the production server. https://nextjs.org/docs/messages/production-start-no-build-id
    at setupFsCheck (D:\project\web\admin-panel\node_modules\next\src\server\lib\router-utils\filesystem.ts:157:13)
    at initialize (D:\project\web\admin-panel\node_modules\next\src\server\lib\router-server.ts:93:21)
    at Server.<anonymous> (D:\project\web\admin-panel\node_modules\next\src\server\lib\start-server.ts:293:28)
2026-05-19T09:49:07:   - Local:        http://localhost:3000
2026-05-19T09:49:07: 
2026-05-19T09:49:07:  ✓ Starting...
2026-05-19T09:49:08:   ▲ Next.js 14.2.2
2026-05-19T09:49:08:   ▲ Next.js 14.2.2
2026-05-19T09:49:08: Error: Could not find a production build in the '.next' directory. Try building your app with 'next build' before starting the production server. https://nextjs.org/docs/messages/production-start-no-build-id
    at setupFsCheck (D:\project\web\admin-panel\node_modules\next\src\server\lib\router-utils\filesystem.ts:157:13)
    at initialize (D:\project\web\admin-panel\node_modules\next\src\server\lib\router-server.ts:93:21)
    at Server.<anonymous> (D:\project\web\admin-panel\node_modules\next\src\server\lib\start-server.ts:293:28)
2026-05-19T09:49:08: Error: Could not find a production build in the '.next' directory. Try building your app with 'next build' before starting the production server. https://nextjs.org/docs/messages/production-start-no-build-id
    at setupFsCheck (D:\project\web\admin-panel\node_modules\next\src\server\lib\router-utils\filesystem.ts:157:13)
    at initialize (D:\project\web\admin-panel\node_modules\next\src\server\lib\router-server.ts:93:21)
    at Server.<anonymous> (D:\project\web\admin-panel\node_modules\next\src\server\lib\start-server.ts:293:28)
2026-05-19T09:49:08:   - Local:        http://localhost:3000
2026-05-19T09:49:08: 
2026-05-19T09:49:08:  ✓ Starting...
2026-05-19T09:49:08:   - Local:        http://localhost:3000
2026-05-19T09:49:08: 
2026-05-19T09:49:08:  ✓ Starting...
2026-05-19T09:49:08: Error: Could not find a production build in the '.next' directory. Try building your app with 'next build' before starting the production server. https://nextjs.org/docs/messages/production-start-no-build-id
    at setupFsCheck (D:\project\web\admin-panel\node_modules\next\src\server\lib\router-utils\filesystem.ts:157:13)
    at initialize (D:\project\web\admin-panel\node_modules\next\src\server\lib\router-server.ts:93:21)
    at Server.<anonymous> (D:\project\web\admin-panel\node_modules\next\src\server\lib\start-server.ts:293:28)
2026-05-19T09:49:08: Error: Could not find a production build in the '.next' directory. Try building your app with 'next build' before starting the production server. https://nextjs.org/docs/messages/production-start-no-build-id
    at setupFsCheck (D:\project\web\admin-panel\node_modules\next\src\server\lib\router-utils\filesystem.ts:157:13)
    at initialize (D:\project\web\admin-panel\node_modules\next\src\server\lib\router-server.ts:93:21)
    at Server.<anonymous> (D:\project\web\admin-panel\node_modules\next\src\server\lib\start-server.ts:293:28)
2026-05-19T09:49:08:   ▲ Next.js 14.2.2
2026-05-19T09:49:08:   - Local:        http://localhost:3000
2026-05-19T09:49:08: 
2026-05-19T09:49:08:  ✓ Starting...
2026-05-19T09:49:09: Error: Could not find a production build in the '.next' directory. Try building your app with 'next build' before starting the production server. https://nextjs.org/docs/messages/production-start-no-build-id
    at setupFsCheck (D:\project\web\admin-panel\node_modules\next\src\server\lib\router-utils\filesystem.ts:157:13)
    at initialize (D:\project\web\admin-panel\node_modules\next\src\server\lib\router-server.ts:93:21)
    at Server.<anonymous> (D:\project\web\admin-panel\node_modules\next\src\server\lib\start-server.ts:293:28)
2026-05-19T09:49:09:   ▲ Next.js 14.2.2
2026-05-19T09:49:09:   ▲ Next.js 14.2.2
2026-05-19T09:49:09:   ▲ Next.js 14.2.2
2026-05-19T09:49:09:   - Local:        http://localhost:3000
2026-05-19T09:49:09: 
2026-05-19T09:49:09:  ✓ Starting...
2026-05-19T09:49:09:   ▲ Next.js 14.2.2
2026-05-19T09:49:09:   ▲ Next.js 14.2.2
2026-05-19T09:49:09: Error: Could not find a production build in the '.next' directory. Try building your app with 'next build' before starting the production server. https://nextjs.org/docs/messages/production-start-no-build-id
    at setupFsCheck (D:\project\web\admin-panel\node_modules\next\src\server\lib\router-utils\filesystem.ts:157:13)
    at initialize (D:\project\web\admin-panel\node_modules\next\src\server\lib\router-server.ts:93:21)
    at Server.<anonymous> (D:\project\web\admin-panel\node_modules\next\src\server\lib\start-server.ts:293:28)
2026-05-19T09:49:09:   - Local:        http://localhost:3000
2026-05-19T09:49:09: 
2026-05-19T09:49:09:  ✓ Starting...
2026-05-19T09:49:09:   - Local:        http://localhost:3000
2026-05-19T09:49:09: 
2026-05-19T09:49:09:  ✓ Starting...
2026-05-19T09:49:09:   - Local:        http://localhost:3000
2026-05-19T09:49:09: 
2026-05-19T09:49:09:  ✓ Starting...
2026-05-19T09:49:09: Error: Could not find a production build in the '.next' directory. Try building your app with 'next build' before starting the production server. https://nextjs.org/docs/messages/production-start-no-build-id
    at setupFsCheck (D:\project\web\admin-panel\node_modules\next\src\server\lib\router-utils\filesystem.ts:157:13)
    at initialize (D:\project\web\admin-panel\node_modules\next\src\server\lib\router-server.ts:93:21)
    at Server.<anonymous> (D:\project\web\admin-panel\node_modules\next\src\server\lib\start-server.ts:293:28)
2026-05-19T09:49:09: Error: Could not find a production build in the '.next' directory. Try building your app with 'next build' before starting the production server. https://nextjs.org/docs/messages/production-start-no-build-id
    at setupFsCheck (D:\project\web\admin-panel\node_modules\next\src\server\lib\router-utils\filesystem.ts:157:13)
    at initialize (D:\project\web\admin-panel\node_modules\next\src\server\lib\router-server.ts:93:21)
    at Server.<anonymous> (D:\project\web\admin-panel\node_modules\next\src\server\lib\start-server.ts:293:28)
2026-05-19T09:49:09:   - Local:        http://localhost:3000
2026-05-19T09:49:09: 
2026-05-19T09:49:09:  ✓ Starting...
2026-05-19T09:49:10: Error: Could not find a production build in the '.next' directory. Try building your app with 'next build' before starting the production server. https://nextjs.org/docs/messages/production-start-no-build-id
    at setupFsCheck (D:\project\web\admin-panel\node_modules\next\src\server\lib\router-utils\filesystem.ts:157:13)
    at initialize (D:\project\web\admin-panel\node_modules\next\src\server\lib\router-server.ts:93:21)
    at Server.<anonymous> (D:\project\web\admin-panel\node_modules\next\src\server\lib\start-server.ts:293:28)
2026-05-19T09:49:10:   ▲ Next.js 14.2.2
2026-05-19T09:49:10:   ▲ Next.js 14.2.2
2026-05-19T09:49:10: Error: Could not find a production build in the '.next' directory. Try building your app with 'next build' before starting the production server. https://nextjs.org/docs/messages/production-start-no-build-id
    at setupFsCheck (D:\project\web\admin-panel\node_modules\next\src\server\lib\router-utils\filesystem.ts:157:13)
    at initialize (D:\project\web\admin-panel\node_modules\next\src\server\lib\router-server.ts:93:21)
    at Server.<anonymous> (D:\project\web\admin-panel\node_modules\next\src\server\lib\start-server.ts:293:28)
2026-05-19T09:49:10:   - Local:        http://localhost:3000
2026-05-19T09:49:10: 
2026-05-19T09:49:10:  ✓ Starting...
2026-05-19T09:49:10:   - Local:        http://localhost:3000
2026-05-19T09:49:10: 
2026-05-19T09:49:10:  ✓ Starting...
2026-05-19T09:49:10: Error: Could not find a production build in the '.next' directory. Try building your app with 'next build' before starting the production server. https://nextjs.org/docs/messages/production-start-no-build-id
    at setupFsCheck (D:\project\web\admin-panel\node_modules\next\src\server\lib\router-utils\filesystem.ts:157:13)
    at initialize (D:\project\web\admin-panel\node_modules\next\src\server\lib\router-server.ts:93:21)
    at Server.<anonymous> (D:\project\web\admin-panel\node_modules\next\src\server\lib\start-server.ts:293:28)
2026-05-19T09:49:10: Error: Could not find a production build in the '.next' directory. Try building your app with 'next build' before starting the production server. https://nextjs.org/docs/messages/production-start-no-build-id
    at setupFsCheck (D:\project\web\admin-panel\node_modules\next\src\server\lib\router-utils\filesystem.ts:157:13)
    at initialize (D:\project\web\admin-panel\node_modules\next\src\server\lib\router-server.ts:93:21)
    at Server.<anonymous> (D:\project\web\admin-panel\node_modules\next\src\server\lib\start-server.ts:293:28)
2026-05-19T09:49:10:   ▲ Next.js 14.2.2
2026-05-19T09:49:10:   - Local:        http://localhost:3000
2026-05-19T09:49:10: 
2026-05-19T09:49:10:  ✓ Starting...
2026-05-19T09:49:11: Error: Could not find a production build in the '.next' directory. Try building your app with 'next build' before starting the production server. https://nextjs.org/docs/messages/production-start-no-build-id
    at setupFsCheck (D:\project\web\admin-panel\node_modules\next\src\server\lib\router-utils\filesystem.ts:157:13)
    at initialize (D:\project\web\admin-panel\node_modules\next\src\server\lib\router-server.ts:93:21)
    at Server.<anonymous> (D:\project\web\admin-panel\node_modules\next\src\server\lib\start-server.ts:293:28)
2026-05-19T09:49:11:   ▲ Next.js 14.2.2
2026-05-19T09:49:11:   ▲ Next.js 14.2.2
2026-05-19T09:49:11:   ▲ Next.js 14.2.2
2026-05-19T09:49:11:   ▲ Next.js 14.2.2
2026-05-19T09:49:11:   ▲ Next.js 14.2.2
2026-05-19T09:49:11:   - Local:        http://localhost:3000
2026-05-19T09:49:11: 
2026-05-19T09:49:11:  ✓ Starting...
2026-05-19T09:49:11: Error: Could not find a production build in the '.next' directory. Try building your app with 'next build' before starting the production server. https://nextjs.org/docs/messages/production-start-no-build-id
    at setupFsCheck (D:\project\web\admin-panel\node_modules\next\src\server\lib\router-utils\filesystem.ts:157:13)
    at initialize (D:\project\web\admin-panel\node_modules\next\src\server\lib\router-server.ts:93:21)
    at Server.<anonymous> (D:\project\web\admin-panel\node_modules\next\src\server\lib\start-server.ts:293:28)
2026-05-19T09:49:11:   - Local:        http://localhost:3000
2026-05-19T09:49:11: 
2026-05-19T09:49:11:  ✓ Starting...
2026-05-19T09:49:11:   - Local:        http://localhost:3000
2026-05-19T09:49:11: 
2026-05-19T09:49:11:  ✓ Starting...
2026-05-19T09:49:11:   - Local:        http://localhost:3000
2026-05-19T09:49:11: 
2026-05-19T09:49:11:  ✓ Starting...
2026-05-19T09:49:11: Error: Could not find a production build in the '.next' directory. Try building your app with 'next build' before starting the production server. https://nextjs.org/docs/messages/production-start-no-build-id
    at setupFsCheck (D:\project\web\admin-panel\node_modules\next\src\server\lib\router-utils\filesystem.ts:157:13)
    at initialize (D:\project\web\admin-panel\node_modules\next\src\server\lib\router-server.ts:93:21)
    at Server.<anonymous> (D:\project\web\admin-panel\node_modules\next\src\server\lib\start-server.ts:293:28)
2026-05-19T09:49:11: Error: Could not find a production build in the '.next' directory. Try building your app with 'next build' before starting the production server. https://nextjs.org/docs/messages/production-start-no-build-id
    at setupFsCheck (D:\project\web\admin-panel\node_modules\next\src\server\lib\router-utils\filesystem.ts:157:13)
    at initialize (D:\project\web\admin-panel\node_modules\next\src\server\lib\router-server.ts:93:21)
    at Server.<anonymous> (D:\project\web\admin-panel\node_modules\next\src\server\lib\start-server.ts:293:28)
2026-05-19T09:49:11:   - Local:        http://localhost:3000
2026-05-19T09:49:11: 
2026-05-19T09:49:11:  ✓ Starting...
2026-05-19T09:49:11: Error: Could not find a production build in the '.next' directory. Try building your app with 'next build' before starting the production server. https://nextjs.org/docs/messages/production-start-no-build-id
    at setupFsCheck (D:\project\web\admin-panel\node_modules\next\src\server\lib\router-utils\filesystem.ts:157:13)
    at initialize (D:\project\web\admin-panel\node_modules\next\src\server\lib\router-server.ts:93:21)
    at Server.<anonymous> (D:\project\web\admin-panel\node_modules\next\src\server\lib\start-server.ts:293:28)
2026-05-19T09:49:11:   ▲ Next.js 14.2.2
2026-05-19T09:49:11: Error: Could not find a production build in the '.next' directory. Try building your app with 'next build' before starting the production server. https://nextjs.org/docs/messages/production-start-no-build-id
    at setupFsCheck (D:\project\web\admin-panel\node_modules\next\src\server\lib\router-utils\filesystem.ts:157:13)
    at initialize (D:\project\web\admin-panel\node_modules\next\src\server\lib\router-server.ts:93:21)
    at Server.<anonymous> (D:\project\web\admin-panel\node_modules\next\src\server\lib\start-server.ts:293:28)
2026-05-19T09:49:12:   ▲ Next.js 14.2.2
2026-05-19T09:49:11:   - Local:        http://localhost:3000
2026-05-19T09:49:11: 
2026-05-19T09:49:11:  ✓ Starting...
2026-05-19T09:49:12:   - Local:        http://localhost:3000
2026-05-19T09:49:12: 
2026-05-19T09:49:12:  ✓ Starting...
2026-05-19T09:49:12: Error: Could not find a production build in the '.next' directory. Try building your app with 'next build' before starting the production server. https://nextjs.org/docs/messages/production-start-no-build-id
    at setupFsCheck (D:\project\web\admin-panel\node_modules\next\src\server\lib\router-utils\filesystem.ts:157:13)
    at initialize (D:\project\web\admin-panel\node_modules\next\src\server\lib\router-server.ts:93:21)
    at Server.<anonymous> (D:\project\web\admin-panel\node_modules\next\src\server\lib\start-server.ts:293:28)
2026-05-19T09:49:12: Error: Could not find a production build in the '.next' directory. Try building your app with 'next build' before starting the production server. https://nextjs.org/docs/messages/production-start-no-build-id
    at setupFsCheck (D:\project\web\admin-panel\node_modules\next\src\server\lib\router-utils\filesystem.ts:157:13)
    at initialize (D:\project\web\admin-panel\node_modules\next\src\server\lib\router-server.ts:93:21)
    at Server.<anonymous> (D:\project\web\admin-panel\node_modules\next\src\server\lib\start-server.ts:293:28)
2026-05-19T09:49:12:   ▲ Next.js 14.2.2
2026-05-19T09:49:12:   - Local:        http://localhost:3000
2026-05-19T09:49:12: 
2026-05-19T09:49:12:  ✓ Starting...
2026-05-19T09:49:13: Error: Could not find a production build in the '.next' directory. Try building your app with 'next build' before starting the production server. https://nextjs.org/docs/messages/production-start-no-build-id
    at setupFsCheck (D:\project\web\admin-panel\node_modules\next\src\server\lib\router-utils\filesystem.ts:157:13)
    at initialize (D:\project\web\admin-panel\node_modules\next\src\server\lib\router-server.ts:93:21)
    at Server.<anonymous> (D:\project\web\admin-panel\node_modules\next\src\server\lib\start-server.ts:293:28)
2026-05-19T09:49:13:   ▲ Next.js 14.2.2
2026-05-19T09:49:13:   ▲ Next.js 14.2.2
2026-05-19T09:49:13:   ▲ Next.js 14.2.2
2026-05-19T09:49:13:   ▲ Next.js 14.2.2
2026-05-19T09:49:13:   ▲ Next.js 14.2.2
2026-05-19T09:49:13:   - Local:        http://localhost:3000
2026-05-19T09:49:13: 
2026-05-19T09:49:13:  ✓ Starting...
2026-05-19T09:49:13: Error: Could not find a production build in the '.next' directory. Try building your app with 'next build' before starting the production server. https://nextjs.org/docs/messages/production-start-no-build-id
    at setupFsCheck (D:\project\web\admin-panel\node_modules\next\src\server\lib\router-utils\filesystem.ts:157:13)
    at initialize (D:\project\web\admin-panel\node_modules\next\src\server\lib\router-server.ts:93:21)
    at Server.<anonymous> (D:\project\web\admin-panel\node_modules\next\src\server\lib\start-server.ts:293:28)
2026-05-19T09:49:13:   - Local:        http://localhost:3000
2026-05-19T09:49:13: 
2026-05-19T09:49:13:  ✓ Starting...
2026-05-19T09:49:13:   - Local:        http://localhost:3000
2026-05-19T09:49:13: 
2026-05-19T09:49:13:  ✓ Starting...
2026-05-19T09:49:13:   - Local:        http://localhost:3000
2026-05-19T09:49:13: 
2026-05-19T09:49:13:  ✓ Starting...
2026-05-19T09:49:13: Error: Could not find a production build in the '.next' directory. Try building your app with 'next build' before starting the production server. https://nextjs.org/docs/messages/production-start-no-build-id
    at setupFsCheck (D:\project\web\admin-panel\node_modules\next\src\server\lib\router-utils\filesystem.ts:157:13)
    at initialize (D:\project\web\admin-panel\node_modules\next\src\server\lib\router-server.ts:93:21)
    at Server.<anonymous> (D:\project\web\admin-panel\node_modules\next\src\server\lib\start-server.ts:293:28)
2026-05-19T09:49:13: Error: Could not find a production build in the '.next' directory. Try building your app with 'next build' before starting the production server. https://nextjs.org/docs/messages/production-start-no-build-id
    at setupFsCheck (D:\project\web\admin-panel\node_modules\next\src\server\lib\router-utils\filesystem.ts:157:13)
    at initialize (D:\project\web\admin-panel\node_modules\next\src\server\lib\router-server.ts:93:21)
    at Server.<anonymous> (D:\project\web\admin-panel\node_modules\next\src\server\lib\start-server.ts:293:28)
2026-05-19T09:49:13: Error: Could not find a production build in the '.next' directory. Try building your app with 'next build' before starting the production server. https://nextjs.org/docs/messages/production-start-no-build-id
    at setupFsCheck (D:\project\web\admin-panel\node_modules\next\src\server\lib\router-utils\filesystem.ts:157:13)
    at initialize (D:\project\web\admin-panel\node_modules\next\src\server\lib\router-server.ts:93:21)
    at Server.<anonymous> (D:\project\web\admin-panel\node_modules\next\src\server\lib\start-server.ts:293:28)
2026-05-19T09:49:13:   - Local:        http://localhost:3000
2026-05-19T09:49:13: 
2026-05-19T09:49:13:  ✓ Starting...
2026-05-19T09:49:13:   ▲ Next.js 14.2.2
2026-05-19T09:49:13: Error: Could not find a production build in the '.next' directory. Try building your app with 'next build' before starting the production server. https://nextjs.org/docs/messages/production-start-no-build-id
    at setupFsCheck (D:\project\web\admin-panel\node_modules\next\src\server\lib\router-utils\filesystem.ts:157:13)
    at initialize (D:\project\web\admin-panel\node_modules\next\src\server\lib\router-server.ts:93:21)
    at Server.<anonymous> (D:\project\web\admin-panel\node_modules\next\src\server\lib\start-server.ts:293:28)
2026-05-19T09:49:13:   ▲ Next.js 14.2.2
2026-05-19T09:49:13:   - Local:        http://localhost:3000
2026-05-19T09:49:13: 
2026-05-19T09:49:13:  ✓ Starting...
2026-05-19T09:49:13:   - Local:        http://localhost:3000
2026-05-19T09:49:13: 
2026-05-19T09:49:13:  ✓ Starting...
2026-05-19T09:49:14: Error: Could not find a production build in the '.next' directory. Try building your app with 'next build' before starting the production server. https://nextjs.org/docs/messages/production-start-no-build-id
    at setupFsCheck (D:\project\web\admin-panel\node_modules\next\src\server\lib\router-utils\filesystem.ts:157:13)
    at initialize (D:\project\web\admin-panel\node_modules\next\src\server\lib\router-server.ts:93:21)
    at Server.<anonymous> (D:\project\web\admin-panel\node_modules\next\src\server\lib\start-server.ts:293:28)
2026-05-19T09:49:14: Error: Could not find a production build in the '.next' directory. Try building your app with 'next build' before starting the production server. https://nextjs.org/docs/messages/production-start-no-build-id
    at setupFsCheck (D:\project\web\admin-panel\node_modules\next\src\server\lib\router-utils\filesystem.ts:157:13)
    at initialize (D:\project\web\admin-panel\node_modules\next\src\server\lib\router-server.ts:93:21)
    at Server.<anonymous> (D:\project\web\admin-panel\node_modules\next\src\server\lib\start-server.ts:293:28)
2026-05-19T09:49:14:   ▲ Next.js 14.2.2
2026-05-19T09:49:14:   - Local:        http://localhost:3000
2026-05-19T09:49:14: 
2026-05-19T09:49:14:  ✓ Starting...
2026-05-19T09:49:14:   ▲ Next.js 14.2.2
2026-05-19T09:49:14: Error: Could not find a production build in the '.next' directory. Try building your app with 'next build' before starting the production server. https://nextjs.org/docs/messages/production-start-no-build-id
    at setupFsCheck (D:\project\web\admin-panel\node_modules\next\src\server\lib\router-utils\filesystem.ts:157:13)
    at initialize (D:\project\web\admin-panel\node_modules\next\src\server\lib\router-server.ts:93:21)
    at Server.<anonymous> (D:\project\web\admin-panel\node_modules\next\src\server\lib\start-server.ts:293:28)
2026-05-19T09:49:14:   ▲ Next.js 14.2.2
2026-05-19T09:49:14:   ▲ Next.js 14.2.2
2026-05-19T09:49:14:   ▲ Next.js 14.2.2
2026-05-19T09:49:14:   - Local:        http://localhost:3000
2026-05-19T09:49:14: 
2026-05-19T09:49:14:  ✓ Starting...
2026-05-19T09:49:14:   ▲ Next.js 14.2.2
2026-05-19T09:49:14: Error: Could not find a production build in the '.next' directory. Try building your app with 'next build' before starting the production server. https://nextjs.org/docs/messages/production-start-no-build-id
    at setupFsCheck (D:\project\web\admin-panel\node_modules\next\src\server\lib\router-utils\filesystem.ts:157:13)
    at initialize (D:\project\web\admin-panel\node_modules\next\src\server\lib\router-server.ts:93:21)
    at Server.<anonymous> (D:\project\web\admin-panel\node_modules\next\src\server\lib\start-server.ts:293:28)
2026-05-19T09:49:14:   - Local:        http://localhost:3000
2026-05-19T09:49:14: 
2026-05-19T09:49:14:  ✓ Starting...
2026-05-19T09:49:14:   - Local:        http://localhost:3000
2026-05-19T09:49:14: 
2026-05-19T09:49:14:  ✓ Starting...
2026-05-19T09:49:14:   - Local:        http://localhost:3000
2026-05-19T09:49:14: 
2026-05-19T09:49:14:  ✓ Starting...
2026-05-19T09:49:15: Error: Could not find a production build in the '.next' directory. Try building your app with 'next build' before starting the production server. https://nextjs.org/docs/messages/production-start-no-build-id
    at setupFsCheck (D:\project\web\admin-panel\node_modules\next\src\server\lib\router-utils\filesystem.ts:157:13)
    at initialize (D:\project\web\admin-panel\node_modules\next\src\server\lib\router-server.ts:93:21)
    at Server.<anonymous> (D:\project\web\admin-panel\node_modules\next\src\server\lib\start-server.ts:293:28)
2026-05-19T09:49:15: Error: Could not find a production build in the '.next' directory. Try building your app with 'next build' before starting the production server. https://nextjs.org/docs/messages/production-start-no-build-id
    at setupFsCheck (D:\project\web\admin-panel\node_modules\next\src\server\lib\router-utils\filesystem.ts:157:13)
    at initialize (D:\project\web\admin-panel\node_modules\next\src\server\lib\router-server.ts:93:21)
    at Server.<anonymous> (D:\project\web\admin-panel\node_modules\next\src\server\lib\start-server.ts:293:28)
2026-05-19T09:49:15: Error: Could not find a production build in the '.next' directory. Try building your app with 'next build' before starting the production server. https://nextjs.org/docs/messages/production-start-no-build-id
    at setupFsCheck (D:\project\web\admin-panel\node_modules\next\src\server\lib\router-utils\filesystem.ts:157:13)
    at initialize (D:\project\web\admin-panel\node_modules\next\src\server\lib\router-server.ts:93:21)
    at Server.<anonymous> (D:\project\web\admin-panel\node_modules\next\src\server\lib\start-server.ts:293:28)
2026-05-19T09:49:14:   - Local:        http://localhost:3000
2026-05-19T09:49:14: 
2026-05-19T09:49:14:  ✓ Starting...
2026-05-19T09:49:15: Error: Could not find a production build in the '.next' directory. Try building your app with 'next build' before starting the production server. https://nextjs.org/docs/messages/production-start-no-build-id
    at setupFsCheck (D:\project\web\admin-panel\node_modules\next\src\server\lib\router-utils\filesystem.ts:157:13)
    at initialize (D:\project\web\admin-panel\node_modules\next\src\server\lib\router-server.ts:93:21)
    at Server.<anonymous> (D:\project\web\admin-panel\node_modules\next\src\server\lib\start-server.ts:293:28)
2026-05-19T09:49:15:   ▲ Next.js 14.2.2
2026-05-19T09:49:15:   ▲ Next.js 14.2.2
2026-05-19T09:49:15:   - Local:        http://localhost:3000
2026-05-19T09:49:15: 
2026-05-19T09:49:15:  ✓ Starting...
2026-05-19T09:49:15:   - Local:        http://localhost:3000
2026-05-19T09:49:15: 
2026-05-19T09:49:15:  ✓ Starting...
2026-05-19T09:49:15: Error: Could not find a production build in the '.next' directory. Try building your app with 'next build' before starting the production server. https://nextjs.org/docs/messages/production-start-no-build-id
    at setupFsCheck (D:\project\web\admin-panel\node_modules\next\src\server\lib\router-utils\filesystem.ts:157:13)
    at initialize (D:\project\web\admin-panel\node_modules\next\src\server\lib\router-server.ts:93:21)
    at Server.<anonymous> (D:\project\web\admin-panel\node_modules\next\src\server\lib\start-server.ts:293:28)
2026-05-19T09:49:15: Error: Could not find a production build in the '.next' directory. Try building your app with 'next build' before starting the production server. https://nextjs.org/docs/messages/production-start-no-build-id
    at setupFsCheck (D:\project\web\admin-panel\node_modules\next\src\server\lib\router-utils\filesystem.ts:157:13)
    at initialize (D:\project\web\admin-panel\node_modules\next\src\server\lib\router-server.ts:93:21)
    at Server.<anonymous> (D:\project\web\admin-panel\node_modules\next\src\server\lib\start-server.ts:293:28)
2026-05-19T09:49:15:   ▲ Next.js 14.2.2
2026-05-19T09:49:15:   - Local:        http://localhost:3000
2026-05-19T09:49:15: 
2026-05-19T09:49:15:  ✓ Starting...
2026-05-19T09:49:16:   ▲ Next.js 14.2.2
2026-05-19T09:49:16: Error: Could not find a production build in the '.next' directory. Try building your app with 'next build' before starting the production server. https://nextjs.org/docs/messages/production-start-no-build-id
    at setupFsCheck (D:\project\web\admin-panel\node_modules\next\src\server\lib\router-utils\filesystem.ts:157:13)
    at initialize (D:\project\web\admin-panel\node_modules\next\src\server\lib\router-server.ts:93:21)
    at Server.<anonymous> (D:\project\web\admin-panel\node_modules\next\src\server\lib\start-server.ts:293:28)
2026-05-19T09:49:16:   ▲ Next.js 14.2.2
2026-05-19T09:49:16:   ▲ Next.js 14.2.2
2026-05-19T09:49:16:   ▲ Next.js 14.2.2
2026-05-19T09:49:16:   - Local:        http://localhost:3000
2026-05-19T09:49:16: 
2026-05-19T09:49:16:  ✓ Starting...
2026-05-19T09:49:16:   ▲ Next.js 14.2.2
2026-05-19T09:49:16:   - Local:        http://localhost:3000
2026-05-19T09:49:16: 
2026-05-19T09:49:16:  ✓ Starting...
2026-05-19T09:49:16: Error: Could not find a production build in the '.next' directory. Try building your app with 'next build' before starting the production server. https://nextjs.org/docs/messages/production-start-no-build-id
    at setupFsCheck (D:\project\web\admin-panel\node_modules\next\src\server\lib\router-utils\filesystem.ts:157:13)
    at initialize (D:\project\web\admin-panel\node_modules\next\src\server\lib\router-server.ts:93:21)
    at Server.<anonymous> (D:\project\web\admin-panel\node_modules\next\src\server\lib\start-server.ts:293:28)
2026-05-19T09:49:16:   - Local:        http://localhost:3000
2026-05-19T09:49:16: 
2026-05-19T09:49:16:  ✓ Starting...
2026-05-19T09:49:16:   - Local:        http://localhost:3000
2026-05-19T09:49:16: 
2026-05-19T09:49:16:  ✓ Starting...
2026-05-19T09:49:16: Error: Could not find a production build in the '.next' directory. Try building your app with 'next build' before starting the production server. https://nextjs.org/docs/messages/production-start-no-build-id
    at setupFsCheck (D:\project\web\admin-panel\node_modules\next\src\server\lib\router-utils\filesystem.ts:157:13)
    at initialize (D:\project\web\admin-panel\node_modules\next\src\server\lib\router-server.ts:93:21)
    at Server.<anonymous> (D:\project\web\admin-panel\node_modules\next\src\server\lib\start-server.ts:293:28)
2026-05-19T09:49:16: Error: Could not find a production build in the '.next' directory. Try building your app with 'next build' before starting the production server. https://nextjs.org/docs/messages/production-start-no-build-id
    at setupFsCheck (D:\project\web\admin-panel\node_modules\next\src\server\lib\router-utils\filesystem.ts:157:13)
    at initialize (D:\project\web\admin-panel\node_modules\next\src\server\lib\router-server.ts:93:21)
    at Server.<anonymous> (D:\project\web\admin-panel\node_modules\next\src\server\lib\start-server.ts:293:28)
2026-05-19T09:49:16: Error: Could not find a production build in the '.next' directory. Try building your app with 'next build' before starting the production server. https://nextjs.org/docs/messages/production-start-no-build-id
    at setupFsCheck (D:\project\web\admin-panel\node_modules\next\src\server\lib\router-utils\filesystem.ts:157:13)
    at initialize (D:\project\web\admin-panel\node_modules\next\src\server\lib\router-server.ts:93:21)
    at Server.<anonymous> (D:\project\web\admin-panel\node_modules\next\src\server\lib\start-server.ts:293:28)
2026-05-19T09:49:16:   - Local:        http://localhost:3000
2026-05-19T09:49:16: 
2026-05-19T09:49:16:  ✓ Starting...
2026-05-19T09:49:17: Error: Could not find a production build in the '.next' directory. Try building your app with 'next build' before starting the production server. https://nextjs.org/docs/messages/production-start-no-build-id
    at setupFsCheck (D:\project\web\admin-panel\node_modules\next\src\server\lib\router-utils\filesystem.ts:157:13)
    at initialize (D:\project\web\admin-panel\node_modules\next\src\server\lib\router-server.ts:93:21)
    at Server.<anonymous> (D:\project\web\admin-panel\node_modules\next\src\server\lib\start-server.ts:293:28)
2026-05-19T09:49:17:   ▲ Next.js 14.2.2
2026-05-19T09:49:17:   ▲ Next.js 14.2.2
2026-05-19T09:49:17:   - Local:        http://localhost:3000
2026-05-19T09:49:17: 
2026-05-19T09:49:17:  ✓ Starting...
2026-05-19T09:49:17:   - Local:        http://localhost:3000
2026-05-19T09:49:17: 
2026-05-19T09:49:17:  ✓ Starting...
2026-05-19T09:49:17: Error: Could not find a production build in the '.next' directory. Try building your app with 'next build' before starting the production server. https://nextjs.org/docs/messages/production-start-no-build-id
    at setupFsCheck (D:\project\web\admin-panel\node_modules\next\src\server\lib\router-utils\filesystem.ts:157:13)
    at initialize (D:\project\web\admin-panel\node_modules\next\src\server\lib\router-server.ts:93:21)
    at Server.<anonymous> (D:\project\web\admin-panel\node_modules\next\src\server\lib\start-server.ts:293:28)
2026-05-19T09:49:17: Error: Could not find a production build in the '.next' directory. Try building your app with 'next build' before starting the production server. https://nextjs.org/docs/messages/production-start-no-build-id
    at setupFsCheck (D:\project\web\admin-panel\node_modules\next\src\server\lib\router-utils\filesystem.ts:157:13)
    at initialize (D:\project\web\admin-panel\node_modules\next\src\server\lib\router-server.ts:93:21)
    at Server.<anonymous> (D:\project\web\admin-panel\node_modules\next\src\server\lib\start-server.ts:293:28)
2026-05-19T09:49:18:   ▲ Next.js 14.2.2
2026-05-19T09:49:18:   - Local:        http://localhost:3000
2026-05-19T09:49:18: 
2026-05-19T09:49:18:  ✓ Starting...
2026-05-19T09:49:18: Error: Could not find a production build in the '.next' directory. Try building your app with 'next build' before starting the production server. https://nextjs.org/docs/messages/production-start-no-build-id
    at setupFsCheck (D:\project\web\admin-panel\node_modules\next\src\server\lib\router-utils\filesystem.ts:157:13)
    at initialize (D:\project\web\admin-panel\node_modules\next\src\server\lib\router-server.ts:93:21)
    at Server.<anonymous> (D:\project\web\admin-panel\node_modules\next\src\server\lib\start-server.ts:293:28)
2026-05-19T09:49:18:   ▲ Next.js 14.2.2
2026-05-19T09:49:18:   ▲ Next.js 14.2.2
2026-05-19T09:49:19:   ▲ Next.js 14.2.2
2026-05-19T09:49:18:   - Local:        http://localhost:3000
2026-05-19T09:49:18: 
2026-05-19T09:49:18:  ✓ Starting...
2026-05-19T09:49:19:   ▲ Next.js 14.2.2
2026-05-19T09:49:19: Error: Could not find a production build in the '.next' directory. Try building your app with 'next build' before starting the production server. https://nextjs.org/docs/messages/production-start-no-build-id
    at setupFsCheck (D:\project\web\admin-panel\node_modules\next\src\server\lib\router-utils\filesystem.ts:157:13)
    at initialize (D:\project\web\admin-panel\node_modules\next\src\server\lib\router-server.ts:93:21)
    at Server.<anonymous> (D:\project\web\admin-panel\node_modules\next\src\server\lib\start-server.ts:293:28)
2026-05-19T09:49:18:   - Local:        http://localhost:3000
2026-05-19T09:49:18: 
2026-05-19T09:49:18:  ✓ Starting...
2026-05-19T09:49:19:   - Local:        http://localhost:3000
2026-05-19T09:49:19: 
2026-05-19T09:49:19:  ✓ Starting...
2026-05-19T09:49:19: Error: Could not find a production build in the '.next' directory. Try building your app with 'next build' before starting the production server. https://nextjs.org/docs/messages/production-start-no-build-id
    at setupFsCheck (D:\project\web\admin-panel\node_modules\next\src\server\lib\router-utils\filesystem.ts:157:13)
    at initialize (D:\project\web\admin-panel\node_modules\next\src\server\lib\router-server.ts:93:21)
    at Server.<anonymous> (D:\project\web\admin-panel\node_modules\next\src\server\lib\start-server.ts:293:28)
2026-05-19T09:49:19: Error: Could not find a production build in the '.next' directory. Try building your app with 'next build' before starting the production server. https://nextjs.org/docs/messages/production-start-no-build-id
    at setupFsCheck (D:\project\web\admin-panel\node_modules\next\src\server\lib\router-utils\filesystem.ts:157:13)
    at initialize (D:\project\web\admin-panel\node_modules\next\src\server\lib\router-server.ts:93:21)
    at Server.<anonymous> (D:\project\web\admin-panel\node_modules\next\src\server\lib\start-server.ts:293:28)
2026-05-19T09:49:19:   - Local:        http://localhost:3000
2026-05-19T09:49:19: 
2026-05-19T09:49:19:  ✓ Starting...
2026-05-19T09:49:19:   ▲ Next.js 14.2.2
2026-05-19T09:49:19: Error: Could not find a production build in the '.next' directory. Try building your app with 'next build' before starting the production server. https://nextjs.org/docs/messages/production-start-no-build-id
    at setupFsCheck (D:\project\web\admin-panel\node_modules\next\src\server\lib\router-utils\filesystem.ts:157:13)
    at initialize (D:\project\web\admin-panel\node_modules\next\src\server\lib\router-server.ts:93:21)
    at Server.<anonymous> (D:\project\web\admin-panel\node_modules\next\src\server\lib\start-server.ts:293:28)
2026-05-19T09:49:19:   ▲ Next.js 14.2.2
2026-05-19T09:49:19:   - Local:        http://localhost:3000
2026-05-19T09:49:19: 
2026-05-19T09:49:19:  ✓ Starting...
2026-05-19T09:49:19: Error: Could not find a production build in the '.next' directory. Try building your app with 'next build' before starting the production server. https://nextjs.org/docs/messages/production-start-no-build-id
    at setupFsCheck (D:\project\web\admin-panel\node_modules\next\src\server\lib\router-utils\filesystem.ts:157:13)
    at initialize (D:\project\web\admin-panel\node_modules\next\src\server\lib\router-server.ts:93:21)
    at Server.<anonymous> (D:\project\web\admin-panel\node_modules\next\src\server\lib\start-server.ts:293:28)
2026-05-19T09:49:19:   ▲ Next.js 14.2.2
2026-05-19T09:49:19:   - Local:        http://localhost:3000
2026-05-19T09:49:19: 
2026-05-19T09:49:19:  ✓ Starting...
2026-05-19T09:49:20: Error: Could not find a production build in the '.next' directory. Try building your app with 'next build' before starting the production server. https://nextjs.org/docs/messages/production-start-no-build-id
    at setupFsCheck (D:\project\web\admin-panel\node_modules\next\src\server\lib\router-utils\filesystem.ts:157:13)
    at initialize (D:\project\web\admin-panel\node_modules\next\src\server\lib\router-server.ts:93:21)
    at Server.<anonymous> (D:\project\web\admin-panel\node_modules\next\src\server\lib\start-server.ts:293:28)
2026-05-19T09:49:19:   - Local:        http://localhost:3000
2026-05-19T09:49:19: 
2026-05-19T09:49:19:  ✓ Starting...
2026-05-19T09:49:20:   ▲ Next.js 14.2.2
2026-05-19T09:49:20: Error: Could not find a production build in the '.next' directory. Try building your app with 'next build' before starting the production server. https://nextjs.org/docs/messages/production-start-no-build-id
    at setupFsCheck (D:\project\web\admin-panel\node_modules\next\src\server\lib\router-utils\filesystem.ts:157:13)
    at initialize (D:\project\web\admin-panel\node_modules\next\src\server\lib\router-server.ts:93:21)
    at Server.<anonymous> (D:\project\web\admin-panel\node_modules\next\src\server\lib\start-server.ts:293:28)
2026-05-19T09:49:20:   - Local:        http://localhost:3000
2026-05-19T09:49:20: 
2026-05-19T09:49:20:  ✓ Starting...
2026-05-19T09:49:20:   ▲ Next.js 14.2.2
2026-05-19T09:49:20: Error: Could not find a production build in the '.next' directory. Try building your app with 'next build' before starting the production server. https://nextjs.org/docs/messages/production-start-no-build-id
    at setupFsCheck (D:\project\web\admin-panel\node_modules\next\src\server\lib\router-utils\filesystem.ts:157:13)
    at initialize (D:\project\web\admin-panel\node_modules\next\src\server\lib\router-server.ts:93:21)
    at Server.<anonymous> (D:\project\web\admin-panel\node_modules\next\src\server\lib\start-server.ts:293:28)
2026-05-19T09:49:20:   ▲ Next.js 14.2.2
2026-05-19T09:49:21:   ▲ Next.js 14.2.2
2026-05-19T09:49:20:   - Local:        http://localhost:3000
2026-05-19T09:49:20: 
2026-05-19T09:49:20:  ✓ Starting...
2026-05-19T09:49:21:   ▲ Next.js 14.2.2
2026-05-19T09:49:21: Error: Could not find a production build in the '.next' directory. Try building your app with 'next build' before starting the production server. https://nextjs.org/docs/messages/production-start-no-build-id
    at setupFsCheck (D:\project\web\admin-panel\node_modules\next\src\server\lib\router-utils\filesystem.ts:157:13)
    at initialize (D:\project\web\admin-panel\node_modules\next\src\server\lib\router-server.ts:93:21)
    at Server.<anonymous> (D:\project\web\admin-panel\node_modules\next\src\server\lib\start-server.ts:293:28)
2026-05-19T09:49:20:   - Local:        http://localhost:3000
2026-05-19T09:49:20: 
2026-05-19T09:49:20:  ✓ Starting...
2026-05-19T09:49:21:   - Local:        http://localhost:3000
2026-05-19T09:49:21: 
2026-05-19T09:49:21:  ✓ Starting...
2026-05-19T09:49:21: Error: Could not find a production build in the '.next' directory. Try building your app with 'next build' before starting the production server. https://nextjs.org/docs/messages/production-start-no-build-id
    at setupFsCheck (D:\project\web\admin-panel\node_modules\next\src\server\lib\router-utils\filesystem.ts:157:13)
    at initialize (D:\project\web\admin-panel\node_modules\next\src\server\lib\router-server.ts:93:21)
    at Server.<anonymous> (D:\project\web\admin-panel\node_modules\next\src\server\lib\start-server.ts:293:28)
2026-05-19T09:49:21: Error: Could not find a production build in the '.next' directory. Try building your app with 'next build' before starting the production server. https://nextjs.org/docs/messages/production-start-no-build-id
    at setupFsCheck (D:\project\web\admin-panel\node_modules\next\src\server\lib\router-utils\filesystem.ts:157:13)
    at initialize (D:\project\web\admin-panel\node_modules\next\src\server\lib\router-server.ts:93:21)
    at Server.<anonymous> (D:\project\web\admin-panel\node_modules\next\src\server\lib\start-server.ts:293:28)
2026-05-19T09:49:21:   - Local:        http://localhost:3000
2026-05-19T09:49:21: 
2026-05-19T09:49:21:  ✓ Starting...
2026-05-19T09:49:21:   ▲ Next.js 14.2.2
2026-05-19T09:49:21: Error: Could not find a production build in the '.next' directory. Try building your app with 'next build' before starting the production server. https://nextjs.org/docs/messages/production-start-no-build-id
    at setupFsCheck (D:\project\web\admin-panel\node_modules\next\src\server\lib\router-utils\filesystem.ts:157:13)
    at initialize (D:\project\web\admin-panel\node_modules\next\src\server\lib\router-server.ts:93:21)
    at Server.<anonymous> (D:\project\web\admin-panel\node_modules\next\src\server\lib\start-server.ts:293:28)
2026-05-19T09:49:22:   ▲ Next.js 14.2.2
2026-05-19T09:49:21:   - Local:        http://localhost:3000
2026-05-19T09:49:21: 
2026-05-19T09:49:21:  ✓ Starting...
2026-05-19T09:49:22:   ▲ Next.js 14.2.2
2026-05-19T09:49:22: Error: Could not find a production build in the '.next' directory. Try building your app with 'next build' before starting the production server. https://nextjs.org/docs/messages/production-start-no-build-id
    at setupFsCheck (D:\project\web\admin-panel\node_modules\next\src\server\lib\router-utils\filesystem.ts:157:13)
    at initialize (D:\project\web\admin-panel\node_modules\next\src\server\lib\router-server.ts:93:21)
    at Server.<anonymous> (D:\project\web\admin-panel\node_modules\next\src\server\lib\start-server.ts:293:28)
2026-05-19T09:49:22:   - Local:        http://localhost:3000
2026-05-19T09:49:22: 
2026-05-19T09:49:22:  ✓ Starting...
2026-05-19T09:49:22: Error: Could not find a production build in the '.next' directory. Try building your app with 'next build' before starting the production server. https://nextjs.org/docs/messages/production-start-no-build-id
    at setupFsCheck (D:\project\web\admin-panel\node_modules\next\src\server\lib\router-utils\filesystem.ts:157:13)
    at initialize (D:\project\web\admin-panel\node_modules\next\src\server\lib\router-server.ts:93:21)
    at Server.<anonymous> (D:\project\web\admin-panel\node_modules\next\src\server\lib\start-server.ts:293:28)
2026-05-19T09:49:22:   - Local:        http://localhost:3000
2026-05-19T09:49:22: 
2026-05-19T09:49:22:  ✓ Starting...
2026-05-19T09:49:22: Error: Could not find a production build in the '.next' directory. Try building your app with 'next build' before starting the production server. https://nextjs.org/docs/messages/production-start-no-build-id
    at setupFsCheck (D:\project\web\admin-panel\node_modules\next\src\server\lib\router-utils\filesystem.ts:157:13)
    at initialize (D:\project\web\admin-panel\node_modules\next\src\server\lib\router-server.ts:93:21)
    at Server.<anonymous> (D:\project\web\admin-panel\node_modules\next\src\server\lib\start-server.ts:293:28)
2026-05-19T09:49:22:   ▲ Next.js 14.2.2
2026-05-19T09:49:23:   ▲ Next.js 14.2.2
2026-05-19T09:49:23:   ▲ Next.js 14.2.2
2026-05-19T09:49:22:   - Local:        http://localhost:3000
2026-05-19T09:49:22: 
2026-05-19T09:49:22:  ✓ Starting...
2026-05-19T09:49:23:   ▲ Next.js 14.2.2
2026-05-19T09:49:23: Error: Could not find a production build in the '.next' directory. Try building your app with 'next build' before starting the production server. https://nextjs.org/docs/messages/production-start-no-build-id
    at setupFsCheck (D:\project\web\admin-panel\node_modules\next\src\server\lib\router-utils\filesystem.ts:157:13)
    at initialize (D:\project\web\admin-panel\node_modules\next\src\server\lib\router-server.ts:93:21)
    at Server.<anonymous> (D:\project\web\admin-panel\node_modules\next\src\server\lib\start-server.ts:293:28)
2026-05-19T09:49:23:   ▲ Next.js 14.2.2
2026-05-19T09:49:23:   - Local:        http://localhost:3000
2026-05-19T09:49:23: 
2026-05-19T09:49:23:  ✓ Starting...
2026-05-19T09:49:23: Error: Could not find a production build in the '.next' directory. Try building your app with 'next build' before starting the production server. https://nextjs.org/docs/messages/production-start-no-build-id
    at setupFsCheck (D:\project\web\admin-panel\node_modules\next\src\server\lib\router-utils\filesystem.ts:157:13)
    at initialize (D:\project\web\admin-panel\node_modules\next\src\server\lib\router-server.ts:93:21)
    at Server.<anonymous> (D:\project\web\admin-panel\node_modules\next\src\server\lib\start-server.ts:293:28)
2026-05-19T09:49:23:   - Local:        http://localhost:3000
2026-05-19T09:49:23: 
2026-05-19T09:49:23:  ✓ Starting...
2026-05-19T09:49:23: Error: Could not find a production build in the '.next' directory. Try building your app with 'next build' before starting the production server. https://nextjs.org/docs/messages/production-start-no-build-id
    at setupFsCheck (D:\project\web\admin-panel\node_modules\next\src\server\lib\router-utils\filesystem.ts:157:13)
    at initialize (D:\project\web\admin-panel\node_modules\next\src\server\lib\router-server.ts:93:21)
    at Server.<anonymous> (D:\project\web\admin-panel\node_modules\next\src\server\lib\start-server.ts:293:28)
2026-05-19T09:49:23:   - Local:        http://localhost:3000
2026-05-19T09:49:23: 
2026-05-19T09:49:23:  ✓ Starting...
2026-05-19T09:49:23:   - Local:        http://localhost:3000
2026-05-19T09:49:23: 
2026-05-19T09:49:23:  ✓ Starting...
2026-05-19T09:49:23: Error: Could not find a production build in the '.next' directory. Try building your app with 'next build' before starting the production server. https://nextjs.org/docs/messages/production-start-no-build-id
    at setupFsCheck (D:\project\web\admin-panel\node_modules\next\src\server\lib\router-utils\filesystem.ts:157:13)
    at initialize (D:\project\web\admin-panel\node_modules\next\src\server\lib\router-server.ts:93:21)
    at Server.<anonymous> (D:\project\web\admin-panel\node_modules\next\src\server\lib\start-server.ts:293:28)
2026-05-19T09:49:23:   ▲ Next.js 14.2.2
2026-05-19T09:49:23: Error: Could not find a production build in the '.next' directory. Try building your app with 'next build' before starting the production server. https://nextjs.org/docs/messages/production-start-no-build-id
    at setupFsCheck (D:\project\web\admin-panel\node_modules\next\src\server\lib\router-utils\filesystem.ts:157:13)
    at initialize (D:\project\web\admin-panel\node_modules\next\src\server\lib\router-server.ts:93:21)
    at Server.<anonymous> (D:\project\web\admin-panel\node_modules\next\src\server\lib\start-server.ts:293:28)
2026-05-19T09:49:23:   - Local:        http://localhost:3000
2026-05-19T09:49:23: 
2026-05-19T09:49:23:  ✓ Starting...
2026-05-19T09:49:24:   ▲ Next.js 14.2.2
2026-05-19T09:49:24: Error: Could not find a production build in the '.next' directory. Try building your app with 'next build' before starting the production server. https://nextjs.org/docs/messages/production-start-no-build-id
    at setupFsCheck (D:\project\web\admin-panel\node_modules\next\src\server\lib\router-utils\filesystem.ts:157:13)
    at initialize (D:\project\web\admin-panel\node_modules\next\src\server\lib\router-server.ts:93:21)
    at Server.<anonymous> (D:\project\web\admin-panel\node_modules\next\src\server\lib\start-server.ts:293:28)
2026-05-19T09:49:24:   ▲ Next.js 14.2.2
2026-05-19T09:49:24:   - Local:        http://localhost:3000
2026-05-19T09:49:24: 
2026-05-19T09:49:24:  ✓ Starting...
2026-05-19T09:49:24:   - Local:        http://localhost:3000
2026-05-19T09:49:24: 
2026-05-19T09:49:24:  ✓ Starting...
2026-05-19T09:49:24: Error: Could not find a production build in the '.next' directory. Try building your app with 'next build' before starting the production server. https://nextjs.org/docs/messages/production-start-no-build-id
    at setupFsCheck (D:\project\web\admin-panel\node_modules\next\src\server\lib\router-utils\filesystem.ts:157:13)
    at initialize (D:\project\web\admin-panel\node_modules\next\src\server\lib\router-server.ts:93:21)
    at Server.<anonymous> (D:\project\web\admin-panel\node_modules\next\src\server\lib\start-server.ts:293:28)
2026-05-19T09:49:24: Error: Could not find a production build in the '.next' directory. Try building your app with 'next build' before starting the production server. https://nextjs.org/docs/messages/production-start-no-build-id
    at setupFsCheck (D:\project\web\admin-panel\node_modules\next\src\server\lib\router-utils\filesystem.ts:157:13)
    at initialize (D:\project\web\admin-panel\node_modules\next\src\server\lib\router-server.ts:93:21)
    at Server.<anonymous> (D:\project\web\admin-panel\node_modules\next\src\server\lib\start-server.ts:293:28)
2026-05-19T09:49:24:   ▲ Next.js 14.2.2
2026-05-19T09:49:25:   ▲ Next.js 14.2.2
2026-05-19T09:49:24:   - Local:        http://localhost:3000
2026-05-19T09:49:24: 
2026-05-19T09:49:24:  ✓ Starting...
2026-05-19T09:49:25:   ▲ Next.js 14.2.2
2026-05-19T09:49:25:   ▲ Next.js 14.2.2
2026-05-19T09:49:25: Error: Could not find a production build in the '.next' directory. Try building your app with 'next build' before starting the production server. https://nextjs.org/docs/messages/production-start-no-build-id
    at setupFsCheck (D:\project\web\admin-panel\node_modules\next\src\server\lib\router-utils\filesystem.ts:157:13)
    at initialize (D:\project\web\admin-panel\node_modules\next\src\server\lib\router-server.ts:93:21)
    at Server.<anonymous> (D:\project\web\admin-panel\node_modules\next\src\server\lib\start-server.ts:293:28)
2026-05-19T09:49:25:   - Local:        http://localhost:3000
2026-05-19T09:49:25: 
2026-05-19T09:49:25:  ✓ Starting...
2026-05-19T09:49:25:   ▲ Next.js 14.2.2
2026-05-19T09:49:25: Error: Could not find a production build in the '.next' directory. Try building your app with 'next build' before starting the production server. https://nextjs.org/docs/messages/production-start-no-build-id
    at setupFsCheck (D:\project\web\admin-panel\node_modules\next\src\server\lib\router-utils\filesystem.ts:157:13)
    at initialize (D:\project\web\admin-panel\node_modules\next\src\server\lib\router-server.ts:93:21)
    at Server.<anonymous> (D:\project\web\admin-panel\node_modules\next\src\server\lib\start-server.ts:293:28)
2026-05-19T09:49:25:   - Local:        http://localhost:3000
2026-05-19T09:49:25: 
2026-05-19T09:49:25:  ✓ Starting...
2026-05-19T09:49:25:   - Local:        http://localhost:3000
2026-05-19T09:49:25: 
2026-05-19T09:49:25:  ✓ Starting...
2026-05-19T09:49:25: Error: Could not find a production build in the '.next' directory. Try building your app with 'next build' before starting the production server. https://nextjs.org/docs/messages/production-start-no-build-id
    at setupFsCheck (D:\project\web\admin-panel\node_modules\next\src\server\lib\router-utils\filesystem.ts:157:13)
    at initialize (D:\project\web\admin-panel\node_modules\next\src\server\lib\router-server.ts:93:21)
    at Server.<anonymous> (D:\project\web\admin-panel\node_modules\next\src\server\lib\start-server.ts:293:28)
2026-05-19T09:49:25: Error: Could not find a production build in the '.next' directory. Try building your app with 'next build' before starting the production server. https://nextjs.org/docs/messages/production-start-no-build-id
    at setupFsCheck (D:\project\web\admin-panel\node_modules\next\src\server\lib\router-utils\filesystem.ts:157:13)
    at initialize (D:\project\web\admin-panel\node_modules\next\src\server\lib\router-server.ts:93:21)
    at Server.<anonymous> (D:\project\web\admin-panel\node_modules\next\src\server\lib\start-server.ts:293:28)
2026-05-19T09:49:25:   ▲ Next.js 14.2.2
2026-05-19T09:49:25:   - Local:        http://localhost:3000
2026-05-19T09:49:25: 
2026-05-19T09:49:25:  ✓ Starting...
2026-05-19T09:49:25: Error: Could not find a production build in the '.next' directory. Try building your app with 'next build' before starting the production server. https://nextjs.org/docs/messages/production-start-no-build-id
    at setupFsCheck (D:\project\web\admin-panel\node_modules\next\src\server\lib\router-utils\filesystem.ts:157:13)
    at initialize (D:\project\web\admin-panel\node_modules\next\src\server\lib\router-server.ts:93:21)
    at Server.<anonymous> (D:\project\web\admin-panel\node_modules\next\src\server\lib\start-server.ts:293:28)
2026-05-19T09:49:25:   ▲ Next.js 14.2.2
2026-05-19T09:49:25:   ▲ Next.js 14.2.2
2026-05-19T09:49:25:   - Local:        http://localhost:3000
2026-05-19T09:49:25: 
2026-05-19T09:49:25:  ✓ Starting...
2026-05-19T09:49:26: Error: Could not find a production build in the '.next' directory. Try building your app with 'next build' before starting the production server. https://nextjs.org/docs/messages/production-start-no-build-id
    at setupFsCheck (D:\project\web\admin-panel\node_modules\next\src\server\lib\router-utils\filesystem.ts:157:13)
    at initialize (D:\project\web\admin-panel\node_modules\next\src\server\lib\router-server.ts:93:21)
    at Server.<anonymous> (D:\project\web\admin-panel\node_modules\next\src\server\lib\start-server.ts:293:28)
2026-05-19T09:49:25:   - Local:        http://localhost:3000
2026-05-19T09:49:25: 
2026-05-19T09:49:25:  ✓ Starting...
2026-05-19T09:49:25:   - Local:        http://localhost:3000
2026-05-19T09:49:25: 
2026-05-19T09:49:25:  ✓ Starting...
2026-05-19T09:49:26: Error: Could not find a production build in the '.next' directory. Try building your app with 'next build' before starting the production server. https://nextjs.org/docs/messages/production-start-no-build-id
    at setupFsCheck (D:\project\web\admin-panel\node_modules\next\src\server\lib\router-utils\filesystem.ts:157:13)
    at initialize (D:\project\web\admin-panel\node_modules\next\src\server\lib\router-server.ts:93:21)
    at Server.<anonymous> (D:\project\web\admin-panel\node_modules\next\src\server\lib\start-server.ts:293:28)
2026-05-19T09:49:26: Error: Could not find a production build in the '.next' directory. Try building your app with 'next build' before starting the production server. https://nextjs.org/docs/messages/production-start-no-build-id
    at setupFsCheck (D:\project\web\admin-panel\node_modules\next\src\server\lib\router-utils\filesystem.ts:157:13)
    at initialize (D:\project\web\admin-panel\node_modules\next\src\server\lib\router-server.ts:93:21)
    at Server.<anonymous> (D:\project\web\admin-panel\node_modules\next\src\server\lib\start-server.ts:293:28)
2026-05-19T09:49:26:   ▲ Next.js 14.2.2
2026-05-19T09:49:26:   ▲ Next.js 14.2.2
2026-05-19T09:49:27:   ▲ Next.js 14.2.2
2026-05-19T09:49:26:   - Local:        http://localhost:3000
2026-05-19T09:49:26: 
2026-05-19T09:49:26:  ✓ Starting...
2026-05-19T09:49:27:   ▲ Next.js 14.2.2
2026-05-19T09:49:27: Error: Could not find a production build in the '.next' directory. Try building your app with 'next build' before starting the production server. https://nextjs.org/docs/messages/production-start-no-build-id
    at setupFsCheck (D:\project\web\admin-panel\node_modules\next\src\server\lib\router-utils\filesystem.ts:157:13)
    at initialize (D:\project\web\admin-panel\node_modules\next\src\server\lib\router-server.ts:93:21)
    at Server.<anonymous> (D:\project\web\admin-panel\node_modules\next\src\server\lib\start-server.ts:293:28)
2026-05-19T09:49:27:   ▲ Next.js 14.2.2
2026-05-19T09:49:26:   - Local:        http://localhost:3000
2026-05-19T09:49:26: 
2026-05-19T09:49:26:  ✓ Starting...
2026-05-19T09:49:27:   - Local:        http://localhost:3000
2026-05-19T09:49:27: 
2026-05-19T09:49:27:  ✓ Starting...
2026-05-19T09:49:27: Error: Could not find a production build in the '.next' directory. Try building your app with 'next build' before starting the production server. https://nextjs.org/docs/messages/production-start-no-build-id
    at setupFsCheck (D:\project\web\admin-panel\node_modules\next\src\server\lib\router-utils\filesystem.ts:157:13)
    at initialize (D:\project\web\admin-panel\node_modules\next\src\server\lib\router-server.ts:93:21)
    at Server.<anonymous> (D:\project\web\admin-panel\node_modules\next\src\server\lib\start-server.ts:293:28)
2026-05-19T09:49:27:   - Local:        http://localhost:3000
2026-05-19T09:49:27: 
2026-05-19T09:49:27:  ✓ Starting...
2026-05-19T09:49:27: Error: Could not find a production build in the '.next' directory. Try building your app with 'next build' before starting the production server. https://nextjs.org/docs/messages/production-start-no-build-id
    at setupFsCheck (D:\project\web\admin-panel\node_modules\next\src\server\lib\router-utils\filesystem.ts:157:13)
    at initialize (D:\project\web\admin-panel\node_modules\next\src\server\lib\router-server.ts:93:21)
    at Server.<anonymous> (D:\project\web\admin-panel\node_modules\next\src\server\lib\start-server.ts:293:28)
2026-05-19T09:49:27:   - Local:        http://localhost:3000
2026-05-19T09:49:27: 
2026-05-19T09:49:27:  ✓ Starting...
2026-05-19T09:49:27:   ▲ Next.js 14.2.2
2026-05-19T09:49:27: Error: Could not find a production build in the '.next' directory. Try building your app with 'next build' before starting the production server. https://nextjs.org/docs/messages/production-start-no-build-id
    at setupFsCheck (D:\project\web\admin-panel\node_modules\next\src\server\lib\router-utils\filesystem.ts:157:13)
    at initialize (D:\project\web\admin-panel\node_modules\next\src\server\lib\router-server.ts:93:21)
    at Server.<anonymous> (D:\project\web\admin-panel\node_modules\next\src\server\lib\start-server.ts:293:28)
2026-05-19T09:49:27: Error: Could not find a production build in the '.next' directory. Try building your app with 'next build' before starting the production server. https://nextjs.org/docs/messages/production-start-no-build-id
    at setupFsCheck (D:\project\web\admin-panel\node_modules\next\src\server\lib\router-utils\filesystem.ts:157:13)
    at initialize (D:\project\web\admin-panel\node_modules\next\src\server\lib\router-server.ts:93:21)
    at Server.<anonymous> (D:\project\web\admin-panel\node_modules\next\src\server\lib\start-server.ts:293:28)
2026-05-19T09:49:27:   ▲ Next.js 14.2.2
2026-05-19T09:49:27:   - Local:        http://localhost:3000
2026-05-19T09:49:27: 
2026-05-19T09:49:27:  ✓ Starting...
2026-05-19T09:49:27:   ▲ Next.js 14.2.2
2026-05-19T09:49:27: Error: Could not find a production build in the '.next' directory. Try building your app with 'next build' before starting the production server. https://nextjs.org/docs/messages/production-start-no-build-id
    at setupFsCheck (D:\project\web\admin-panel\node_modules\next\src\server\lib\router-utils\filesystem.ts:157:13)
    at initialize (D:\project\web\admin-panel\node_modules\next\src\server\lib\router-server.ts:93:21)
    at Server.<anonymous> (D:\project\web\admin-panel\node_modules\next\src\server\lib\start-server.ts:293:28)
2026-05-19T09:49:27:   - Local:        http://localhost:3000
2026-05-19T09:49:27: 
2026-05-19T09:49:27:  ✓ Starting...
2026-05-19T09:49:28: Error: Could not find a production build in the '.next' directory. Try building your app with 'next build' before starting the production server. https://nextjs.org/docs/messages/production-start-no-build-id
    at setupFsCheck (D:\project\web\admin-panel\node_modules\next\src\server\lib\router-utils\filesystem.ts:157:13)
    at initialize (D:\project\web\admin-panel\node_modules\next\src\server\lib\router-server.ts:93:21)
    at Server.<anonymous> (D:\project\web\admin-panel\node_modules\next\src\server\lib\start-server.ts:293:28)
2026-05-19T09:49:27:   - Local:        http://localhost:3000
2026-05-19T09:49:27: 
2026-05-19T09:49:27:  ✓ Starting...
2026-05-19T09:49:28: Error: Could not find a production build in the '.next' directory. Try building your app with 'next build' before starting the production server. https://nextjs.org/docs/messages/production-start-no-build-id
    at setupFsCheck (D:\project\web\admin-panel\node_modules\next\src\server\lib\router-utils\filesystem.ts:157:13)
    at initialize (D:\project\web\admin-panel\node_modules\next\src\server\lib\router-server.ts:93:21)
    at Server.<anonymous> (D:\project\web\admin-panel\node_modules\next\src\server\lib\start-server.ts:293:28)
2026-05-19T09:49:28:   ▲ Next.js 14.2.2
2026-05-19T09:49:28:   ▲ Next.js 14.2.2
2026-05-19T09:49:28:   - Local:        http://localhost:3000
2026-05-19T09:49:28: 
2026-05-19T09:49:28:  ✓ Starting...
2026-05-19T09:49:28:   ▲ Next.js 14.2.2
2026-05-19T09:49:28: Error: Could not find a production build in the '.next' directory. Try building your app with 'next build' before starting the production server. https://nextjs.org/docs/messages/production-start-no-build-id
    at setupFsCheck (D:\project\web\admin-panel\node_modules\next\src\server\lib\router-utils\filesystem.ts:157:13)
    at initialize (D:\project\web\admin-panel\node_modules\next\src\server\lib\router-server.ts:93:21)
    at Server.<anonymous> (D:\project\web\admin-panel\node_modules\next\src\server\lib\start-server.ts:293:28)
2026-05-19T09:49:28:   ▲ Next.js 14.2.2
2026-05-19T09:49:28:   ▲ Next.js 14.2.2
2026-05-19T09:49:28:   - Local:        http://localhost:3000
2026-05-19T09:49:28: 
2026-05-19T09:49:28:  ✓ Starting...
2026-05-19T09:49:28:   - Local:        http://localhost:3000
2026-05-19T09:49:28: 
2026-05-19T09:49:28:  ✓ Starting...
2026-05-19T09:49:29: Error: Could not find a production build in the '.next' directory. Try building your app with 'next build' before starting the production server. https://nextjs.org/docs/messages/production-start-no-build-id
    at setupFsCheck (D:\project\web\admin-panel\node_modules\next\src\server\lib\router-utils\filesystem.ts:157:13)
    at initialize (D:\project\web\admin-panel\node_modules\next\src\server\lib\router-server.ts:93:21)
    at Server.<anonymous> (D:\project\web\admin-panel\node_modules\next\src\server\lib\start-server.ts:293:28)
2026-05-19T09:49:29: Error: Could not find a production build in the '.next' directory. Try building your app with 'next build' before starting the production server. https://nextjs.org/docs/messages/production-start-no-build-id
    at setupFsCheck (D:\project\web\admin-panel\node_modules\next\src\server\lib\router-utils\filesystem.ts:157:13)
    at initialize (D:\project\web\admin-panel\node_modules\next\src\server\lib\router-server.ts:93:21)
    at Server.<anonymous> (D:\project\web\admin-panel\node_modules\next\src\server\lib\start-server.ts:293:28)
2026-05-19T09:49:29:   ▲ Next.js 14.2.2
2026-05-19T09:49:28:   - Local:        http://localhost:3000
2026-05-19T09:49:28: 
2026-05-19T09:49:28:  ✓ Starting...
2026-05-19T09:49:28:   - Local:        http://localhost:3000
2026-05-19T09:49:28: 
2026-05-19T09:49:28:  ✓ Starting...
2026-05-19T09:49:29: Error: Could not find a production build in the '.next' directory. Try building your app with 'next build' before starting the production server. https://nextjs.org/docs/messages/production-start-no-build-id
    at setupFsCheck (D:\project\web\admin-panel\node_modules\next\src\server\lib\router-utils\filesystem.ts:157:13)
    at initialize (D:\project\web\admin-panel\node_modules\next\src\server\lib\router-server.ts:93:21)
    at Server.<anonymous> (D:\project\web\admin-panel\node_modules\next\src\server\lib\start-server.ts:293:28)
2026-05-19T09:49:29: Error: Could not find a production build in the '.next' directory. Try building your app with 'next build' before starting the production server. https://nextjs.org/docs/messages/production-start-no-build-id
    at setupFsCheck (D:\project\web\admin-panel\node_modules\next\src\server\lib\router-utils\filesystem.ts:157:13)
    at initialize (D:\project\web\admin-panel\node_modules\next\src\server\lib\router-server.ts:93:21)
    at Server.<anonymous> (D:\project\web\admin-panel\node_modules\next\src\server\lib\start-server.ts:293:28)
2026-05-19T09:49:29:   ▲ Next.js 14.2.2
2026-05-19T09:49:29:   - Local:        http://localhost:3000
2026-05-19T09:49:29: 
2026-05-19T09:49:29:  ✓ Starting...
2026-05-19T09:49:29:   ▲ Next.js 14.2.2
2026-05-19T09:49:29: Error: Could not find a production build in the '.next' directory. Try building your app with 'next build' before starting the production server. https://nextjs.org/docs/messages/production-start-no-build-id
    at setupFsCheck (D:\project\web\admin-panel\node_modules\next\src\server\lib\router-utils\filesystem.ts:157:13)
    at initialize (D:\project\web\admin-panel\node_modules\next\src\server\lib\router-server.ts:93:21)
    at Server.<anonymous> (D:\project\web\admin-panel\node_modules\next\src\server\lib\start-server.ts:293:28)
2026-05-19T09:49:29:   - Local:        http://localhost:3000
2026-05-19T09:49:29: 
2026-05-19T09:49:29:  ✓ Starting...
2026-05-19T09:49:29: Error: Could not find a production build in the '.next' directory. Try building your app with 'next build' before starting the production server. https://nextjs.org/docs/messages/production-start-no-build-id
    at setupFsCheck (D:\project\web\admin-panel\node_modules\next\src\server\lib\router-utils\filesystem.ts:157:13)
    at initialize (D:\project\web\admin-panel\node_modules\next\src\server\lib\router-server.ts:93:21)
    at Server.<anonymous> (D:\project\web\admin-panel\node_modules\next\src\server\lib\start-server.ts:293:28)
2026-05-19T09:49:29:   - Local:        http://localhost:3000
2026-05-19T09:49:29: 
2026-05-19T09:49:29:  ✓ Starting...
2026-05-19T09:49:30: Error: Could not find a production build in the '.next' directory. Try building your app with 'next build' before starting the production server. https://nextjs.org/docs/messages/production-start-no-build-id
    at setupFsCheck (D:\project\web\admin-panel\node_modules\next\src\server\lib\router-utils\filesystem.ts:157:13)
    at initialize (D:\project\web\admin-panel\node_modules\next\src\server\lib\router-server.ts:93:21)
    at Server.<anonymous> (D:\project\web\admin-panel\node_modules\next\src\server\lib\start-server.ts:293:28)
2026-05-19T09:49:30:   ▲ Next.js 14.2.2
2026-05-19T09:49:30:   ▲ Next.js 14.2.2
2026-05-19T09:49:30:   - Local:        http://localhost:3000
2026-05-19T09:49:30: 
2026-05-19T09:49:30:  ✓ Starting...
2026-05-19T09:49:30:   ▲ Next.js 14.2.2
2026-05-19T09:49:30: Error: Could not find a production build in the '.next' directory. Try building your app with 'next build' before starting the production server. https://nextjs.org/docs/messages/production-start-no-build-id
    at setupFsCheck (D:\project\web\admin-panel\node_modules\next\src\server\lib\router-utils\filesystem.ts:157:13)
    at initialize (D:\project\web\admin-panel\node_modules\next\src\server\lib\router-server.ts:93:21)
    at Server.<anonymous> (D:\project\web\admin-panel\node_modules\next\src\server\lib\start-server.ts:293:28)
2026-05-19T09:49:30:   ▲ Next.js 14.2.2
2026-05-19T09:49:30:   ▲ Next.js 14.2.2
2026-05-19T09:49:30:   - Local:        http://localhost:3000
2026-05-19T09:49:30: 
2026-05-19T09:49:30:  ✓ Starting...
2026-05-19T09:49:30:   - Local:        http://localhost:3000
2026-05-19T09:49:30: 
2026-05-19T09:49:30:  ✓ Starting...
2026-05-19T09:49:30: Error: Could not find a production build in the '.next' directory. Try building your app with 'next build' before starting the production server. https://nextjs.org/docs/messages/production-start-no-build-id
    at setupFsCheck (D:\project\web\admin-panel\node_modules\next\src\server\lib\router-utils\filesystem.ts:157:13)
    at initialize (D:\project\web\admin-panel\node_modules\next\src\server\lib\router-server.ts:93:21)
    at Server.<anonymous> (D:\project\web\admin-panel\node_modules\next\src\server\lib\start-server.ts:293:28)
2026-05-19T09:49:30: Error: Could not find a production build in the '.next' directory. Try building your app with 'next build' before starting the production server. https://nextjs.org/docs/messages/production-start-no-build-id
    at setupFsCheck (D:\project\web\admin-panel\node_modules\next\src\server\lib\router-utils\filesystem.ts:157:13)
    at initialize (D:\project\web\admin-panel\node_modules\next\src\server\lib\router-server.ts:93:21)
    at Server.<anonymous> (D:\project\web\admin-panel\node_modules\next\src\server\lib\start-server.ts:293:28)
2026-05-19T09:49:30:   - Local:        http://localhost:3000
2026-05-19T09:49:30: 
2026-05-19T09:49:30:  ✓ Starting...
2026-05-19T09:49:30:   - Local:        http://localhost:3000
2026-05-19T09:49:30: 
2026-05-19T09:49:30:  ✓ Starting...
2026-05-19T09:49:31:   ▲ Next.js 14.2.2
2026-05-19T09:49:31: Error: Could not find a production build in the '.next' directory. Try building your app with 'next build' before starting the production server. https://nextjs.org/docs/messages/production-start-no-build-id
    at setupFsCheck (D:\project\web\admin-panel\node_modules\next\src\server\lib\router-utils\filesystem.ts:157:13)
    at initialize (D:\project\web\admin-panel\node_modules\next\src\server\lib\router-server.ts:93:21)
    at Server.<anonymous> (D:\project\web\admin-panel\node_modules\next\src\server\lib\start-server.ts:293:28)
2026-05-19T09:49:31: Error: Could not find a production build in the '.next' directory. Try building your app with 'next build' before starting the production server. https://nextjs.org/docs/messages/production-start-no-build-id
    at setupFsCheck (D:\project\web\admin-panel\node_modules\next\src\server\lib\router-utils\filesystem.ts:157:13)
    at initialize (D:\project\web\admin-panel\node_modules\next\src\server\lib\router-server.ts:93:21)
    at Server.<anonymous> (D:\project\web\admin-panel\node_modules\next\src\server\lib\start-server.ts:293:28)
2026-05-19T09:49:31:   ▲ Next.js 14.2.2
2026-05-19T09:49:31:   - Local:        http://localhost:3000
2026-05-19T09:49:31: 
2026-05-19T09:49:31:  ✓ Starting...
2026-05-19T09:49:31:   ▲ Next.js 14.2.2
2026-05-19T09:49:31: Error: Could not find a production build in the '.next' directory. Try building your app with 'next build' before starting the production server. https://nextjs.org/docs/messages/production-start-no-build-id
    at setupFsCheck (D:\project\web\admin-panel\node_modules\next\src\server\lib\router-utils\filesystem.ts:157:13)
    at initialize (D:\project\web\admin-panel\node_modules\next\src\server\lib\router-server.ts:93:21)
    at Server.<anonymous> (D:\project\web\admin-panel\node_modules\next\src\server\lib\start-server.ts:293:28)
2026-05-19T09:49:31:   - Local:        http://localhost:3000
2026-05-19T09:49:31: 
2026-05-19T09:49:31:  ✓ Starting...
2026-05-19T09:49:31: Error: Could not find a production build in the '.next' directory. Try building your app with 'next build' before starting the production server. https://nextjs.org/docs/messages/production-start-no-build-id
    at setupFsCheck (D:\project\web\admin-panel\node_modules\next\src\server\lib\router-utils\filesystem.ts:157:13)
    at initialize (D:\project\web\admin-panel\node_modules\next\src\server\lib\router-server.ts:93:21)
    at Server.<anonymous> (D:\project\web\admin-panel\node_modules\next\src\server\lib\start-server.ts:293:28)
2026-05-19T09:49:31:   - Local:        http://localhost:3000
2026-05-19T09:49:31: 
2026-05-19T09:49:31:  ✓ Starting...
2026-05-19T09:49:31: Error: Could not find a production build in the '.next' directory. Try building your app with 'next build' before starting the production server. https://nextjs.org/docs/messages/production-start-no-build-id
    at setupFsCheck (D:\project\web\admin-panel\node_modules\next\src\server\lib\router-utils\filesystem.ts:157:13)
    at initialize (D:\project\web\admin-panel\node_modules\next\src\server\lib\router-server.ts:93:21)
    at Server.<anonymous> (D:\project\web\admin-panel\node_modules\next\src\server\lib\start-server.ts:293:28)
2026-05-19T09:49:32:   ▲ Next.js 14.2.2
2026-05-19T09:49:32:   - Local:        http://localhost:3000
2026-05-19T09:49:32: 
2026-05-19T09:49:32:  ✓ Starting...
2026-05-19T09:49:32:   ▲ Next.js 14.2.2
2026-05-19T09:49:32: Error: Could not find a production build in the '.next' directory. Try building your app with 'next build' before starting the production server. https://nextjs.org/docs/messages/production-start-no-build-id
    at setupFsCheck (D:\project\web\admin-panel\node_modules\next\src\server\lib\router-utils\filesystem.ts:157:13)
    at initialize (D:\project\web\admin-panel\node_modules\next\src\server\lib\router-server.ts:93:21)
    at Server.<anonymous> (D:\project\web\admin-panel\node_modules\next\src\server\lib\start-server.ts:293:28)
2026-05-19T09:49:32:   ▲ Next.js 14.2.2
2026-05-19T09:49:32:   ▲ Next.js 14.2.2
2026-05-19T09:49:32:   ▲ Next.js 14.2.2
2026-05-19T09:49:32:   - Local:        http://localhost:3000
2026-05-19T09:49:32: 
2026-05-19T09:49:32:  ✓ Starting...
2026-05-19T09:49:32:   - Local:        http://localhost:3000
2026-05-19T09:49:32: 
2026-05-19T09:49:32:  ✓ Starting...
2026-05-19T09:49:32: Error: Could not find a production build in the '.next' directory. Try building your app with 'next build' before starting the production server. https://nextjs.org/docs/messages/production-start-no-build-id
    at setupFsCheck (D:\project\web\admin-panel\node_modules\next\src\server\lib\router-utils\filesystem.ts:157:13)
    at initialize (D:\project\web\admin-panel\node_modules\next\src\server\lib\router-server.ts:93:21)
    at Server.<anonymous> (D:\project\web\admin-panel\node_modules\next\src\server\lib\start-server.ts:293:28)
2026-05-19T09:49:32:   - Local:        http://localhost:3000
2026-05-19T09:49:32: 
2026-05-19T09:49:32:  ✓ Starting...
2026-05-19T09:49:32: Error: Could not find a production build in the '.next' directory. Try building your app with 'next build' before starting the production server. https://nextjs.org/docs/messages/production-start-no-build-id
    at setupFsCheck (D:\project\web\admin-panel\node_modules\next\src\server\lib\router-utils\filesystem.ts:157:13)
    at initialize (D:\project\web\admin-panel\node_modules\next\src\server\lib\router-server.ts:93:21)
    at Server.<anonymous> (D:\project\web\admin-panel\node_modules\next\src\server\lib\start-server.ts:293:28)
2026-05-19T09:49:32:   - Local:        http://localhost:3000
2026-05-19T09:49:32: 
2026-05-19T09:49:32:  ✓ Starting...
2026-05-19T09:49:32: Error: Could not find a production build in the '.next' directory. Try building your app with 'next build' before starting the production server. https://nextjs.org/docs/messages/production-start-no-build-id
    at setupFsCheck (D:\project\web\admin-panel\node_modules\next\src\server\lib\router-utils\filesystem.ts:157:13)
    at initialize (D:\project\web\admin-panel\node_modules\next\src\server\lib\router-server.ts:93:21)
    at Server.<anonymous> (D:\project\web\admin-panel\node_modules\next\src\server\lib\start-server.ts:293:28)
2026-05-19T09:49:32:   ▲ Next.js 14.2.2
2026-05-19T09:49:32: Error: Could not find a production build in the '.next' directory. Try building your app with 'next build' before starting the production server. https://nextjs.org/docs/messages/production-start-no-build-id
    at setupFsCheck (D:\project\web\admin-panel\node_modules\next\src\server\lib\router-utils\filesystem.ts:157:13)
    at initialize (D:\project\web\admin-panel\node_modules\next\src\server\lib\router-server.ts:93:21)
    at Server.<anonymous> (D:\project\web\admin-panel\node_modules\next\src\server\lib\start-server.ts:293:28)
2026-05-19T09:49:33:   ▲ Next.js 14.2.2
2026-05-19T09:49:32:   - Local:        http://localhost:3000
2026-05-19T09:49:32: 
2026-05-19T09:49:32:  ✓ Starting...
2026-05-19T09:49:33:   ▲ Next.js 14.2.2
2026-05-19T09:49:33: Error: Could not find a production build in the '.next' directory. Try building your app with 'next build' before starting the production server. https://nextjs.org/docs/messages/production-start-no-build-id
    at setupFsCheck (D:\project\web\admin-panel\node_modules\next\src\server\lib\router-utils\filesystem.ts:157:13)
    at initialize (D:\project\web\admin-panel\node_modules\next\src\server\lib\router-server.ts:93:21)
    at Server.<anonymous> (D:\project\web\admin-panel\node_modules\next\src\server\lib\start-server.ts:293:28)
2026-05-19T09:49:33:   - Local:        http://localhost:3000
2026-05-19T09:49:33: 
2026-05-19T09:49:33:  ✓ Starting...
2026-05-19T09:49:33: Error: Could not find a production build in the '.next' directory. Try building your app with 'next build' before starting the production server. https://nextjs.org/docs/messages/production-start-no-build-id
    at setupFsCheck (D:\project\web\admin-panel\node_modules\next\src\server\lib\router-utils\filesystem.ts:157:13)
    at initialize (D:\project\web\admin-panel\node_modules\next\src\server\lib\router-server.ts:93:21)
    at Server.<anonymous> (D:\project\web\admin-panel\node_modules\next\src\server\lib\start-server.ts:293:28)
2026-05-19T09:49:33:   - Local:        http://localhost:3000
2026-05-19T09:49:33: 
2026-05-19T09:49:33:  ✓ Starting...
2026-05-19T09:49:33: Error: Could not find a production build in the '.next' directory. Try building your app with 'next build' before starting the production server. https://nextjs.org/docs/messages/production-start-no-build-id
    at setupFsCheck (D:\project\web\admin-panel\node_modules\next\src\server\lib\router-utils\filesystem.ts:157:13)
    at initialize (D:\project\web\admin-panel\node_modules\next\src\server\lib\router-server.ts:93:21)
    at Server.<anonymous> (D:\project\web\admin-panel\node_modules\next\src\server\lib\start-server.ts:293:28)
2026-05-19T09:49:33:   ▲ Next.js 14.2.2
2026-05-19T09:49:34:   ▲ Next.js 14.2.2
2026-05-19T09:49:33:   - Local:        http://localhost:3000
2026-05-19T09:49:33: 
2026-05-19T09:49:33:  ✓ Starting...
2026-05-19T09:49:34:   ▲ Next.js 14.2.2
2026-05-19T09:49:34: Error: Could not find a production build in the '.next' directory. Try building your app with 'next build' before starting the production server. https://nextjs.org/docs/messages/production-start-no-build-id
    at setupFsCheck (D:\project\web\admin-panel\node_modules\next\src\server\lib\router-utils\filesystem.ts:157:13)
    at initialize (D:\project\web\admin-panel\node_modules\next\src\server\lib\router-server.ts:93:21)
    at Server.<anonymous> (D:\project\web\admin-panel\node_modules\next\src\server\lib\start-server.ts:293:28)
2026-05-19T09:49:34:   ▲ Next.js 14.2.2
2026-05-19T09:49:34:   ▲ Next.js 14.2.2
2026-05-19T09:49:34:   - Local:        http://localhost:3000
2026-05-19T09:49:34: 
2026-05-19T09:49:34:  ✓ Starting...
2026-05-19T09:49:34: Error: Could not find a production build in the '.next' directory. Try building your app with 'next build' before starting the production server. https://nextjs.org/docs/messages/production-start-no-build-id
    at setupFsCheck (D:\project\web\admin-panel\node_modules\next\src\server\lib\router-utils\filesystem.ts:157:13)
    at initialize (D:\project\web\admin-panel\node_modules\next\src\server\lib\router-server.ts:93:21)
    at Server.<anonymous> (D:\project\web\admin-panel\node_modules\next\src\server\lib\start-server.ts:293:28)
2026-05-19T09:49:34:   - Local:        http://localhost:3000
2026-05-19T09:49:34: 
2026-05-19T09:49:34:  ✓ Starting...
2026-05-19T09:49:34: Error: Could not find a production build in the '.next' directory. Try building your app with 'next build' before starting the production server. https://nextjs.org/docs/messages/production-start-no-build-id
    at setupFsCheck (D:\project\web\admin-panel\node_modules\next\src\server\lib\router-utils\filesystem.ts:157:13)
    at initialize (D:\project\web\admin-panel\node_modules\next\src\server\lib\router-server.ts:93:21)
    at Server.<anonymous> (D:\project\web\admin-panel\node_modules\next\src\server\lib\start-server.ts:293:28)
2026-05-19T09:49:34:   - Local:        http://localhost:3000
2026-05-19T09:49:34: 
2026-05-19T09:49:34:  ✓ Starting...
2026-05-19T09:49:34:   - Local:        http://localhost:3000
2026-05-19T09:49:34: 
2026-05-19T09:49:34:  ✓ Starting...
2026-05-19T09:49:34: Error: Could not find a production build in the '.next' directory. Try building your app with 'next build' before starting the production server. https://nextjs.org/docs/messages/production-start-no-build-id
    at setupFsCheck (D:\project\web\admin-panel\node_modules\next\src\server\lib\router-utils\filesystem.ts:157:13)
    at initialize (D:\project\web\admin-panel\node_modules\next\src\server\lib\router-server.ts:93:21)
    at Server.<anonymous> (D:\project\web\admin-panel\node_modules\next\src\server\lib\start-server.ts:293:28)
2026-05-19T09:49:34: Error: Could not find a production build in the '.next' directory. Try building your app with 'next build' before starting the production server. https://nextjs.org/docs/messages/production-start-no-build-id
    at setupFsCheck (D:\project\web\admin-panel\node_modules\next\src\server\lib\router-utils\filesystem.ts:157:13)
    at initialize (D:\project\web\admin-panel\node_modules\next\src\server\lib\router-server.ts:93:21)
    at Server.<anonymous> (D:\project\web\admin-panel\node_modules\next\src\server\lib\start-server.ts:293:28)
2026-05-19T09:49:34:   ▲ Next.js 14.2.2
2026-05-19T09:49:34:   ▲ Next.js 14.2.2
2026-05-19T09:49:34:   ▲ Next.js 14.2.2
2026-05-19T09:49:34:   - Local:        http://localhost:3000
2026-05-19T09:49:34: 
2026-05-19T09:49:34:  ✓ Starting...
2026-05-19T09:49:35: Error: Could not find a production build in the '.next' directory. Try building your app with 'next build' before starting the production server. https://nextjs.org/docs/messages/production-start-no-build-id
    at setupFsCheck (D:\project\web\admin-panel\node_modules\next\src\server\lib\router-utils\filesystem.ts:157:13)
    at initialize (D:\project\web\admin-panel\node_modules\next\src\server\lib\router-server.ts:93:21)
    at Server.<anonymous> (D:\project\web\admin-panel\node_modules\next\src\server\lib\start-server.ts:293:28)
2026-05-19T09:49:34:   - Local:        http://localhost:3000
2026-05-19T09:49:34: 
2026-05-19T09:49:34:  ✓ Starting...
2026-05-19T09:49:34:   - Local:        http://localhost:3000
2026-05-19T09:49:34: 
2026-05-19T09:49:34:  ✓ Starting...
2026-05-19T09:49:35: Error: Could not find a production build in the '.next' directory. Try building your app with 'next build' before starting the production server. https://nextjs.org/docs/messages/production-start-no-build-id
    at setupFsCheck (D:\project\web\admin-panel\node_modules\next\src\server\lib\router-utils\filesystem.ts:157:13)
    at initialize (D:\project\web\admin-panel\node_modules\next\src\server\lib\router-server.ts:93:21)
    at Server.<anonymous> (D:\project\web\admin-panel\node_modules\next\src\server\lib\start-server.ts:293:28)
2026-05-19T09:49:35: Error: Could not find a production build in the '.next' directory. Try building your app with 'next build' before starting the production server. https://nextjs.org/docs/messages/production-start-no-build-id
    at setupFsCheck (D:\project\web\admin-panel\node_modules\next\src\server\lib\router-utils\filesystem.ts:157:13)
    at initialize (D:\project\web\admin-panel\node_modules\next\src\server\lib\router-server.ts:93:21)
    at Server.<anonymous> (D:\project\web\admin-panel\node_modules\next\src\server\lib\start-server.ts:293:28)
2026-05-19T09:49:35:   ▲ Next.js 14.2.2
2026-05-19T09:49:35:   ▲ Next.js 14.2.2
2026-05-19T09:49:35:   ▲ Next.js 14.2.2
2026-05-19T09:49:35:   - Local:        http://localhost:3000
2026-05-19T09:49:35: 
2026-05-19T09:49:35:  ✓ Starting...
2026-05-19T09:49:35:   ▲ Next.js 14.2.2
2026-05-19T09:49:36: Error: Could not find a production build in the '.next' directory. Try building your app with 'next build' before starting the production server. https://nextjs.org/docs/messages/production-start-no-build-id
    at setupFsCheck (D:\project\web\admin-panel\node_modules\next\src\server\lib\router-utils\filesystem.ts:157:13)
    at initialize (D:\project\web\admin-panel\node_modules\next\src\server\lib\router-server.ts:93:21)
    at Server.<anonymous> (D:\project\web\admin-panel\node_modules\next\src\server\lib\start-server.ts:293:28)
2026-05-19T09:49:36:   ▲ Next.js 14.2.2
2026-05-19T09:49:35:   - Local:        http://localhost:3000
2026-05-19T09:49:35: 
2026-05-19T09:49:35:  ✓ Starting...
2026-05-19T09:49:35:   - Local:        http://localhost:3000
2026-05-19T09:49:35: 
2026-05-19T09:49:35:  ✓ Starting...
2026-05-19T09:49:36: Error: Could not find a production build in the '.next' directory. Try building your app with 'next build' before starting the production server. https://nextjs.org/docs/messages/production-start-no-build-id
    at setupFsCheck (D:\project\web\admin-panel\node_modules\next\src\server\lib\router-utils\filesystem.ts:157:13)
    at initialize (D:\project\web\admin-panel\node_modules\next\src\server\lib\router-server.ts:93:21)
    at Server.<anonymous> (D:\project\web\admin-panel\node_modules\next\src\server\lib\start-server.ts:293:28)
2026-05-19T09:49:35:   - Local:        http://localhost:3000
2026-05-19T09:49:35: 
2026-05-19T09:49:35:  ✓ Starting...
2026-05-19T09:49:36: Error: Could not find a production build in the '.next' directory. Try building your app with 'next build' before starting the production server. https://nextjs.org/docs/messages/production-start-no-build-id
    at setupFsCheck (D:\project\web\admin-panel\node_modules\next\src\server\lib\router-utils\filesystem.ts:157:13)
    at initialize (D:\project\web\admin-panel\node_modules\next\src\server\lib\router-server.ts:93:21)
    at Server.<anonymous> (D:\project\web\admin-panel\node_modules\next\src\server\lib\start-server.ts:293:28)
2026-05-19T09:49:36:   - Local:        http://localhost:3000
2026-05-19T09:49:36: 
2026-05-19T09:49:36:  ✓ Starting...
2026-05-19T09:49:36: Error: Could not find a production build in the '.next' directory. Try building your app with 'next build' before starting the production server. https://nextjs.org/docs/messages/production-start-no-build-id
    at setupFsCheck (D:\project\web\admin-panel\node_modules\next\src\server\lib\router-utils\filesystem.ts:157:13)
    at initialize (D:\project\web\admin-panel\node_modules\next\src\server\lib\router-server.ts:93:21)
    at Server.<anonymous> (D:\project\web\admin-panel\node_modules\next\src\server\lib\start-server.ts:293:28)
2026-05-19T09:49:36: Error: Could not find a production build in the '.next' directory. Try building your app with 'next build' before starting the production server. https://nextjs.org/docs/messages/production-start-no-build-id
    at setupFsCheck (D:\project\web\admin-panel\node_modules\next\src\server\lib\router-utils\filesystem.ts:157:13)
    at initialize (D:\project\web\admin-panel\node_modules\next\src\server\lib\router-server.ts:93:21)
    at Server.<anonymous> (D:\project\web\admin-panel\node_modules\next\src\server\lib\start-server.ts:293:28)
2026-05-19T09:49:36:   ▲ Next.js 14.2.2
2026-05-19T09:49:36:   ▲ Next.js 14.2.2
2026-05-19T09:49:36:   ▲ Next.js 14.2.2
2026-05-19T09:49:36:   - Local:        http://localhost:3000
2026-05-19T09:49:36: 
2026-05-19T09:49:36:  ✓ Starting...
2026-05-19T09:49:36: Error: Could not find a production build in the '.next' directory. Try building your app with 'next build' before starting the production server. https://nextjs.org/docs/messages/production-start-no-build-id
    at setupFsCheck (D:\project\web\admin-panel\node_modules\next\src\server\lib\router-utils\filesystem.ts:157:13)
    at initialize (D:\project\web\admin-panel\node_modules\next\src\server\lib\router-server.ts:93:21)
    at Server.<anonymous> (D:\project\web\admin-panel\node_modules\next\src\server\lib\start-server.ts:293:28)
2026-05-19T09:49:36:   - Local:        http://localhost:3000
2026-05-19T09:49:36: 
2026-05-19T09:49:36:  ✓ Starting...
2026-05-19T09:49:36:   - Local:        http://localhost:3000
2026-05-19T09:49:36: 
2026-05-19T09:49:36:  ✓ Starting...
2026-05-19T09:49:37: Error: Could not find a production build in the '.next' directory. Try building your app with 'next build' before starting the production server. https://nextjs.org/docs/messages/production-start-no-build-id
    at setupFsCheck (D:\project\web\admin-panel\node_modules\next\src\server\lib\router-utils\filesystem.ts:157:13)
    at initialize (D:\project\web\admin-panel\node_modules\next\src\server\lib\router-server.ts:93:21)
    at Server.<anonymous> (D:\project\web\admin-panel\node_modules\next\src\server\lib\start-server.ts:293:28)
2026-05-19T09:49:37: Error: Could not find a production build in the '.next' directory. Try building your app with 'next build' before starting the production server. https://nextjs.org/docs/messages/production-start-no-build-id
    at setupFsCheck (D:\project\web\admin-panel\node_modules\next\src\server\lib\router-utils\filesystem.ts:157:13)
    at initialize (D:\project\web\admin-panel\node_modules\next\src\server\lib\router-server.ts:93:21)
    at Server.<anonymous> (D:\project\web\admin-panel\node_modules\next\src\server\lib\start-server.ts:293:28)
2026-05-19T09:49:37:   ▲ Next.js 14.2.2
2026-05-19T09:49:37:   - Local:        http://localhost:3000
2026-05-19T09:49:37: 
2026-05-19T09:49:37:  ✓ Starting...
2026-05-19T09:49:37:   ▲ Next.js 14.2.2
2026-05-19T09:49:37: Error: Could not find a production build in the '.next' directory. Try building your app with 'next build' before starting the production server. https://nextjs.org/docs/messages/production-start-no-build-id
    at setupFsCheck (D:\project\web\admin-panel\node_modules\next\src\server\lib\router-utils\filesystem.ts:157:13)
    at initialize (D:\project\web\admin-panel\node_modules\next\src\server\lib\router-server.ts:93:21)
    at Server.<anonymous> (D:\project\web\admin-panel\node_modules\next\src\server\lib\start-server.ts:293:28)
2026-05-19T09:49:37:   ▲ Next.js 14.2.2
2026-05-19T09:49:37:   ▲ Next.js 14.2.2
2026-05-19T09:49:37:   ▲ Next.js 14.2.2
2026-05-19T09:49:37:   - Local:        http://localhost:3000
2026-05-19T09:49:37: 
2026-05-19T09:49:37:  ✓ Starting...
2026-05-19T09:49:37:   - Local:        http://localhost:3000
2026-05-19T09:49:37: 
2026-05-19T09:49:37:  ✓ Starting...
2026-05-19T09:49:37:   - Local:        http://localhost:3000
2026-05-19T09:49:37: 
2026-05-19T09:49:37:  ✓ Starting...
2026-05-19T09:49:38: Error: Could not find a production build in the '.next' directory. Try building your app with 'next build' before starting the production server. https://nextjs.org/docs/messages/production-start-no-build-id
    at setupFsCheck (D:\project\web\admin-panel\node_modules\next\src\server\lib\router-utils\filesystem.ts:157:13)
    at initialize (D:\project\web\admin-panel\node_modules\next\src\server\lib\router-server.ts:93:21)
    at Server.<anonymous> (D:\project\web\admin-panel\node_modules\next\src\server\lib\start-server.ts:293:28)
2026-05-19T09:49:37:   - Local:        http://localhost:3000
2026-05-19T09:49:37: 
2026-05-19T09:49:37:  ✓ Starting...
2026-05-19T09:49:38: Error: Could not find a production build in the '.next' directory. Try building your app with 'next build' before starting the production server. https://nextjs.org/docs/messages/production-start-no-build-id
    at setupFsCheck (D:\project\web\admin-panel\node_modules\next\src\server\lib\router-utils\filesystem.ts:157:13)
    at initialize (D:\project\web\admin-panel\node_modules\next\src\server\lib\router-server.ts:93:21)
    at Server.<anonymous> (D:\project\web\admin-panel\node_modules\next\src\server\lib\start-server.ts:293:28)
2026-05-19T09:49:38: Error: Could not find a production build in the '.next' directory. Try building your app with 'next build' before starting the production server. https://nextjs.org/docs/messages/production-start-no-build-id
    at setupFsCheck (D:\project\web\admin-panel\node_modules\next\src\server\lib\router-utils\filesystem.ts:157:13)
    at initialize (D:\project\web\admin-panel\node_modules\next\src\server\lib\router-server.ts:93:21)
    at Server.<anonymous> (D:\project\web\admin-panel\node_modules\next\src\server\lib\start-server.ts:293:28)
2026-05-19T09:49:38: Error: Could not find a production build in the '.next' directory. Try building your app with 'next build' before starting the production server. https://nextjs.org/docs/messages/production-start-no-build-id
    at setupFsCheck (D:\project\web\admin-panel\node_modules\next\src\server\lib\router-utils\filesystem.ts:157:13)
    at initialize (D:\project\web\admin-panel\node_modules\next\src\server\lib\router-server.ts:93:21)
    at Server.<anonymous> (D:\project\web\admin-panel\node_modules\next\src\server\lib\start-server.ts:293:28)
2026-05-19T09:49:38:   ▲ Next.js 14.2.2
2026-05-19T09:49:38:   ▲ Next.js 14.2.2
2026-05-19T09:49:38:   ▲ Next.js 14.2.2
2026-05-19T09:49:38:   - Local:        http://localhost:3000
2026-05-19T09:49:38: 
2026-05-19T09:49:38:  ✓ Starting...
2026-05-19T09:49:38: Error: Could not find a production build in the '.next' directory. Try building your app with 'next build' before starting the production server. https://nextjs.org/docs/messages/production-start-no-build-id
    at setupFsCheck (D:\project\web\admin-panel\node_modules\next\src\server\lib\router-utils\filesystem.ts:157:13)
    at initialize (D:\project\web\admin-panel\node_modules\next\src\server\lib\router-server.ts:93:21)
    at Server.<anonymous> (D:\project\web\admin-panel\node_modules\next\src\server\lib\start-server.ts:293:28)
2026-05-19T09:49:38:   - Local:        http://localhost:3000
2026-05-19T09:49:38: 
2026-05-19T09:49:38:  ✓ Starting...
2026-05-19T09:49:38:   - Local:        http://localhost:3000
2026-05-19T09:49:38: 
2026-05-19T09:49:38:  ✓ Starting...
2026-05-19T09:49:39: Error: Could not find a production build in the '.next' directory. Try building your app with 'next build' before starting the production server. https://nextjs.org/docs/messages/production-start-no-build-id
    at setupFsCheck (D:\project\web\admin-panel\node_modules\next\src\server\lib\router-utils\filesystem.ts:157:13)
    at initialize (D:\project\web\admin-panel\node_modules\next\src\server\lib\router-server.ts:93:21)
    at Server.<anonymous> (D:\project\web\admin-panel\node_modules\next\src\server\lib\start-server.ts:293:28)
2026-05-19T09:49:39: Error: Could not find a production build in the '.next' directory. Try building your app with 'next build' before starting the production server. https://nextjs.org/docs/messages/production-start-no-build-id
    at setupFsCheck (D:\project\web\admin-panel\node_modules\next\src\server\lib\router-utils\filesystem.ts:157:13)
    at initialize (D:\project\web\admin-panel\node_modules\next\src\server\lib\router-server.ts:93:21)
    at Server.<anonymous> (D:\project\web\admin-panel\node_modules\next\src\server\lib\start-server.ts:293:28)
2026-05-19T09:49:39:   ▲ Next.js 14.2.2
2026-05-19T09:49:39:   - Local:        http://localhost:3000
2026-05-19T09:49:39: 
2026-05-19T09:49:39:  ✓ Starting...
2026-05-19T09:49:39: Error: Could not find a production build in the '.next' directory. Try building your app with 'next build' before starting the production server. https://nextjs.org/docs/messages/production-start-no-build-id
    at setupFsCheck (D:\project\web\admin-panel\node_modules\next\src\server\lib\router-utils\filesystem.ts:157:13)
    at initialize (D:\project\web\admin-panel\node_modules\next\src\server\lib\router-server.ts:93:21)
    at Server.<anonymous> (D:\project\web\admin-panel\node_modules\next\src\server\lib\start-server.ts:293:28)
2026-05-19T09:49:39:   ▲ Next.js 14.2.2
2026-05-19T09:49:39:   ▲ Next.js 14.2.2
2026-05-19T09:49:40:   ▲ Next.js 14.2.2
2026-05-19T09:49:40:   ▲ Next.js 14.2.2
2026-05-19T09:49:39:   - Local:        http://localhost:3000
2026-05-19T09:49:39: 
2026-05-19T09:49:39:  ✓ Starting...
2026-05-19T09:49:39:   - Local:        http://localhost:3000
2026-05-19T09:49:39: 
2026-05-19T09:49:39:  ✓ Starting...
2026-05-19T09:49:40: Error: Could not find a production build in the '.next' directory. Try building your app with 'next build' before starting the production server. https://nextjs.org/docs/messages/production-start-no-build-id
    at setupFsCheck (D:\project\web\admin-panel\node_modules\next\src\server\lib\router-utils\filesystem.ts:157:13)
    at initialize (D:\project\web\admin-panel\node_modules\next\src\server\lib\router-server.ts:93:21)
    at Server.<anonymous> (D:\project\web\admin-panel\node_modules\next\src\server\lib\start-server.ts:293:28)
2026-05-19T09:49:40:   - Local:        http://localhost:3000
2026-05-19T09:49:40: 
2026-05-19T09:49:40:  ✓ Starting...
2026-05-19T09:49:40:   - Local:        http://localhost:3000
2026-05-19T09:49:40: 
2026-05-19T09:49:40:  ✓ Starting...
2026-05-19T09:49:40: Error: Could not find a production build in the '.next' directory. Try building your app with 'next build' before starting the production server. https://nextjs.org/docs/messages/production-start-no-build-id
    at setupFsCheck (D:\project\web\admin-panel\node_modules\next\src\server\lib\router-utils\filesystem.ts:157:13)
    at initialize (D:\project\web\admin-panel\node_modules\next\src\server\lib\router-server.ts:93:21)
    at Server.<anonymous> (D:\project\web\admin-panel\node_modules\next\src\server\lib\start-server.ts:293:28)
2026-05-19T09:49:40: Error: Could not find a production build in the '.next' directory. Try building your app with 'next build' before starting the production server. https://nextjs.org/docs/messages/production-start-no-build-id
    at setupFsCheck (D:\project\web\admin-panel\node_modules\next\src\server\lib\router-utils\filesystem.ts:157:13)
    at initialize (D:\project\web\admin-panel\node_modules\next\src\server\lib\router-server.ts:93:21)
    at Server.<anonymous> (D:\project\web\admin-panel\node_modules\next\src\server\lib\start-server.ts:293:28)
2026-05-19T09:49:40: Error: Could not find a production build in the '.next' directory. Try building your app with 'next build' before starting the production server. https://nextjs.org/docs/messages/production-start-no-build-id
    at setupFsCheck (D:\project\web\admin-panel\node_modules\next\src\server\lib\router-utils\filesystem.ts:157:13)
    at initialize (D:\project\web\admin-panel\node_modules\next\src\server\lib\router-server.ts:93:21)
    at Server.<anonymous> (D:\project\web\admin-panel\node_modules\next\src\server\lib\start-server.ts:293:28)
2026-05-19T09:49:40:   ▲ Next.js 14.2.2
2026-05-19T09:49:40:   ▲ Next.js 14.2.2
2026-05-19T09:49:40:   ▲ Next.js 14.2.2
2026-05-19T09:49:40:   - Local:        http://localhost:3000
2026-05-19T09:49:40: 
2026-05-19T09:49:40:  ✓ Starting...
2026-05-19T09:49:41: Error: Could not find a production build in the '.next' directory. Try building your app with 'next build' before starting the production server. https://nextjs.org/docs/messages/production-start-no-build-id
    at setupFsCheck (D:\project\web\admin-panel\node_modules\next\src\server\lib\router-utils\filesystem.ts:157:13)
    at initialize (D:\project\web\admin-panel\node_modules\next\src\server\lib\router-server.ts:93:21)
    at Server.<anonymous> (D:\project\web\admin-panel\node_modules\next\src\server\lib\start-server.ts:293:28)
2026-05-19T09:49:40:   - Local:        http://localhost:3000
2026-05-19T09:49:40: 
2026-05-19T09:49:40:  ✓ Starting...
2026-05-19T09:49:40:   - Local:        http://localhost:3000
2026-05-19T09:49:40: 
2026-05-19T09:49:40:  ✓ Starting...
2026-05-19T09:49:41: Error: Could not find a production build in the '.next' directory. Try building your app with 'next build' before starting the production server. https://nextjs.org/docs/messages/production-start-no-build-id
    at setupFsCheck (D:\project\web\admin-panel\node_modules\next\src\server\lib\router-utils\filesystem.ts:157:13)
    at initialize (D:\project\web\admin-panel\node_modules\next\src\server\lib\router-server.ts:93:21)
    at Server.<anonymous> (D:\project\web\admin-panel\node_modules\next\src\server\lib\start-server.ts:293:28)
2026-05-19T09:49:41: Error: Could not find a production build in the '.next' directory. Try building your app with 'next build' before starting the production server. https://nextjs.org/docs/messages/production-start-no-build-id
    at setupFsCheck (D:\project\web\admin-panel\node_modules\next\src\server\lib\router-utils\filesystem.ts:157:13)
    at initialize (D:\project\web\admin-panel\node_modules\next\src\server\lib\router-server.ts:93:21)
    at Server.<anonymous> (D:\project\web\admin-panel\node_modules\next\src\server\lib\start-server.ts:293:28)
2026-05-19T09:49:41:   ▲ Next.js 14.2.2
2026-05-19T09:49:41:   - Local:        http://localhost:3000
2026-05-19T09:49:41: 
2026-05-19T09:49:41:  ✓ Starting...
2026-05-19T09:49:41:   ▲ Next.js 14.2.2
2026-05-19T09:49:42: Error: Could not find a production build in the '.next' directory. Try building your app with 'next build' before starting the production server. https://nextjs.org/docs/messages/production-start-no-build-id
    at setupFsCheck (D:\project\web\admin-panel\node_modules\next\src\server\lib\router-utils\filesystem.ts:157:13)
    at initialize (D:\project\web\admin-panel\node_modules\next\src\server\lib\router-server.ts:93:21)
    at Server.<anonymous> (D:\project\web\admin-panel\node_modules\next\src\server\lib\start-server.ts:293:28)
2026-05-19T09:49:42:   ▲ Next.js 14.2.2
2026-05-19T09:49:42:   ▲ Next.js 14.2.2
2026-05-19T09:49:42:   ▲ Next.js 14.2.2
2026-05-19T09:49:41:   - Local:        http://localhost:3000
2026-05-19T09:49:41: 
2026-05-19T09:49:41:  ✓ Starting...
2026-05-19T09:49:42:   - Local:        http://localhost:3000
2026-05-19T09:49:42: 
2026-05-19T09:49:42:  ✓ Starting...
2026-05-19T09:49:42: Error: Could not find a production build in the '.next' directory. Try building your app with 'next build' before starting the production server. https://nextjs.org/docs/messages/production-start-no-build-id
    at setupFsCheck (D:\project\web\admin-panel\node_modules\next\src\server\lib\router-utils\filesystem.ts:157:13)
    at initialize (D:\project\web\admin-panel\node_modules\next\src\server\lib\router-server.ts:93:21)
    at Server.<anonymous> (D:\project\web\admin-panel\node_modules\next\src\server\lib\start-server.ts:293:28)
2026-05-19T09:49:42:   - Local:        http://localhost:3000
2026-05-19T09:49:42: 
2026-05-19T09:49:42:  ✓ Starting...
2026-05-19T09:49:42: Error: Could not find a production build in the '.next' directory. Try building your app with 'next build' before starting the production server. https://nextjs.org/docs/messages/production-start-no-build-id
    at setupFsCheck (D:\project\web\admin-panel\node_modules\next\src\server\lib\router-utils\filesystem.ts:157:13)
    at initialize (D:\project\web\admin-panel\node_modules\next\src\server\lib\router-server.ts:93:21)
    at Server.<anonymous> (D:\project\web\admin-panel\node_modules\next\src\server\lib\start-server.ts:293:28)
2026-05-19T09:49:42: Error: Could not find a production build in the '.next' directory. Try building your app with 'next build' before starting the production server. https://nextjs.org/docs/messages/production-start-no-build-id
    at setupFsCheck (D:\project\web\admin-panel\node_modules\next\src\server\lib\router-utils\filesystem.ts:157:13)
    at initialize (D:\project\web\admin-panel\node_modules\next\src\server\lib\router-server.ts:93:21)
    at Server.<anonymous> (D:\project\web\admin-panel\node_modules\next\src\server\lib\start-server.ts:293:28)
2026-05-19T09:49:42:   ▲ Next.js 14.2.2
2026-05-19T09:49:42:   ▲ Next.js 14.2.2
2026-05-19T09:49:42:   - Local:        http://localhost:3000
2026-05-19T09:49:42: 
2026-05-19T09:49:42:  ✓ Starting...
2026-05-19T09:49:43: Error: Could not find a production build in the '.next' directory. Try building your app with 'next build' before starting the production server. https://nextjs.org/docs/messages/production-start-no-build-id
    at setupFsCheck (D:\project\web\admin-panel\node_modules\next\src\server\lib\router-utils\filesystem.ts:157:13)
    at initialize (D:\project\web\admin-panel\node_modules\next\src\server\lib\router-server.ts:93:21)
    at Server.<anonymous> (D:\project\web\admin-panel\node_modules\next\src\server\lib\start-server.ts:293:28)
2026-05-19T09:51:37:   ▲ Next.js 14.2.2
2026-05-19T09:51:37:   ▲ Next.js 14.2.2
2026-05-19T09:51:37:   - Local:        http://localhost:3000
2026-05-19T09:51:37: 
2026-05-19T09:51:37:  ✓ Starting...
2026-05-19T09:51:37:   ▲ Next.js 14.2.2
2026-05-19T09:51:37:   - Local:        http://localhost:3000
2026-05-19T09:51:37: 
2026-05-19T09:51:37:  ✓ Starting...
2026-05-19T09:51:37:   ▲ Next.js 14.2.2
2026-05-19T09:51:38:  ✓ Ready in 1000ms
2026-05-19T09:51:37:   - Local:        http://localhost:3000
2026-05-19T09:51:37: 
2026-05-19T09:51:37:  ✓ Starting...
2026-05-19T09:51:38:   ▲ Next.js 14.2.2
2026-05-19T09:51:38:  ✓ Ready in 1046ms
2026-05-19T09:51:37:   - Local:        http://localhost:3000
2026-05-19T09:51:37: 
2026-05-19T09:51:37:  ✓ Starting...
2026-05-19T09:51:38:   ▲ Next.js 14.2.2
2026-05-19T09:51:38:  ✓ Ready in 990ms
2026-05-19T09:51:38:   - Local:        http://localhost:3000
2026-05-19T09:51:38: 
2026-05-19T09:51:38:  ✓ Starting...
2026-05-19T09:51:38:  ✓ Ready in 978ms
2026-05-19T09:51:38:   ▲ Next.js 14.2.2
2026-05-19T09:51:38:   - Local:        http://localhost:3000
2026-05-19T09:51:38: 
2026-05-19T09:51:38:  ✓ Starting...
2026-05-19T09:51:38:   ▲ Next.js 14.2.2
2026-05-19T09:51:38:  ✓ Ready in 923ms
2026-05-19T09:51:38:   - Local:        http://localhost:3000
2026-05-19T09:51:38: 
2026-05-19T09:51:38:  ✓ Starting...
2026-05-19T09:51:38:  ✓ Ready in 853ms
2026-05-19T09:51:38:   - Local:        http://localhost:3000
2026-05-19T09:51:38: 
2026-05-19T09:51:38:  ✓ Starting...
2026-05-19T09:51:38:  ✓ Ready in 765ms
2026-05-19T09:51:38:  ✓ Ready in 651ms
2026-05-19T22:58:10:   ▲ Next.js 14.2.2
2026-05-19T22:58:10:   ▲ Next.js 14.2.2
2026-05-19T22:58:10:   ▲ Next.js 14.2.2
2026-05-19T22:58:10:   ▲ Next.js 14.2.2
2026-05-19T22:58:10:   ▲ Next.js 14.2.2
2026-05-19T22:58:10:   ▲ Next.js 14.2.2
2026-05-19T22:58:10:   ▲ Next.js 14.2.2
2026-05-19T22:58:10:   ▲ Next.js 14.2.2
2026-05-19T22:58:10:   - Local:        http://localhost:3000
2026-05-19T22:58:10: 
2026-05-19T22:58:10:  ✓ Starting...
2026-05-19T22:58:10:   - Local:        http://localhost:3000
2026-05-19T22:58:10: 
2026-05-19T22:58:10:  ✓ Starting...
2026-05-19T22:58:10:   - Local:        http://localhost:3000
2026-05-19T22:58:10: 
2026-05-19T22:58:10:  ✓ Starting...
2026-05-19T22:58:10:   - Local:        http://localhost:3000
2026-05-19T22:58:10: 
2026-05-19T22:58:10:  ✓ Starting...
2026-05-19T22:58:10:   - Local:        http://localhost:3000
2026-05-19T22:58:10:   - Local:        http://localhost:3000
2026-05-19T22:58:10: 
2026-05-19T22:58:10: 
2026-05-19T22:58:10:  ✓ Starting...
2026-05-19T22:58:10:  ✓ Starting...
2026-05-19T22:58:10:   - Local:        http://localhost:3000
2026-05-19T22:58:10: 
2026-05-19T22:58:10:  ✓ Starting...
2026-05-19T22:58:10:   - Local:        http://localhost:3000
2026-05-19T22:58:10: 
2026-05-19T22:58:10:  ✓ Starting...
2026-05-19T22:58:13:  ✓ Ready in 8s
2026-05-19T22:58:13:  ✓ Ready in 8s
2026-05-19T22:58:13:  ✓ Ready in 8s
2026-05-19T22:58:13:  ✓ Ready in 8s
2026-05-19T22:58:13:  ✓ Ready in 8s
2026-05-19T22:58:13:  ✓ Ready in 8.1s
2026-05-19T22:58:13:  ✓ Ready in 8s
2026-05-19T22:58:13:  ✓ Ready in 8s
2026-05-20T10:19:42:   ▲ Next.js 14.2.2
2026-05-20T10:19:42:   ▲ Next.js 14.2.2
2026-05-20T10:19:42:   ▲ Next.js 14.2.2
2026-05-20T10:19:43:   ▲ Next.js 14.2.2
2026-05-20T10:19:43:   ▲ Next.js 14.2.2
2026-05-20T10:19:43:   ▲ Next.js 14.2.2
2026-05-20T10:19:43:   ▲ Next.js 14.2.2
2026-05-20T10:19:43:   ▲ Next.js 14.2.2
2026-05-20T10:19:43:   - Local:        http://localhost:3000
2026-05-20T10:19:43: 
2026-05-20T10:19:43:  ✓ Starting...
2026-05-20T10:19:43:   - Local:        http://localhost:3000
2026-05-20T10:19:43: 
2026-05-20T10:19:43:  ✓ Starting...
2026-05-20T10:19:42:   - Local:        http://localhost:3000
2026-05-20T10:19:42: 
2026-05-20T10:19:42:  ✓ Starting...
2026-05-20T10:19:43:   - Local:        http://localhost:3000
2026-05-20T10:19:43: 
2026-05-20T10:19:43:  ✓ Starting...
2026-05-20T10:19:43:   - Local:        http://localhost:3000
2026-05-20T10:19:43: 
2026-05-20T10:19:43:  ✓ Starting...
2026-05-20T10:19:43:   - Local:        http://localhost:3000
2026-05-20T10:19:43: 
2026-05-20T10:19:43:  ✓ Starting...
2026-05-20T10:19:42:   - Local:        http://localhost:3000
2026-05-20T10:19:42: 
2026-05-20T10:19:42:  ✓ Starting...
2026-05-20T10:19:43:   - Local:        http://localhost:3000
2026-05-20T10:19:43: 
2026-05-20T10:19:43:  ✓ Starting...
2026-05-20T10:19:45:  ✓ Ready in 6.8s
2026-05-20T10:19:45:  ✓ Ready in 6.8s
2026-05-20T10:19:45:  ✓ Ready in 6.8s
2026-05-20T10:19:45:  ✓ Ready in 6.8s
2026-05-20T10:19:45:  ✓ Ready in 6.7s
2026-05-20T10:19:45:  ✓ Ready in 6.8s
2026-05-20T10:19:45:  ✓ Ready in 6.8s
2026-05-20T10:19:45:  ✓ Ready in 6.8s
2026-05-20T21:38:45:   ▲ Next.js 14.2.2
2026-05-20T21:38:45:   ▲ Next.js 14.2.2
2026-05-20T21:38:45:   - Local:        http://localhost:3000
2026-05-20T21:38:45: 
2026-05-20T21:38:45:  ✓ Starting...
2026-05-20T21:38:46:   ▲ Next.js 14.2.2
2026-05-20T21:38:45:   - Local:        http://localhost:3000
2026-05-20T21:38:45: 
2026-05-20T21:38:45:  ✓ Starting...
2026-05-20T21:38:46:   ▲ Next.js 14.2.2
2026-05-20T21:38:46:  ✓ Ready in 952ms
2026-05-20T21:38:46:   - Local:        http://localhost:3000
2026-05-20T21:38:46: 
2026-05-20T21:38:46:  ✓ Starting...
2026-05-20T21:38:46:  ✓ Ready in 981ms
2026-05-20T21:38:46:   ▲ Next.js 14.2.2
2026-05-20T21:38:46:   - Local:        http://localhost:3000
2026-05-20T21:38:46: 
2026-05-20T21:38:46:  ✓ Starting...
2026-05-20T21:38:46:   ▲ Next.js 14.2.2
2026-05-20T21:38:46:  ✓ Ready in 1025ms
2026-05-20T21:38:46:   - Local:        http://localhost:3000
2026-05-20T21:38:46: 
2026-05-20T21:38:46:  ✓ Starting...
2026-05-20T21:38:46:  ✓ Ready in 968ms
2026-05-20T21:38:46:   ▲ Next.js 14.2.2
2026-05-20T21:38:46:   - Local:        http://localhost:3000
2026-05-20T21:38:46: 
2026-05-20T21:38:46:  ✓ Starting...
2026-05-20T21:38:46:  ✓ Ready in 922ms
2026-05-20T21:38:46:   ▲ Next.js 14.2.2
2026-05-20T21:38:46:   - Local:        http://localhost:3000
2026-05-20T21:38:46: 
2026-05-20T21:38:46:  ✓ Starting...
2026-05-20T21:38:46:  ✓ Ready in 854ms
2026-05-20T21:38:46:   - Local:        http://localhost:3000
2026-05-20T21:38:46: 
2026-05-20T21:38:46:  ✓ Starting...
2026-05-20T21:38:46:  ✓ Ready in 720ms
2026-05-20T21:38:47:  ✓ Ready in 625ms
2026-05-23T10:13:41:   ▲ Next.js 14.2.2
2026-05-23T10:13:41:   ▲ Next.js 14.2.2
2026-05-23T10:13:41:   ▲ Next.js 14.2.2
2026-05-23T10:13:41:   ▲ Next.js 14.2.2
2026-05-23T10:13:41:   ▲ Next.js 14.2.2
2026-05-23T10:13:41:   ▲ Next.js 14.2.2
2026-05-23T10:13:41:   ▲ Next.js 14.2.2
2026-05-23T10:13:41:   ▲ Next.js 14.2.2
2026-05-23T10:13:41:   - Local:        http://localhost:3000
2026-05-23T10:13:41:   - Local:        http://localhost:3000
2026-05-23T10:13:41: 
2026-05-23T10:13:41:  ✓ Starting...
2026-05-23T10:13:41: 
2026-05-23T10:13:41:  ✓ Starting...
2026-05-23T10:13:41:   - Local:        http://localhost:3000
2026-05-23T10:13:41: 
2026-05-23T10:13:41:  ✓ Starting...
2026-05-23T10:13:41:   - Local:        http://localhost:3000
2026-05-23T10:13:41: 
2026-05-23T10:13:41:  ✓ Starting...
2026-05-23T10:13:41:   - Local:        http://localhost:3000
2026-05-23T10:13:41: 
2026-05-23T10:13:41:  ✓ Starting...
2026-05-23T10:13:41:   - Local:        http://localhost:3000
2026-05-23T10:13:41: 
2026-05-23T10:13:41:  ✓ Starting...
2026-05-23T10:13:41:   - Local:        http://localhost:3000
2026-05-23T10:13:41: 
2026-05-23T10:13:41:  ✓ Starting...
2026-05-23T10:13:41:   - Local:        http://localhost:3000
2026-05-23T10:13:41: 
2026-05-23T10:13:41:  ✓ Starting...
2026-05-23T10:13:43:  ✓ Ready in 6.1s
2026-05-23T10:13:43:  ✓ Ready in 6s
2026-05-23T10:13:43:  ✓ Ready in 6.1s
2026-05-23T10:13:43:  ✓ Ready in 6.1s
2026-05-23T10:13:43:  ✓ Ready in 6.1s
2026-05-23T10:13:43:  ✓ Ready in 6.1s
2026-05-23T10:13:43:  ✓ Ready in 6.1s
2026-05-23T10:13:43:  ✓ Ready in 6.1s
2026-05-23T10:33:46:   ▲ Next.js 14.2.2
2026-05-23T10:33:46:   ▲ Next.js 14.2.2
2026-05-23T10:33:46:   - Local:        http://localhost:3000
2026-05-23T10:33:46: 
2026-05-23T10:33:46:  ✓ Starting...
2026-05-23T10:33:46:   ▲ Next.js 14.2.2
2026-05-23T10:33:46:   - Local:        http://localhost:3000
2026-05-23T10:33:46: 
2026-05-23T10:33:46:  ✓ Starting...
2026-05-23T10:33:47:   ▲ Next.js 14.2.2
2026-05-23T10:33:47:  ✓ Ready in 955ms
2026-05-23T10:33:46:   - Local:        http://localhost:3000
2026-05-23T10:33:46: 
2026-05-23T10:33:46:  ✓ Starting...
2026-05-23T10:33:47:   ▲ Next.js 14.2.2
2026-05-23T10:33:47:  ✓ Ready in 970ms
2026-05-23T10:33:47:   - Local:        http://localhost:3000
2026-05-23T10:33:47: 
2026-05-23T10:33:47:  ✓ Starting...
2026-05-23T10:33:47:   ▲ Next.js 14.2.2
2026-05-23T10:33:47:  ✓ Ready in 971ms
2026-05-23T10:33:47:   ▲ Next.js 14.2.2
2026-05-23T10:33:47:   - Local:        http://localhost:3000
2026-05-23T10:33:47: 
2026-05-23T10:33:47:  ✓ Starting...
2026-05-23T10:33:47:  ✓ Ready in 921ms
2026-05-23T10:33:47:   - Local:        http://localhost:3000
2026-05-23T10:33:47: 
2026-05-23T10:33:47:  ✓ Starting...
2026-05-23T10:33:47:   ▲ Next.js 14.2.2
2026-05-23T10:33:47:  ✓ Ready in 864ms
2026-05-23T10:33:47:   - Local:        http://localhost:3000
2026-05-23T10:33:47: 
2026-05-23T10:33:47:  ✓ Starting...
2026-05-23T10:33:47:  ✓ Ready in 790ms
2026-05-23T10:33:47:   - Local:        http://localhost:3000
2026-05-23T10:33:47: 
2026-05-23T10:33:47:  ✓ Starting...
2026-05-23T10:33:47:  ✓ Ready in 710ms
2026-05-23T10:33:47:  ✓ Ready in 618ms
2026-05-24T19:10:37:   ▲ Next.js 14.2.2
2026-05-24T19:10:37:   ▲ Next.js 14.2.2
2026-05-24T19:10:37:   ▲ Next.js 14.2.2
2026-05-24T19:10:37:   ▲ Next.js 14.2.2
2026-05-24T19:10:37:   ▲ Next.js 14.2.2
2026-05-24T19:10:37:   ▲ Next.js 14.2.2
2026-05-24T19:10:37:   ▲ Next.js 14.2.2
2026-05-24T19:10:37:   ▲ Next.js 14.2.2
2026-05-24T19:10:37:   - Local:        http://localhost:3000
2026-05-24T19:10:37: 
2026-05-24T19:10:37:  ✓ Starting...
2026-05-24T19:10:37:   - Local:        http://localhost:3000
2026-05-24T19:10:37: 
2026-05-24T19:10:37:  ✓ Starting...
2026-05-24T19:10:37:   - Local:        http://localhost:3000
2026-05-24T19:10:37: 
2026-05-24T19:10:37:  ✓ Starting...
2026-05-24T19:10:37:   - Local:        http://localhost:3000
2026-05-24T19:10:37: 
2026-05-24T19:10:37:   - Local:        http://localhost:3000
2026-05-24T19:10:37:  ✓ Starting...
2026-05-24T19:10:37: 
2026-05-24T19:10:37:  ✓ Starting...
2026-05-24T19:10:37:   - Local:        http://localhost:3000
2026-05-24T19:10:37: 
2026-05-24T19:10:37:  ✓ Starting...
2026-05-24T19:10:37:   - Local:        http://localhost:3000
2026-05-24T19:10:37: 
2026-05-24T19:10:37:  ✓ Starting...
2026-05-24T19:10:37:   - Local:        http://localhost:3000
2026-05-24T19:10:37: 
2026-05-24T19:10:37:  ✓ Starting...
2026-05-24T19:10:39:  ✓ Ready in 4.7s
2026-05-24T19:10:39:  ✓ Ready in 4.5s
2026-05-24T19:10:39:  ✓ Ready in 4.7s
2026-05-24T19:10:39:  ✓ Ready in 4.7s
2026-05-24T19:10:39:  ✓ Ready in 4.8s
2026-05-24T19:10:39:  ✓ Ready in 4.5s
2026-05-24T19:10:39:  ✓ Ready in 4.8s
2026-05-24T19:10:39:  ✓ Ready in 4.6s
2026-05-25T14:04:42:   ▲ Next.js 14.2.2
2026-05-25T14:04:42:   ▲ Next.js 14.2.2
2026-05-25T14:04:42:   ▲ Next.js 14.2.2
2026-05-25T14:04:42:   ▲ Next.js 14.2.2
2026-05-25T14:04:42:   ▲ Next.js 14.2.2
2026-05-25T14:04:42:   ▲ Next.js 14.2.2
2026-05-25T14:04:42:   ▲ Next.js 14.2.2
2026-05-25T14:04:42:   ▲ Next.js 14.2.2
2026-05-25T14:04:42:   - Local:        http://localhost:3000
2026-05-25T14:04:42: 
2026-05-25T14:04:42:  ✓ Starting...
2026-05-25T14:04:42:   - Local:        http://localhost:3000
2026-05-25T14:04:42: 
2026-05-25T14:04:42:  ✓ Starting...
2026-05-25T14:04:42:   - Local:        http://localhost:3000
2026-05-25T14:04:42: 
2026-05-25T14:04:42:  ✓ Starting...
2026-05-25T14:04:42:   - Local:        http://localhost:3000
2026-05-25T14:04:42: 
2026-05-25T14:04:42:  ✓ Starting...
2026-05-25T14:04:42:   - Local:        http://localhost:3000
2026-05-25T14:04:42: 
2026-05-25T14:04:42:  ✓ Starting...
2026-05-25T14:04:42:   - Local:        http://localhost:3000
2026-05-25T14:04:42: 
2026-05-25T14:04:42:  ✓ Starting...
2026-05-25T14:04:42:   - Local:        http://localhost:3000
2026-05-25T14:04:42: 
2026-05-25T14:04:42:  ✓ Starting...
2026-05-25T14:04:42:   - Local:        http://localhost:3000
2026-05-25T14:04:42: 
2026-05-25T14:04:42:  ✓ Starting...
2026-05-25T14:04:44:  ✓ Ready in 5.1s
2026-05-25T14:04:44:  ✓ Ready in 5.3s
2026-05-25T14:04:44:  ✓ Ready in 5.3s
2026-05-25T14:04:44:  ✓ Ready in 5.2s
2026-05-25T14:04:44:  ✓ Ready in 5s
2026-05-25T14:04:44:  ✓ Ready in 5.3s
2026-05-25T14:04:44:  ✓ Ready in 5.3s
2026-05-25T14:04:44:  ✓ Ready in 5.3s
2026-05-27T20:36:37:   ▲ Next.js 14.2.2
2026-05-27T20:36:37:   ▲ Next.js 14.2.2
2026-05-27T20:36:37:   ▲ Next.js 14.2.2
2026-05-27T20:36:37:   ▲ Next.js 14.2.2
2026-05-27T20:36:37:   ▲ Next.js 14.2.2
2026-05-27T20:36:37:   ▲ Next.js 14.2.2
2026-05-27T20:36:37:   ▲ Next.js 14.2.2
2026-05-27T20:36:37:   ▲ Next.js 14.2.2
2026-05-27T20:36:37:   - Local:        http://localhost:3000
2026-05-27T20:36:37: 
2026-05-27T20:36:37:  ✓ Starting...
2026-05-27T20:36:37:   - Local:        http://localhost:3000
2026-05-27T20:36:37: 
2026-05-27T20:36:37:  ✓ Starting...
2026-05-27T20:36:37:   - Local:        http://localhost:3000
2026-05-27T20:36:37: 
2026-05-27T20:36:37:  ✓ Starting...
2026-05-27T20:36:37:   - Local:        http://localhost:3000
2026-05-27T20:36:37: 
2026-05-27T20:36:37:  ✓ Starting...
2026-05-27T20:36:37:   - Local:        http://localhost:3000
2026-05-27T20:36:37: 
2026-05-27T20:36:37:  ✓ Starting...
2026-05-27T20:36:37:   - Local:        http://localhost:3000
2026-05-27T20:36:37: 
2026-05-27T20:36:37:  ✓ Starting...
2026-05-27T20:36:37:   - Local:        http://localhost:3000
2026-05-27T20:36:37: 
2026-05-27T20:36:37:  ✓ Starting...
2026-05-27T20:36:37:   - Local:        http://localhost:3000
2026-05-27T20:36:37: 
2026-05-27T20:36:37:  ✓ Starting...
2026-05-27T20:36:39:  ✓ Ready in 4.1s
2026-05-27T20:36:39:  ✓ Ready in 4.4s
2026-05-27T20:36:39:  ✓ Ready in 4.4s
2026-05-27T20:36:39:  ✓ Ready in 4.4s
2026-05-27T20:36:39:  ✓ Ready in 4.2s
2026-05-27T20:36:39:  ✓ Ready in 4.3s
2026-05-27T20:36:39:  ✓ Ready in 4s
2026-05-27T20:36:39:  ✓ Ready in 4.4s
2026-05-28T01:18:01:   ▲ Next.js 14.2.2
2026-05-28T01:18:01:   ▲ Next.js 14.2.2
2026-05-28T01:18:01:   - Local:        http://localhost:3000
2026-05-28T01:18:01: 
2026-05-28T01:18:01:  ✓ Starting...
2026-05-28T01:18:02:   ▲ Next.js 14.2.2
2026-05-28T01:18:01:   - Local:        http://localhost:3000
2026-05-28T01:18:01: 
2026-05-28T01:18:01:  ✓ Starting...
2026-05-28T01:18:02:   ▲ Next.js 14.2.2
2026-05-28T01:18:02:  ✓ Ready in 993ms
2026-05-28T01:18:02:   - Local:        http://localhost:3000
2026-05-28T01:18:02: 
2026-05-28T01:18:02:  ✓ Starting...
2026-05-28T01:18:02:   ▲ Next.js 14.2.2
2026-05-28T01:18:02:  ✓ Ready in 985ms
2026-05-28T01:18:02:   - Local:        http://localhost:3000
2026-05-28T01:18:02: 
2026-05-28T01:18:02:  ✓ Starting...
2026-05-28T01:18:02:   ▲ Next.js 14.2.2
2026-05-28T01:18:02:  ✓ Ready in 1024ms
2026-05-28T01:18:02:   ▲ Next.js 14.2.2
2026-05-28T01:18:02:   - Local:        http://localhost:3000
2026-05-28T01:18:02: 
2026-05-28T01:18:02:  ✓ Starting...
2026-05-28T01:18:02:  ✓ Ready in 952ms
2026-05-28T01:18:02:   - Local:        http://localhost:3000
2026-05-28T01:18:02: 
2026-05-28T01:18:02:  ✓ Starting...
2026-05-28T01:18:02:   ▲ Next.js 14.2.2
2026-05-28T01:18:02:  ✓ Ready in 920ms
2026-05-28T01:18:02:   - Local:        http://localhost:3000
2026-05-28T01:18:02: 
2026-05-28T01:18:02:  ✓ Starting...
2026-05-28T01:18:02:  ✓ Ready in 848ms
2026-05-28T01:18:02:   - Local:        http://localhost:3000
2026-05-28T01:18:02: 
2026-05-28T01:18:02:  ✓ Starting...
2026-05-28T01:18:02:  ✓ Ready in 744ms
2026-05-28T01:18:02:  ✓ Ready in 646ms
2026-05-28T12:57:02:   ▲ Next.js 14.2.2
2026-05-28T12:57:02:   ▲ Next.js 14.2.2
2026-05-28T12:57:02:   ▲ Next.js 14.2.2
2026-05-28T12:57:02:   ▲ Next.js 14.2.2
2026-05-28T12:57:02:   ▲ Next.js 14.2.2
2026-05-28T12:57:02:   ▲ Next.js 14.2.2
2026-05-28T12:57:02:   ▲ Next.js 14.2.2
2026-05-28T12:57:02:   ▲ Next.js 14.2.2
2026-05-28T12:57:02:   - Local:        http://localhost:3000
2026-05-28T12:57:02: 
2026-05-28T12:57:02:  ✓ Starting...
2026-05-28T12:57:02:   - Local:        http://localhost:3000
2026-05-28T12:57:02: 
2026-05-28T12:57:02:  ✓ Starting...
2026-05-28T12:57:02:   - Local:        http://localhost:3000
2026-05-28T12:57:02: 
2026-05-28T12:57:02:  ✓ Starting...
2026-05-28T12:57:02:   - Local:        http://localhost:3000
2026-05-28T12:57:02: 
2026-05-28T12:57:02:  ✓ Starting...
2026-05-28T12:57:02:   - Local:        http://localhost:3000
2026-05-28T12:57:02: 
2026-05-28T12:57:02:  ✓ Starting...
2026-05-28T12:57:02:   - Local:        http://localhost:3000
2026-05-28T12:57:02: 
2026-05-28T12:57:02:  ✓ Starting...
2026-05-28T12:57:02:   - Local:        http://localhost:3000
2026-05-28T12:57:02: 
2026-05-28T12:57:02:  ✓ Starting...
2026-05-28T12:57:02:   - Local:        http://localhost:3000
2026-05-28T12:57:02: 
2026-05-28T12:57:02:  ✓ Starting...
2026-05-28T12:57:05:  ✓ Ready in 8.8s
2026-05-28T12:57:05:  ✓ Ready in 8.8s
2026-05-28T12:57:05:  ✓ Ready in 8.7s
2026-05-28T12:57:05:  ✓ Ready in 8.8s
2026-05-28T12:57:05:  ✓ Ready in 8.8s
2026-05-28T12:57:05:  ✓ Ready in 8.8s
2026-05-28T12:57:05:  ✓ Ready in 8.8s
2026-05-28T12:57:05:  ✓ Ready in 8.6s
2026-06-22T14:42:58:   ▲ Next.js 14.2.2
2026-06-22T14:42:58:   ▲ Next.js 14.2.2
2026-06-22T14:42:58:   ▲ Next.js 14.2.2
2026-06-22T14:42:58:   ▲ Next.js 14.2.2
2026-06-22T14:42:58:   ▲ Next.js 14.2.2
2026-06-22T14:42:58:   ▲ Next.js 14.2.2
2026-06-22T14:42:58:   ▲ Next.js 14.2.2
2026-06-22T14:42:58:   - Local:        http://localhost:3000
2026-06-22T14:42:58: 
2026-06-22T14:42:58:  ✓ Starting...
2026-06-22T14:42:58:   - Local:        http://localhost:3000
2026-06-22T14:42:58: 
2026-06-22T14:42:58:  ✓ Starting...
2026-06-22T14:42:58:   - Local:        http://localhost:3000
2026-06-22T14:42:58: 
2026-06-22T14:42:58:  ✓ Starting...
2026-06-22T14:42:58:   - Local:        http://localhost:3000
2026-06-22T14:42:58: 
2026-06-22T14:42:58:  ✓ Starting...
2026-06-22T14:42:58:   - Local:        http://localhost:3000
2026-06-22T14:42:58: 
2026-06-22T14:42:58:  ✓ Starting...
2026-06-22T14:42:58:   - Local:        http://localhost:3000
2026-06-22T14:42:58: 
2026-06-22T14:42:58:  ✓ Starting...
2026-06-22T14:42:58:   ▲ Next.js 14.2.2
2026-06-22T14:42:58:   - Local:        http://localhost:3000
2026-06-22T14:42:58: 
2026-06-22T14:42:58:  ✓ Starting...
2026-06-22T14:42:58:  ✓ Ready in 1595ms
2026-06-22T14:42:58:  ✓ Ready in 1304ms
2026-06-22T14:42:58:  ✓ Ready in 1735ms
2026-06-22T14:42:58:  ✓ Ready in 1798ms
2026-06-22T14:42:58:  ✓ Ready in 1478ms
2026-06-22T14:42:58:  ✓ Ready in 1181ms
2026-06-22T14:42:58:   - Local:        http://localhost:3000
2026-06-22T14:42:58: 
2026-06-22T14:42:58:  ✓ Starting...
2026-06-22T14:42:59:  ✓ Ready in 1104ms
2026-06-22T14:42:59:  ✓ Ready in 1116ms
2026-06-22T22:55:14:   ▲ Next.js 14.2.2
2026-06-22T22:55:14:   ▲ Next.js 14.2.2
2026-06-22T22:55:14:   ▲ Next.js 14.2.2
2026-06-22T22:55:14:   ▲ Next.js 14.2.2
2026-06-22T22:55:14:   ▲ Next.js 14.2.2
2026-06-22T22:55:14:   ▲ Next.js 14.2.2
2026-06-22T22:55:14:   ▲ Next.js 14.2.2
2026-06-22T22:55:14:   ▲ Next.js 14.2.2
2026-06-22T22:55:14:   - Local:        http://localhost:3000
2026-06-22T22:55:14: 
2026-06-22T22:55:14:  ✓ Starting...
2026-06-22T22:55:14:   - Local:        http://localhost:3000
2026-06-22T22:55:14: 
2026-06-22T22:55:14:  ✓ Starting...
2026-06-22T22:55:14:   - Local:        http://localhost:3000
2026-06-22T22:55:14: 
2026-06-22T22:55:14:  ✓ Starting...
2026-06-22T22:55:14:   - Local:        http://localhost:3000
2026-06-22T22:55:14: 
2026-06-22T22:55:14:  ✓ Starting...
2026-06-22T22:55:14:   - Local:        http://localhost:3000
2026-06-22T22:55:14: 
2026-06-22T22:55:14:  ✓ Starting...
2026-06-22T22:55:14:   - Local:        http://localhost:3000
2026-06-22T22:55:14: 
2026-06-22T22:55:14:  ✓ Starting...
2026-06-22T22:55:14:   - Local:        http://localhost:3000
2026-06-22T22:55:14: 
2026-06-22T22:55:14:  ✓ Starting...
2026-06-22T22:55:14:   - Local:        http://localhost:3000
2026-06-22T22:55:14: 
2026-06-22T22:55:14:  ✓ Starting...
2026-06-22T22:55:17:  ✓ Ready in 5.8s
2026-06-22T22:55:17:  ✓ Ready in 5.6s
2026-06-22T22:55:17:  ✓ Ready in 5.8s
2026-06-22T22:55:17:  ✓ Ready in 5.8s
2026-06-22T22:55:17:  ✓ Ready in 5.8s
2026-06-22T22:55:17:  ✓ Ready in 5.5s
2026-06-22T22:55:17:  ✓ Ready in 5.6s
2026-06-22T22:55:17:  ✓ Ready in 5.4s
2026-06-23T21:28:45:   ▲ Next.js 14.2.2
2026-06-23T21:28:45:   ▲ Next.js 14.2.2
2026-06-23T21:28:45:   ▲ Next.js 14.2.2
2026-06-23T21:28:45:   ▲ Next.js 14.2.2
2026-06-23T21:28:45:   ▲ Next.js 14.2.2
2026-06-23T21:28:45:   ▲ Next.js 14.2.2
2026-06-23T21:28:45:   ▲ Next.js 14.2.2
2026-06-23T21:28:45:   ▲ Next.js 14.2.2
2026-06-23T21:28:45:   - Local:        http://localhost:3000
2026-06-23T21:28:45: 
2026-06-23T21:28:45:  ✓ Starting...
2026-06-23T21:28:45:   - Local:        http://localhost:3000
2026-06-23T21:28:45:   - Local:        http://localhost:3000
2026-06-23T21:28:45: 
2026-06-23T21:28:45: 
2026-06-23T21:28:45:  ✓ Starting...
2026-06-23T21:28:45:  ✓ Starting...
2026-06-23T21:28:45:   - Local:        http://localhost:3000
2026-06-23T21:28:45: 
2026-06-23T21:28:45:  ✓ Starting...
2026-06-23T21:28:45:   - Local:        http://localhost:3000
2026-06-23T21:28:45: 
2026-06-23T21:28:45:   - Local:        http://localhost:3000
2026-06-23T21:28:45:  ✓ Starting...
2026-06-23T21:28:45:   - Local:        http://localhost:3000
2026-06-23T21:28:45:   - Local:        http://localhost:3000
2026-06-23T21:28:45: 
2026-06-23T21:28:45: 
2026-06-23T21:28:45: 
2026-06-23T21:28:45:  ✓ Starting...
2026-06-23T21:28:45:  ✓ Starting...
2026-06-23T21:28:45:  ✓ Starting...
2026-06-23T21:28:48:  ✓ Ready in 8.4s
2026-06-23T21:28:48:  ✓ Ready in 8.4s
2026-06-23T21:28:48:  ✓ Ready in 8.4s
2026-06-23T21:28:48:  ✓ Ready in 8.4s
2026-06-23T21:28:48:  ✓ Ready in 8.4s
2026-06-23T21:28:48:  ✓ Ready in 8.4s
2026-06-23T21:28:48:  ✓ Ready in 8.4s
2026-06-23T21:28:48:  ✓ Ready in 8.4s
2026-06-23T22:46:04:   ▲ Next.js 14.2.2
2026-06-23T22:46:04:   ▲ Next.js 14.2.2
2026-06-23T22:46:04:   ▲ Next.js 14.2.2
2026-06-23T22:46:04:   ▲ Next.js 14.2.2
2026-06-23T22:46:04:   ▲ Next.js 14.2.2
2026-06-23T22:46:04:   ▲ Next.js 14.2.2
2026-06-23T22:46:04:   ▲ Next.js 14.2.2
2026-06-23T22:46:04:   ▲ Next.js 14.2.2
2026-06-23T22:46:04:   - Local:        http://localhost:3000
2026-06-23T22:46:04: 
2026-06-23T22:46:04:  ✓ Starting...
2026-06-23T22:46:04:   - Local:        http://localhost:3000
2026-06-23T22:46:04: 
2026-06-23T22:46:04:  ✓ Starting...
2026-06-23T22:46:04:   - Local:        http://localhost:3000
2026-06-23T22:46:04: 
2026-06-23T22:46:04:  ✓ Starting...
2026-06-23T22:46:04:   - Local:        http://localhost:3000
2026-06-23T22:46:04: 
2026-06-23T22:46:04:  ✓ Starting...
2026-06-23T22:46:04:   - Local:        http://localhost:3000
2026-06-23T22:46:04: 
2026-06-23T22:46:04:  ✓ Starting...
2026-06-23T22:46:04:   - Local:        http://localhost:3000
2026-06-23T22:46:04: 
2026-06-23T22:46:04:  ✓ Starting...
2026-06-23T22:46:04:   - Local:        http://localhost:3000
2026-06-23T22:46:04: 
2026-06-23T22:46:04:  ✓ Starting...
2026-06-23T22:46:04:   - Local:        http://localhost:3000
2026-06-23T22:46:04: 
2026-06-23T22:46:04:  ✓ Starting...
2026-06-23T22:46:07:  ✓ Ready in 8.8s
2026-06-23T22:46:07:  ✓ Ready in 8.8s
2026-06-23T22:46:07:  ✓ Ready in 8.8s
2026-06-23T22:46:07:  ✓ Ready in 8.8s
2026-06-23T22:46:07:  ✓ Ready in 8.8s
2026-06-23T22:46:07:  ✓ Ready in 8.7s
2026-06-23T22:46:07:  ✓ Ready in 8.7s
2026-06-23T22:46:07:  ✓ Ready in 8.8s
2026-06-24T20:23:56:   ▲ Next.js 14.2.2
2026-06-24T20:23:56:   ▲ Next.js 14.2.2
2026-06-24T20:23:56:   ▲ Next.js 14.2.2
2026-06-24T20:23:56:   ▲ Next.js 14.2.2
2026-06-24T20:23:56:   ▲ Next.js 14.2.2
2026-06-24T20:23:56:   ▲ Next.js 14.2.2
2026-06-24T20:23:56:   ▲ Next.js 14.2.2
2026-06-24T20:23:56:   ▲ Next.js 14.2.2
2026-06-24T20:23:56:   - Local:        http://localhost:3000
2026-06-24T20:23:56: 
2026-06-24T20:23:56:  ✓ Starting...
2026-06-24T20:23:56:   - Local:        http://localhost:3000
2026-06-24T20:23:56: 
2026-06-24T20:23:56:  ✓ Starting...
2026-06-24T20:23:56:   - Local:        http://localhost:3000
2026-06-24T20:23:56: 
2026-06-24T20:23:56:  ✓ Starting...
2026-06-24T20:23:56:   - Local:        http://localhost:3000
2026-06-24T20:23:56: 
2026-06-24T20:23:56:  ✓ Starting...
2026-06-24T20:23:56:   - Local:        http://localhost:3000
2026-06-24T20:23:56: 
2026-06-24T20:23:56:  ✓ Starting...
2026-06-24T20:23:56:   - Local:        http://localhost:3000
2026-06-24T20:23:56: 
2026-06-24T20:23:56:  ✓ Starting...
2026-06-24T20:23:56:   - Local:        http://localhost:3000
2026-06-24T20:23:56: 
2026-06-24T20:23:56:  ✓ Starting...
2026-06-24T20:23:56:   - Local:        http://localhost:3000
2026-06-24T20:23:56: 
2026-06-24T20:23:56:  ✓ Starting...
2026-06-24T20:24:00:  ✓ Ready in 13.5s
2026-06-24T20:24:00:  ✓ Ready in 13.5s
2026-06-24T20:24:00:  ✓ Ready in 13.5s
2026-06-24T20:24:00:  ✓ Ready in 13.5s
2026-06-24T20:24:00:  ✓ Ready in 13.5s
2026-06-24T20:24:00:  ✓ Ready in 13.5s
2026-06-24T20:24:00:  ✓ Ready in 13.5s
2026-06-24T20:24:00:  ✓ Ready in 13.5s
2026-06-25T21:21:12:   ▲ Next.js 14.2.2
2026-06-25T21:21:12:   ▲ Next.js 14.2.2
2026-06-25T21:21:12:   ▲ Next.js 14.2.2
2026-06-25T21:21:12:   ▲ Next.js 14.2.2
2026-06-25T21:21:12:   ▲ Next.js 14.2.2
2026-06-25T21:21:12:   ▲ Next.js 14.2.2
2026-06-25T21:21:12:   ▲ Next.js 14.2.2
2026-06-25T21:21:12:   ▲ Next.js 14.2.2
2026-06-25T21:21:12:   - Local:        http://localhost:3000
2026-06-25T21:21:12: 
2026-06-25T21:21:12:  ✓ Starting...
2026-06-25T21:21:12:   - Local:        http://localhost:3000
2026-06-25T21:21:12: 
2026-06-25T21:21:12:  ✓ Starting...
2026-06-25T21:21:12:   - Local:        http://localhost:3000
2026-06-25T21:21:12: 
2026-06-25T21:21:12:  ✓ Starting...
2026-06-25T21:21:12:   - Local:        http://localhost:3000
2026-06-25T21:21:12: 
2026-06-25T21:21:12:   - Local:        http://localhost:3000
2026-06-25T21:21:12:  ✓ Starting...
2026-06-25T21:21:12: 
2026-06-25T21:21:12:  ✓ Starting...
2026-06-25T21:21:12:   - Local:        http://localhost:3000
2026-06-25T21:21:12: 
2026-06-25T21:21:12:  ✓ Starting...
2026-06-25T21:21:12:   - Local:        http://localhost:3000
2026-06-25T21:21:12: 
2026-06-25T21:21:12:  ✓ Starting...
2026-06-25T21:21:12:   - Local:        http://localhost:3000
2026-06-25T21:21:12: 
2026-06-25T21:21:12:  ✓ Starting...
2026-06-25T21:21:15:  ✓ Ready in 9s
2026-06-25T21:21:15:  ✓ Ready in 9s
2026-06-25T21:21:15:  ✓ Ready in 9s
2026-06-25T21:21:15:  ✓ Ready in 9s
2026-06-25T21:21:15:  ✓ Ready in 9s
2026-06-25T21:21:15:  ✓ Ready in 9s
2026-06-25T21:21:15:  ✓ Ready in 9s
2026-06-25T21:21:15:  ✓ Ready in 8.9s
2026-06-26T20:23:49:   ▲ Next.js 14.2.2
2026-06-26T20:23:49:   ▲ Next.js 14.2.2
2026-06-26T20:23:49:   ▲ Next.js 14.2.2
2026-06-26T20:23:49:   ▲ Next.js 14.2.2
2026-06-26T20:23:49:   ▲ Next.js 14.2.2
2026-06-26T20:23:49:   ▲ Next.js 14.2.2
2026-06-26T20:23:49:   ▲ Next.js 14.2.2
2026-06-26T20:23:49:   ▲ Next.js 14.2.2
2026-06-26T20:23:49:   - Local:        http://localhost:3000
2026-06-26T20:23:49: 
2026-06-26T20:23:49:  ✓ Starting...
2026-06-26T20:23:49:   - Local:        http://localhost:3000
2026-06-26T20:23:49: 
2026-06-26T20:23:49:  ✓ Starting...
2026-06-26T20:23:49:   - Local:        http://localhost:3000
2026-06-26T20:23:49: 
2026-06-26T20:23:49:  ✓ Starting...
2026-06-26T20:23:49:   - Local:        http://localhost:3000
2026-06-26T20:23:49: 
2026-06-26T20:23:49:  ✓ Starting...
2026-06-26T20:23:49:   - Local:        http://localhost:3000
2026-06-26T20:23:49:   - Local:        http://localhost:3000
2026-06-26T20:23:49: 
2026-06-26T20:23:49:   - Local:        http://localhost:3000
2026-06-26T20:23:49: 
2026-06-26T20:23:49:  ✓ Starting...
2026-06-26T20:23:49: 
2026-06-26T20:23:49:  ✓ Starting...
2026-06-26T20:23:49:  ✓ Starting...
2026-06-26T20:23:49:   - Local:        http://localhost:3000
2026-06-26T20:23:49: 
2026-06-26T20:23:49:  ✓ Starting...
2026-06-26T20:23:52:  ✓ Ready in 9.6s
2026-06-26T20:23:52:  ✓ Ready in 9.6s
2026-06-26T20:23:52:  ✓ Ready in 9.6s
2026-06-26T20:23:52:  ✓ Ready in 9.6s
2026-06-26T20:23:52:  ✓ Ready in 9.6s
2026-06-26T20:23:52:  ✓ Ready in 9.6s
2026-06-26T20:23:52:  ✓ Ready in 9.6s
2026-06-26T20:23:52:  ✓ Ready in 9.6s
2026-06-27T17:55:57:   ▲ Next.js 14.2.2
2026-06-27T17:55:57:   ▲ Next.js 14.2.2
2026-06-27T17:55:57:   ▲ Next.js 14.2.2
2026-06-27T17:55:57:   ▲ Next.js 14.2.2
2026-06-27T17:55:57:   ▲ Next.js 14.2.2
2026-06-27T17:55:57:   ▲ Next.js 14.2.2
2026-06-27T17:55:57:   ▲ Next.js 14.2.2
2026-06-27T17:55:57:   ▲ Next.js 14.2.2
2026-06-27T17:55:57:   - Local:        http://localhost:3000
2026-06-27T17:55:57: 
2026-06-27T17:55:57:  ✓ Starting...
2026-06-27T17:55:57:   - Local:        http://localhost:3000
2026-06-27T17:55:57: 
2026-06-27T17:55:57:  ✓ Starting...
2026-06-27T17:55:57:   - Local:        http://localhost:3000
2026-06-27T17:55:57: 
2026-06-27T17:55:57:  ✓ Starting...
2026-06-27T17:55:57:   - Local:        http://localhost:3000
2026-06-27T17:55:57: 
2026-06-27T17:55:57:  ✓ Starting...
2026-06-27T17:55:57:   - Local:        http://localhost:3000
2026-06-27T17:55:57: 
2026-06-27T17:55:57:  ✓ Starting...
2026-06-27T17:55:57:   - Local:        http://localhost:3000
2026-06-27T17:55:57: 
2026-06-27T17:55:57:  ✓ Starting...
2026-06-27T17:55:57:   - Local:        http://localhost:3000
2026-06-27T17:55:57: 
2026-06-27T17:55:57:  ✓ Starting...
2026-06-27T17:55:57:   - Local:        http://localhost:3000
2026-06-27T17:55:57: 
2026-06-27T17:55:57:  ✓ Starting...
2026-06-27T17:56:00:  ✓ Ready in 9.6s
2026-06-27T17:56:00:  ✓ Ready in 9.6s
2026-06-27T17:56:00:  ✓ Ready in 9.6s
2026-06-27T17:56:00:  ✓ Ready in 9.6s
2026-06-27T17:56:00:  ✓ Ready in 9.6s
2026-06-27T17:56:00:  ✓ Ready in 9.6s
2026-06-27T17:56:00:  ✓ Ready in 9.6s
2026-06-27T17:56:00:  ✓ Ready in 9.6s
2026-06-28T14:09:44:   ▲ Next.js 14.2.2
2026-06-28T14:09:44:   ▲ Next.js 14.2.2
2026-06-28T14:09:44:   ▲ Next.js 14.2.2
2026-06-28T14:09:44:   ▲ Next.js 14.2.2
2026-06-28T14:09:44:   ▲ Next.js 14.2.2
2026-06-28T14:09:44:   ▲ Next.js 14.2.2
2026-06-28T14:09:44:   ▲ Next.js 14.2.2
2026-06-28T14:09:44:   ▲ Next.js 14.2.2
2026-06-28T14:09:44:   - Local:        http://localhost:3000
2026-06-28T14:09:44: 
2026-06-28T14:09:44:  ✓ Starting...
2026-06-28T14:09:44:   - Local:        http://localhost:3000
2026-06-28T14:09:44: 
2026-06-28T14:09:44:  ✓ Starting...
2026-06-28T14:09:44:   - Local:        http://localhost:3000
2026-06-28T14:09:44: 
2026-06-28T14:09:44:  ✓ Starting...
2026-06-28T14:09:44:   - Local:        http://localhost:3000
2026-06-28T14:09:44: 
2026-06-28T14:09:44:  ✓ Starting...
2026-06-28T14:09:44:   - Local:        http://localhost:3000
2026-06-28T14:09:44: 
2026-06-28T14:09:44:  ✓ Starting...
2026-06-28T14:09:44:   - Local:        http://localhost:3000
2026-06-28T14:09:44: 
2026-06-28T14:09:44:  ✓ Starting...
2026-06-28T14:09:44:   - Local:        http://localhost:3000
2026-06-28T14:09:44: 
2026-06-28T14:09:44:  ✓ Starting...
2026-06-28T14:09:44:   - Local:        http://localhost:3000
2026-06-28T14:09:44: 
2026-06-28T14:09:44:  ✓ Starting...
2026-06-28T14:09:47:  ✓ Ready in 8.3s
2026-06-28T14:09:47:  ✓ Ready in 8.3s
2026-06-28T14:09:47:  ✓ Ready in 8.3s
2026-06-28T14:09:47:  ✓ Ready in 8.3s
2026-06-28T14:09:47:  ✓ Ready in 8.3s
2026-06-28T14:09:47:  ✓ Ready in 8.3s
2026-06-28T14:09:47:  ✓ Ready in 8.3s
2026-06-28T14:09:47:  ✓ Ready in 8.4s
2026-06-30T18:51:03:   ▲ Next.js 14.2.2
2026-06-30T18:51:03:   ▲ Next.js 14.2.2
2026-06-30T18:51:03:   ▲ Next.js 14.2.2
2026-06-30T18:51:03:   ▲ Next.js 14.2.2
2026-06-30T18:51:03:   ▲ Next.js 14.2.2
2026-06-30T18:51:03:   ▲ Next.js 14.2.2
2026-06-30T18:51:03:   ▲ Next.js 14.2.2
2026-06-30T18:51:03:   ▲ Next.js 14.2.2
2026-06-30T18:51:03:   - Local:        http://localhost:3000
2026-06-30T18:51:03: 
2026-06-30T18:51:03:  ✓ Starting...
2026-06-30T18:51:03:   - Local:        http://localhost:3000
2026-06-30T18:51:03: 
2026-06-30T18:51:03:  ✓ Starting...
2026-06-30T18:51:03:   - Local:        http://localhost:3000
2026-06-30T18:51:03: 
2026-06-30T18:51:03:  ✓ Starting...
2026-06-30T18:51:03:   - Local:        http://localhost:3000
2026-06-30T18:51:03: 
2026-06-30T18:51:03:  ✓ Starting...
2026-06-30T18:51:03:   - Local:        http://localhost:3000
2026-06-30T18:51:03: 
2026-06-30T18:51:03:  ✓ Starting...
2026-06-30T18:51:03:   - Local:        http://localhost:3000
2026-06-30T18:51:03: 
2026-06-30T18:51:03:  ✓ Starting...
2026-06-30T18:51:03:   - Local:        http://localhost:3000
2026-06-30T18:51:03: 
2026-06-30T18:51:03:  ✓ Starting...
2026-06-30T18:51:03:   - Local:        http://localhost:3000
2026-06-30T18:51:03: 
2026-06-30T18:51:03:  ✓ Starting...
2026-06-30T18:51:07:  ✓ Ready in 9.7s
2026-06-30T18:51:07:  ✓ Ready in 9.7s
2026-06-30T18:51:07:  ✓ Ready in 9.7s
2026-06-30T18:51:07:  ✓ Ready in 9.7s
2026-06-30T18:51:07:  ✓ Ready in 9.7s
2026-06-30T18:51:07:  ✓ Ready in 9.7s
2026-06-30T18:51:07:  ✓ Ready in 9.7s
2026-06-30T18:51:07:  ✓ Ready in 9.7s
2026-07-02T05:06:46:   ▲ Next.js 14.2.2
2026-07-02T05:06:46:   ▲ Next.js 14.2.2
2026-07-02T05:06:46:   ▲ Next.js 14.2.2
2026-07-02T05:06:46:   ▲ Next.js 14.2.2
2026-07-02T05:06:46:   ▲ Next.js 14.2.2
2026-07-02T05:06:46:   ▲ Next.js 14.2.2
2026-07-02T05:06:46:   ▲ Next.js 14.2.2
2026-07-02T05:06:46:   ▲ Next.js 14.2.2
2026-07-02T05:06:46:   - Local:        http://localhost:3000
2026-07-02T05:06:46:   - Local:        http://localhost:3000
2026-07-02T05:06:46:   - Local:        http://localhost:3000
2026-07-02T05:06:46:   - Local:        http://localhost:3000
2026-07-02T05:06:46: 
2026-07-02T05:06:46:   - Local:        http://localhost:3000
2026-07-02T05:06:46:   - Local:        http://localhost:3000
2026-07-02T05:06:46:   - Local:        http://localhost:3000
2026-07-02T05:06:46: 
2026-07-02T05:06:46: 
2026-07-02T05:06:46: 
2026-07-02T05:06:46:  ✓ Starting...
2026-07-02T05:06:46:   - Local:        http://localhost:3000
2026-07-02T05:06:46: 
2026-07-02T05:06:46: 
2026-07-02T05:06:46:  ✓ Starting...
2026-07-02T05:06:46: 
2026-07-02T05:06:46:  ✓ Starting...
2026-07-02T05:06:46:  ✓ Starting...
2026-07-02T05:06:46: 
2026-07-02T05:06:46:  ✓ Starting...
2026-07-02T05:06:46:  ✓ Starting...
2026-07-02T05:06:46:  ✓ Starting...
2026-07-02T05:06:46:  ✓ Starting...
2026-07-02T05:06:48:  ✓ Ready in 5.6s
2026-07-02T05:06:48:  ✓ Ready in 5.6s
2026-07-02T05:06:48:  ✓ Ready in 5.6s
2026-07-02T05:06:48:  ✓ Ready in 5.6s
2026-07-02T05:06:48:  ✓ Ready in 5.6s
2026-07-02T05:06:48:  ✓ Ready in 5.6s
2026-07-02T05:06:48:  ✓ Ready in 5.6s
2026-07-02T05:06:48:  ✓ Ready in 5.6s
2026-07-02T16:21:24:   ▲ Next.js 14.2.2
2026-07-02T16:21:24:   ▲ Next.js 14.2.2
2026-07-02T16:21:24:   ▲ Next.js 14.2.2
2026-07-02T16:21:24:   ▲ Next.js 14.2.2
2026-07-02T16:21:24:   ▲ Next.js 14.2.2
2026-07-02T16:21:24:   ▲ Next.js 14.2.2
2026-07-02T16:21:24:   ▲ Next.js 14.2.2
2026-07-02T16:21:24:   ▲ Next.js 14.2.2
2026-07-02T16:21:24:   - Local:        http://localhost:3000
2026-07-02T16:21:24: 
2026-07-02T16:21:24:  ✓ Starting...
2026-07-02T16:21:24:   - Local:        http://localhost:3000
2026-07-02T16:21:24: 
2026-07-02T16:21:24:  ✓ Starting...
2026-07-02T16:21:24:   - Local:        http://localhost:3000
2026-07-02T16:21:24: 
2026-07-02T16:21:24:  ✓ Starting...
2026-07-02T16:21:24:   - Local:        http://localhost:3000
2026-07-02T16:21:24: 
2026-07-02T16:21:24:  ✓ Starting...
2026-07-02T16:21:24:   - Local:        http://localhost:3000
2026-07-02T16:21:24: 
2026-07-02T16:21:24:  ✓ Starting...
2026-07-02T16:21:24:   - Local:        http://localhost:3000
2026-07-02T16:21:24:   - Local:        http://localhost:3000
2026-07-02T16:21:24:   - Local:        http://localhost:3000
2026-07-02T16:21:24: 
2026-07-02T16:21:24: 
2026-07-02T16:21:24: 
2026-07-02T16:21:24:  ✓ Starting...
2026-07-02T16:21:24:  ✓ Starting...
2026-07-02T16:21:24:  ✓ Starting...
2026-07-02T16:21:27:  ✓ Ready in 8.7s
2026-07-02T16:21:27:  ✓ Ready in 8.7s
2026-07-02T16:21:27:  ✓ Ready in 8.7s
2026-07-02T16:21:27:  ✓ Ready in 8.7s
2026-07-02T16:21:27:  ✓ Ready in 8.7s
2026-07-02T16:21:27:  ✓ Ready in 8.7s
2026-07-02T16:21:27:  ✓ Ready in 8.7s
2026-07-02T16:21:27:  ✓ Ready in 8.7s
2026-07-02T21:34:28:   ▲ Next.js 14.2.2
2026-07-02T21:34:28:   ▲ Next.js 14.2.2
2026-07-02T21:34:28:   ▲ Next.js 14.2.2
2026-07-02T21:34:28:   ▲ Next.js 14.2.2
2026-07-02T21:34:28:   ▲ Next.js 14.2.2
2026-07-02T21:34:28:   ▲ Next.js 14.2.2
2026-07-02T21:34:28:   ▲ Next.js 14.2.2
2026-07-02T21:34:28:   ▲ Next.js 14.2.2
2026-07-02T21:34:28:   - Local:        http://localhost:3000
2026-07-02T21:34:28: 
2026-07-02T21:34:28:  ✓ Starting...
2026-07-02T21:34:28:   - Local:        http://localhost:3000
2026-07-02T21:34:28: 
2026-07-02T21:34:28:  ✓ Starting...
2026-07-02T21:34:28:   - Local:        http://localhost:3000
2026-07-02T21:34:28: 
2026-07-02T21:34:28:  ✓ Starting...
2026-07-02T21:34:28:   - Local:        http://localhost:3000
2026-07-02T21:34:28: 
2026-07-02T21:34:28:  ✓ Starting...
2026-07-02T21:34:28:   - Local:        http://localhost:3000
2026-07-02T21:34:28: 
2026-07-02T21:34:28:  ✓ Starting...
2026-07-02T21:34:28:   - Local:        http://localhost:3000
2026-07-02T21:34:28: 
2026-07-02T21:34:28:  ✓ Starting...
2026-07-02T21:34:28:   - Local:        http://localhost:3000
2026-07-02T21:34:28: 
2026-07-02T21:34:28:  ✓ Starting...
2026-07-02T21:34:28:   - Local:        http://localhost:3000
2026-07-02T21:34:28: 
2026-07-02T21:34:28:  ✓ Starting...
2026-07-02T21:34:31:  ✓ Ready in 8.9s
2026-07-02T21:34:31:  ✓ Ready in 8.9s
2026-07-02T21:34:31:  ✓ Ready in 8.9s
2026-07-02T21:34:31:  ✓ Ready in 8.9s
2026-07-02T21:34:31:  ✓ Ready in 8.9s
2026-07-02T21:34:31:  ✓ Ready in 8.9s
2026-07-02T21:34:31:  ✓ Ready in 8.9s
2026-07-02T21:34:31:  ✓ Ready in 8.9s
2026-07-02T23:28:13:   ▲ Next.js 14.2.2
2026-07-02T23:28:13:   ▲ Next.js 14.2.2
2026-07-02T23:28:13:   ▲ Next.js 14.2.2
2026-07-02T23:28:13:   ▲ Next.js 14.2.2
2026-07-02T23:28:13:   ▲ Next.js 14.2.2
2026-07-02T23:28:13:   ▲ Next.js 14.2.2
2026-07-02T23:28:13:   ▲ Next.js 14.2.2
2026-07-02T23:28:13:   ▲ Next.js 14.2.2
2026-07-02T23:28:13:   - Local:        http://localhost:3000
2026-07-02T23:28:13: 
2026-07-02T23:28:13:  ✓ Starting...
2026-07-02T23:28:13:   - Local:        http://localhost:3000
2026-07-02T23:28:13:   - Local:        http://localhost:3000
2026-07-02T23:28:13: 
2026-07-02T23:28:13: 
2026-07-02T23:28:13:  ✓ Starting...
2026-07-02T23:28:13:  ✓ Starting...
2026-07-02T23:28:13:   - Local:        http://localhost:3000
2026-07-02T23:28:13: 
2026-07-02T23:28:13:  ✓ Starting...
2026-07-02T23:28:13:   - Local:        http://localhost:3000
2026-07-02T23:28:13: 
2026-07-02T23:28:13:  ✓ Starting...
2026-07-02T23:28:13:   - Local:        http://localhost:3000
2026-07-02T23:28:13: 
2026-07-02T23:28:13:  ✓ Starting...
2026-07-02T23:28:13:   - Local:        http://localhost:3000
2026-07-02T23:28:13: 
2026-07-02T23:28:13:  ✓ Starting...
2026-07-02T23:28:13:   - Local:        http://localhost:3000
2026-07-02T23:28:13: 
2026-07-02T23:28:13:  ✓ Starting...
2026-07-02T23:28:15:  ✓ Ready in 6.1s
2026-07-02T23:28:15:  ✓ Ready in 6.1s
2026-07-02T23:28:15:  ✓ Ready in 6.1s
2026-07-02T23:28:15:  ✓ Ready in 6s
2026-07-02T23:28:15:  ✓ Ready in 6.1s
2026-07-02T23:28:15:  ✓ Ready in 6.1s
2026-07-02T23:28:15:  ✓ Ready in 6s
2026-07-02T23:28:15:  ✓ Ready in 6.1s
2026-07-03T15:05:38:   ▲ Next.js 14.2.2
2026-07-03T15:05:38:   ▲ Next.js 14.2.2
2026-07-03T15:05:38:   ▲ Next.js 14.2.2
2026-07-03T15:05:38:   ▲ Next.js 14.2.2
2026-07-03T15:05:38:   ▲ Next.js 14.2.2
2026-07-03T15:05:38:   ▲ Next.js 14.2.2
2026-07-03T15:05:38:   ▲ Next.js 14.2.2
2026-07-03T15:05:38:   ▲ Next.js 14.2.2
2026-07-03T15:05:38:   - Local:        http://localhost:3000
2026-07-03T15:05:38: 
2026-07-03T15:05:38:  ✓ Starting...
2026-07-03T15:05:38:   - Local:        http://localhost:3000
2026-07-03T15:05:38: 
2026-07-03T15:05:38:  ✓ Starting...
2026-07-03T15:05:38:   - Local:        http://localhost:3000
2026-07-03T15:05:38: 
2026-07-03T15:05:38:  ✓ Starting...
2026-07-03T15:05:38:   - Local:        http://localhost:3000
2026-07-03T15:05:38: 
2026-07-03T15:05:38:  ✓ Starting...
2026-07-03T15:05:38:   - Local:        http://localhost:3000
2026-07-03T15:05:38: 
2026-07-03T15:05:38:  ✓ Starting...
2026-07-03T15:05:38:   - Local:        http://localhost:3000
2026-07-03T15:05:38: 
2026-07-03T15:05:38:  ✓ Starting...
2026-07-03T15:05:38:   - Local:        http://localhost:3000
2026-07-03T15:05:38: 
2026-07-03T15:05:38:  ✓ Starting...
2026-07-03T15:05:38:   - Local:        http://localhost:3000
2026-07-03T15:05:38: 
2026-07-03T15:05:38:  ✓ Starting...
2026-07-03T15:05:42:  ✓ Ready in 8.6s
2026-07-03T15:05:42:  ✓ Ready in 8.6s
2026-07-03T15:05:42:  ✓ Ready in 8.6s
2026-07-03T15:05:42:  ✓ Ready in 8.6s
2026-07-03T15:05:42:  ✓ Ready in 8.6s
2026-07-03T15:05:42:  ✓ Ready in 8.6s
2026-07-03T15:05:42:  ✓ Ready in 8.6s
2026-07-03T15:05:42:  ✓ Ready in 8.6s
2026-07-03T15:29:42:   ▲ Next.js 14.2.2
2026-07-03T15:29:42:   ▲ Next.js 14.2.2
2026-07-03T15:29:42:   ▲ Next.js 14.2.2
2026-07-03T15:29:42:   ▲ Next.js 14.2.2
2026-07-03T15:29:43:   ▲ Next.js 14.2.2
2026-07-03T15:29:42:   - Local:        http://localhost:3000
2026-07-03T15:29:42: 
2026-07-03T15:29:42:  ✓ Starting...
2026-07-03T15:29:42:   - Local:        http://localhost:3000
2026-07-03T15:29:42: 
2026-07-03T15:29:42:  ✓ Starting...
2026-07-03T15:29:42:   - Local:        http://localhost:3000
2026-07-03T15:29:42: 
2026-07-03T15:29:42:  ✓ Starting...
2026-07-03T15:29:42:   - Local:        http://localhost:3000
2026-07-03T15:29:42: 
2026-07-03T15:29:42:  ✓ Starting...
2026-07-03T15:29:43:   ▲ Next.js 14.2.2
2026-07-03T15:29:43:   - Local:        http://localhost:3000
2026-07-03T15:29:43: 
2026-07-03T15:29:43:  ✓ Starting...
2026-07-03T15:29:43:   - Local:        http://localhost:3000
2026-07-03T15:29:43: 
2026-07-03T15:29:43:  ✓ Starting...
2026-07-03T15:29:43:  ✓ Ready in 1946ms
2026-07-03T15:29:43:  ✓ Ready in 1948ms
2026-07-03T15:29:43:  ✓ Ready in 1908ms
2026-07-03T15:29:43:  ✓ Ready in 1801ms
2026-07-03T15:29:43:  ✓ Ready in 1686ms
2026-07-03T15:29:43:  ✓ Ready in 1562ms
2026-07-03T15:29:43:   ▲ Next.js 14.2.2
2026-07-03T15:29:43:   ▲ Next.js 14.2.2
2026-07-03T15:29:43:   - Local:        http://localhost:3000
2026-07-03T15:29:43: 
2026-07-03T15:29:43:  ✓ Starting...
2026-07-03T15:29:43:   - Local:        http://localhost:3000
2026-07-03T15:29:44:  ✓ Ready in 1480ms
2026-07-03T15:29:43: 
2026-07-03T15:29:43:  ✓ Starting...
2026-07-03T15:29:44:  ✓ Ready in 1449ms
2026-07-04T01:08:32:   ▲ Next.js 14.2.2
2026-07-04T01:08:32:   ▲ Next.js 14.2.2
2026-07-04T01:08:32:   ▲ Next.js 14.2.2
2026-07-04T01:08:32:   ▲ Next.js 14.2.2
2026-07-04T01:08:32:   ▲ Next.js 14.2.2
2026-07-04T01:08:32:   ▲ Next.js 14.2.2
2026-07-04T01:08:32:   ▲ Next.js 14.2.2
2026-07-04T01:08:32:   ▲ Next.js 14.2.2
2026-07-04T01:08:32:   - Local:        http://localhost:3000
2026-07-04T01:08:32: 
2026-07-04T01:08:32:  ✓ Starting...
2026-07-04T01:08:32:   - Local:        http://localhost:3000
2026-07-04T01:08:32: 
2026-07-04T01:08:32:  ✓ Starting...
2026-07-04T01:08:32:   - Local:        http://localhost:3000
2026-07-04T01:08:32: 
2026-07-04T01:08:32:  ✓ Starting...
2026-07-04T01:08:32:   - Local:        http://localhost:3000
2026-07-04T01:08:32: 
2026-07-04T01:08:32:  ✓ Starting...
2026-07-04T01:08:32:   - Local:        http://localhost:3000
2026-07-04T01:08:32: 
2026-07-04T01:08:32:  ✓ Starting...
2026-07-04T01:08:32:   - Local:        http://localhost:3000
2026-07-04T01:08:32:   - Local:        http://localhost:3000
2026-07-04T01:08:32:   - Local:        http://localhost:3000
2026-07-04T01:08:32: 
2026-07-04T01:08:32: 
2026-07-04T01:08:32: 
2026-07-04T01:08:32:  ✓ Starting...
2026-07-04T01:08:32:  ✓ Starting...
2026-07-04T01:08:32:  ✓ Starting...
2026-07-04T01:08:34:  ✓ Ready in 5.3s
2026-07-04T01:08:34:  ✓ Ready in 5.3s
2026-07-04T01:08:34:  ✓ Ready in 5.1s
2026-07-04T01:08:34:  ✓ Ready in 5.2s
2026-07-04T01:08:34:  ✓ Ready in 5.3s
2026-07-04T01:08:34:  ✓ Ready in 5.3s
2026-07-04T01:08:34:  ✓ Ready in 5.3s
2026-07-04T01:08:34:  ✓ Ready in 5.3s
2026-07-04T01:30:54:   ▲ Next.js 14.2.2
2026-07-04T01:30:54:   ▲ Next.js 14.2.2
2026-07-04T01:30:54:   - Local:        http://localhost:3000
2026-07-04T01:30:54: 
2026-07-04T01:30:54:  ✓ Starting...
2026-07-04T01:30:54:   ▲ Next.js 14.2.2
2026-07-04T01:30:54:   - Local:        http://localhost:3000
2026-07-04T01:30:54: 
2026-07-04T01:30:54:  ✓ Starting...
2026-07-04T01:30:54:   ▲ Next.js 14.2.2
2026-07-04T01:30:55:  ✓ Ready in 1398ms
2026-07-04T01:30:54:   - Local:        http://localhost:3000
2026-07-04T01:30:54: 
2026-07-04T01:30:54:  ✓ Starting...
2026-07-04T01:30:55:   ▲ Next.js 14.2.2
2026-07-04T01:30:55:  ✓ Ready in 1446ms
2026-07-04T01:30:54:   - Local:        http://localhost:3000
2026-07-04T01:30:54: 
2026-07-04T01:30:54:  ✓ Starting...
2026-07-04T01:30:55:  ✓ Ready in 1614ms
2026-07-04T01:30:55:   ▲ Next.js 14.2.2
2026-07-04T01:30:55:   - Local:        http://localhost:3000
2026-07-04T01:30:55: 
2026-07-04T01:30:55:  ✓ Starting...
2026-07-04T01:30:55:   ▲ Next.js 14.2.2
2026-07-04T01:30:55:  ✓ Ready in 1689ms
2026-07-04T01:30:55:   - Local:        http://localhost:3000
2026-07-04T01:30:55:  ✓ Ready in 1581ms
2026-07-04T01:30:55: 
2026-07-04T01:30:55:   ▲ Next.js 14.2.2
2026-07-04T01:30:55:  ✓ Starting...
2026-07-04T01:30:56:  ✓ Ready in 1507ms
2026-07-04T01:30:55:   - Local:        http://localhost:3000
2026-07-04T01:30:55: 
2026-07-04T01:30:55:  ✓ Starting...
2026-07-04T01:30:56:  ✓ Ready in 1454ms
2026-07-04T01:30:55:   - Local:        http://localhost:3000
2026-07-04T01:30:55: 
2026-07-04T01:30:55:  ✓ Starting...
2026-07-04T01:30:56:  ✓ Ready in 1485ms
2026-07-05T07:08:43:   ▲ Next.js 14.2.2
2026-07-05T07:08:43:   ▲ Next.js 14.2.2
2026-07-05T07:08:43:   ▲ Next.js 14.2.2
2026-07-05T07:08:43:   ▲ Next.js 14.2.2
2026-07-05T07:08:44:   ▲ Next.js 14.2.2
2026-07-05T07:08:43:   ▲ Next.js 14.2.2
2026-07-05T07:08:43:   ▲ Next.js 14.2.2
2026-07-05T07:08:43:   ▲ Next.js 14.2.2
2026-07-05T07:08:44:   - Local:        http://localhost:3000
2026-07-05T07:08:44: 
2026-07-05T07:08:44:  ✓ Starting...
2026-07-05T07:08:44:   - Local:        http://localhost:3000
2026-07-05T07:08:44: 
2026-07-05T07:08:44:  ✓ Starting...
2026-07-05T07:08:44:   - Local:        http://localhost:3000
2026-07-05T07:08:44: 
2026-07-05T07:08:44:  ✓ Starting...
2026-07-05T07:08:44:   - Local:        http://localhost:3000
2026-07-05T07:08:44: 
2026-07-05T07:08:44:  ✓ Starting...
2026-07-05T07:08:44:   - Local:        http://localhost:3000
2026-07-05T07:08:44: 
2026-07-05T07:08:44:  ✓ Starting...
2026-07-05T07:08:44:   - Local:        http://localhost:3000
2026-07-05T07:08:44: 
2026-07-05T07:08:44:  ✓ Starting...
2026-07-05T07:08:44:   - Local:        http://localhost:3000
2026-07-05T07:08:44: 
2026-07-05T07:08:44:  ✓ Starting...
2026-07-05T07:08:44:   - Local:        http://localhost:3000
2026-07-05T07:08:44: 
2026-07-05T07:08:44:  ✓ Starting...
2026-07-05T07:08:46:  ✓ Ready in 5.6s
2026-07-05T07:08:46:  ✓ Ready in 5.6s
2026-07-05T07:08:46:  ✓ Ready in 5.7s
2026-07-05T07:08:46:  ✓ Ready in 5.7s
2026-07-05T07:08:46:  ✓ Ready in 5.7s
2026-07-05T07:08:46:  ✓ Ready in 5.7s
2026-07-05T07:08:46:  ✓ Ready in 5.7s
2026-07-05T07:08:46:  ✓ Ready in 5.7s
2026-07-05T18:30:24:   ▲ Next.js 14.2.2
2026-07-05T18:30:24:   ▲ Next.js 14.2.2
2026-07-05T18:30:24:   ▲ Next.js 14.2.2
2026-07-05T18:30:24:   ▲ Next.js 14.2.2
2026-07-05T18:30:24:   ▲ Next.js 14.2.2
2026-07-05T18:30:24:   ▲ Next.js 14.2.2
2026-07-05T18:30:24:   ▲ Next.js 14.2.2
2026-07-05T18:30:24:   ▲ Next.js 14.2.2
2026-07-05T18:30:24:   - Local:        http://localhost:3000
2026-07-05T18:30:24: 
2026-07-05T18:30:24:  ✓ Starting...
2026-07-05T18:30:24:   - Local:        http://localhost:3000
2026-07-05T18:30:24: 
2026-07-05T18:30:24:  ✓ Starting...
2026-07-05T18:30:24:   - Local:        http://localhost:3000
2026-07-05T18:30:24: 
2026-07-05T18:30:24:  ✓ Starting...
2026-07-05T18:30:24:   - Local:        http://localhost:3000
2026-07-05T18:30:24: 
2026-07-05T18:30:24:  ✓ Starting...
2026-07-05T18:30:24:   - Local:        http://localhost:3000
2026-07-05T18:30:24: 
2026-07-05T18:30:24:  ✓ Starting...
2026-07-05T18:30:24:   - Local:        http://localhost:3000
2026-07-05T18:30:24: 
2026-07-05T18:30:24:  ✓ Starting...
2026-07-05T18:30:24:   - Local:        http://localhost:3000
2026-07-05T18:30:24: 
2026-07-05T18:30:24:  ✓ Starting...
2026-07-05T18:30:24:   - Local:        http://localhost:3000
2026-07-05T18:30:24: 
2026-07-05T18:30:24:  ✓ Starting...
2026-07-05T18:30:26:  ✓ Ready in 5.5s
2026-07-05T18:30:26:  ✓ Ready in 5.5s
2026-07-05T18:30:26:  ✓ Ready in 5.5s
2026-07-05T18:30:26:  ✓ Ready in 5.5s
2026-07-05T18:30:26:  ✓ Ready in 5.5s
2026-07-05T18:30:26:  ✓ Ready in 5.5s
2026-07-05T18:30:26:  ✓ Ready in 5.5s
2026-07-05T18:30:26:  ✓ Ready in 5.5s
2026-07-06T01:25:37:   ▲ Next.js 14.2.2
2026-07-06T01:25:37:   ▲ Next.js 14.2.2
2026-07-06T01:25:37:   ▲ Next.js 14.2.2
2026-07-06T01:25:37:   - Local:        http://localhost:3000
2026-07-06T01:25:37: 
2026-07-06T01:25:37:  ✓ Starting...
2026-07-06T01:25:37:   - Local:        http://localhost:3000
2026-07-06T01:25:37: 
2026-07-06T01:25:37:  ✓ Starting...
2026-07-06T01:25:37:   ▲ Next.js 14.2.2
2026-07-06T01:25:37:   - Local:        http://localhost:3000
2026-07-06T01:25:37: 
2026-07-06T01:25:37:  ✓ Starting...
2026-07-06T01:25:38:  ✓ Ready in 1415ms
2026-07-06T01:25:38:  ✓ Ready in 1350ms
2026-07-06T01:25:38:   ▲ Next.js 14.2.2
2026-07-06T01:25:37:   - Local:        http://localhost:3000
2026-07-06T01:25:37: 
2026-07-06T01:25:37:  ✓ Starting...
2026-07-06T01:25:38:   ▲ Next.js 14.2.2
2026-07-06T01:25:38:  ✓ Ready in 1343ms
2026-07-06T01:25:38:   - Local:        http://localhost:3000
2026-07-06T01:25:38: 
2026-07-06T01:25:38:  ✓ Starting...
2026-07-06T01:25:38:   ▲ Next.js 14.2.2
2026-07-06T01:25:38:  ✓ Ready in 1338ms
2026-07-06T01:25:38:   - Local:        http://localhost:3000
2026-07-06T01:25:38: 
2026-07-06T01:25:38:  ✓ Starting...
2026-07-06T01:25:38:   ▲ Next.js 14.2.2
2026-07-06T01:25:38:  ✓ Ready in 1206ms
2026-07-06T01:25:38:   - Local:        http://localhost:3000
2026-07-06T01:25:38: 
2026-07-06T01:25:38:  ✓ Starting...
2026-07-06T01:25:38:  ✓ Ready in 1056ms
2026-07-06T01:25:38:   - Local:        http://localhost:3000
2026-07-06T01:25:38: 
2026-07-06T01:25:38:  ✓ Starting...
2026-07-06T01:25:38:  ✓ Ready in 956ms
2026-07-06T01:25:38:  ✓ Ready in 929ms
2026-08-15T02:02:33:   ▲ Next.js 14.2.2
2026-08-15T02:02:33:   ▲ Next.js 14.2.2
2026-08-15T02:02:33:   ▲ Next.js 14.2.2
2026-08-15T02:02:33:   ▲ Next.js 14.2.2
2026-08-15T02:02:33:   ▲ Next.js 14.2.2
2026-08-15T02:02:33:   ▲ Next.js 14.2.2
2026-08-15T02:02:33:   ▲ Next.js 14.2.2
2026-08-15T02:02:33:   ▲ Next.js 14.2.2
2026-08-15T02:02:33:   - Local:        http://localhost:3000
2026-08-15T02:02:33: 
2026-08-15T02:02:33:  ✓ Starting...
2026-08-15T02:02:33:   - Local:        http://localhost:3000
2026-08-15T02:02:33: 
2026-08-15T02:02:33:  ✓ Starting...
2026-08-15T02:02:33:   - Local:        http://localhost:3000
2026-08-15T02:02:33: 
2026-08-15T02:02:33:  ✓ Starting...
2026-08-15T02:02:33:   - Local:        http://localhost:3000
2026-08-15T02:02:33: 
2026-08-15T02:02:33:  ✓ Starting...
2026-08-15T02:02:33:   - Local:        http://localhost:3000
2026-08-15T02:02:33: 
2026-08-15T02:02:33:  ✓ Starting...
2026-08-15T02:02:33:   - Local:        http://localhost:3000
2026-08-15T02:02:33: 
2026-08-15T02:02:33:  ✓ Starting...
2026-08-15T02:02:33:   - Local:        http://localhost:3000
2026-08-15T02:02:33: 
2026-08-15T02:02:33:  ✓ Starting...
2026-08-15T02:02:33:   - Local:        http://localhost:3000
2026-08-15T02:02:33: 
2026-08-15T02:02:33:  ✓ Starting...
2026-08-15T02:02:33:  ✓ Ready in 2.2s
2026-08-15T02:02:33:  ✓ Ready in 2.2s
2026-08-15T02:02:33:  ✓ Ready in 2.2s
2026-08-15T02:02:33:  ✓ Ready in 2.2s
2026-08-15T02:02:33:  ✓ Ready in 2.2s
2026-08-15T02:02:33:  ✓ Ready in 2.2s
2026-08-15T02:02:33:  ✓ Ready in 2.2s
2026-08-15T02:02:33:  ✓ Ready in 2.2s
2026-08-16T00:07:14:   ▲ Next.js 14.2.2
2026-08-16T00:07:14:   ▲ Next.js 14.2.2
2026-08-16T00:07:14:   ▲ Next.js 14.2.2
2026-08-16T00:07:14:   ▲ Next.js 14.2.2
2026-08-16T00:07:14:   ▲ Next.js 14.2.2
2026-08-16T00:07:14:   ▲ Next.js 14.2.2
2026-08-16T00:07:14:   ▲ Next.js 14.2.2
2026-08-16T00:07:14:   ▲ Next.js 14.2.2
2026-08-16T00:07:14:   - Local:        http://localhost:3000
2026-08-16T00:07:14: 
2026-08-16T00:07:14:  ✓ Starting...
2026-08-16T00:07:14:   - Local:        http://localhost:3000
2026-08-16T00:07:14: 
2026-08-16T00:07:14:  ✓ Starting...
2026-08-16T00:07:14:   - Local:        http://localhost:3000
2026-08-16T00:07:14: 
2026-08-16T00:07:14:  ✓ Starting...
2026-08-16T00:07:14:   - Local:        http://localhost:3000
2026-08-16T00:07:14: 
2026-08-16T00:07:14:  ✓ Starting...
2026-08-16T00:07:14:   - Local:        http://localhost:3000
2026-08-16T00:07:14: 
2026-08-16T00:07:14:  ✓ Starting...
2026-08-16T00:07:14:   - Local:        http://localhost:3000
2026-08-16T00:07:14: 
2026-08-16T00:07:14:  ✓ Starting...
2026-08-16T00:07:14:   - Local:        http://localhost:3000
2026-08-16T00:07:14: 
2026-08-16T00:07:14:  ✓ Starting...
2026-08-16T00:07:14:   - Local:        http://localhost:3000
2026-08-16T00:07:14: 
2026-08-16T00:07:14:  ✓ Starting...
2026-08-16T00:07:18:  ✓ Ready in 11.1s
2026-08-16T00:07:18:  ✓ Ready in 11.1s
2026-08-16T00:07:18:  ✓ Ready in 11.1s
2026-08-16T00:07:18:  ✓ Ready in 11.1s
2026-08-16T00:07:18:  ✓ Ready in 11.1s
2026-08-16T00:07:18:  ✓ Ready in 11.1s
2026-08-16T00:07:18:  ✓ Ready in 11.1s
2026-08-16T00:07:18:  ✓ Ready in 11.1s
2026-08-16T16:38:42:   ▲ Next.js 14.2.2
2026-08-16T16:38:42:   ▲ Next.js 14.2.2
2026-08-16T16:38:42:   ▲ Next.js 14.2.2
2026-08-16T16:38:42:   ▲ Next.js 14.2.2
2026-08-16T16:38:42:   ▲ Next.js 14.2.2
2026-08-16T16:38:42:   ▲ Next.js 14.2.2
2026-08-16T16:38:42:   ▲ Next.js 14.2.2
2026-08-16T16:38:42:   ▲ Next.js 14.2.2
2026-08-16T16:38:42:   - Local:        http://localhost:3000
2026-08-16T16:38:42: 
2026-08-16T16:38:42:  ✓ Starting...
2026-08-16T16:38:42:   - Local:        http://localhost:3000
2026-08-16T16:38:42: 
2026-08-16T16:38:42:  ✓ Starting...
2026-08-16T16:38:42:   - Local:        http://localhost:3000
2026-08-16T16:38:42: 
2026-08-16T16:38:42:  ✓ Starting...
2026-08-16T16:38:42:   - Local:        http://localhost:3000
2026-08-16T16:38:42: 
2026-08-16T16:38:42:  ✓ Starting...
2026-08-16T16:38:42:   - Local:        http://localhost:3000
2026-08-16T16:38:42: 
2026-08-16T16:38:42:  ✓ Starting...
2026-08-16T16:38:42:   - Local:        http://localhost:3000
2026-08-16T16:38:42: 
2026-08-16T16:38:42:  ✓ Starting...
2026-08-16T16:38:42:   - Local:        http://localhost:3000
2026-08-16T16:38:42: 
2026-08-16T16:38:42:  ✓ Starting...
2026-08-16T16:38:42:   - Local:        http://localhost:3000
2026-08-16T16:38:42: 
2026-08-16T16:38:42:  ✓ Starting...
2026-08-16T16:38:46:  ✓ Ready in 13.9s
2026-08-16T16:38:46:  ✓ Ready in 13.9s
2026-08-16T16:38:46:  ✓ Ready in 13.9s
2026-08-16T16:38:46:  ✓ Ready in 13.9s
2026-08-16T16:38:46:  ✓ Ready in 13.9s
2026-08-16T16:38:46:  ✓ Ready in 13.9s
2026-08-16T16:38:46:  ✓ Ready in 13.9s
2026-08-16T16:38:46:  ✓ Ready in 13.9s
2026-08-17T10:34:26:   ▲ Next.js 14.2.2
2026-08-17T10:34:26:   ▲ Next.js 14.2.2
2026-08-17T10:34:26:   ▲ Next.js 14.2.2
2026-08-17T10:34:26:   ▲ Next.js 14.2.2
2026-08-17T10:34:26:   ▲ Next.js 14.2.2
2026-08-17T10:34:26:   ▲ Next.js 14.2.2
2026-08-17T10:34:26:   ▲ Next.js 14.2.2
2026-08-17T10:34:26:   ▲ Next.js 14.2.2
2026-08-17T10:34:26:   - Local:        http://localhost:3000
2026-08-17T10:34:26: 
2026-08-17T10:34:26:   - Local:        http://localhost:3000
2026-08-17T10:34:26:  ✓ Starting...
2026-08-17T10:34:26: 
2026-08-17T10:34:26:   - Local:        http://localhost:3000
2026-08-17T10:34:26:   - Local:        http://localhost:3000
2026-08-17T10:34:26:  ✓ Starting...
2026-08-17T10:34:26:   - Local:        http://localhost:3000
2026-08-17T10:34:26: 
2026-08-17T10:34:26: 
2026-08-17T10:34:26: 
2026-08-17T10:34:26:  ✓ Starting...
2026-08-17T10:34:26:  ✓ Starting...
2026-08-17T10:34:26:  ✓ Starting...
2026-08-17T10:34:26:   - Local:        http://localhost:3000
2026-08-17T10:34:26: 
2026-08-17T10:34:26:  ✓ Starting...
2026-08-17T10:34:26:   - Local:        http://localhost:3000
2026-08-17T10:34:26: 
2026-08-17T10:34:26:  ✓ Starting...
2026-08-17T10:34:26:   - Local:        http://localhost:3000
2026-08-17T10:34:26: 
2026-08-17T10:34:26:  ✓ Starting...
2026-08-17T10:34:31:  ✓ Ready in 13.1s
2026-08-17T10:34:31:  ✓ Ready in 13.1s
2026-08-17T10:34:31:  ✓ Ready in 13.1s
2026-08-17T10:34:31:  ✓ Ready in 13.1s
2026-08-17T10:34:31:  ✓ Ready in 13.1s
2026-08-17T10:34:31:  ✓ Ready in 13.1s
2026-08-17T10:34:31:  ✓ Ready in 13.1s
2026-08-17T10:34:31:  ✓ Ready in 13.1s
2026-08-18T07:39:16:   ▲ Next.js 14.2.2
2026-08-18T07:39:16:   ▲ Next.js 14.2.2
2026-08-18T07:39:16:   ▲ Next.js 14.2.2
2026-08-18T07:39:16:   ▲ Next.js 14.2.2
2026-08-18T07:39:16:   ▲ Next.js 14.2.2
2026-08-18T07:39:16:   ▲ Next.js 14.2.2
2026-08-18T07:39:16:   ▲ Next.js 14.2.2
2026-08-18T07:39:16:   ▲ Next.js 14.2.2
2026-08-18T07:39:16:   - Local:        http://localhost:3000
2026-08-18T07:39:16: 
2026-08-18T07:39:16:  ✓ Starting...
2026-08-18T07:39:16:   - Local:        http://localhost:3000
2026-08-18T07:39:16: 
2026-08-18T07:39:16:  ✓ Starting...
2026-08-18T07:39:16:   - Local:        http://localhost:3000
2026-08-18T07:39:16: 
2026-08-18T07:39:16:  ✓ Starting...
2026-08-18T07:39:16:   - Local:        http://localhost:3000
2026-08-18T07:39:16: 
2026-08-18T07:39:16:  ✓ Starting...
2026-08-18T07:39:16:   - Local:        http://localhost:3000
2026-08-18T07:39:16: 
2026-08-18T07:39:16:  ✓ Starting...
2026-08-18T07:39:16:   - Local:        http://localhost:3000
2026-08-18T07:39:16: 
2026-08-18T07:39:16:  ✓ Starting...
2026-08-18T07:39:16:   - Local:        http://localhost:3000
2026-08-18T07:39:16: 
2026-08-18T07:39:16:  ✓ Starting...
2026-08-18T07:39:16:   - Local:        http://localhost:3000
2026-08-18T07:39:16: 
2026-08-18T07:39:16:  ✓ Starting...
2026-08-18T07:39:21:  ✓ Ready in 16.1s
2026-08-18T07:39:21:  ✓ Ready in 16.1s
2026-08-18T07:39:21:  ✓ Ready in 16.1s
2026-08-18T07:39:21:  ✓ Ready in 16.1s
2026-08-18T07:39:21:  ✓ Ready in 16.1s
2026-08-18T07:39:21:  ✓ Ready in 16.1s
2026-08-18T07:39:21:  ✓ Ready in 16.1s
2026-08-18T07:39:21:  ✓ Ready in 16.1s
2026-08-19T18:35:34:   ▲ Next.js 14.2.2
2026-08-19T18:35:34:   ▲ Next.js 14.2.2
2026-08-19T18:35:34:   ▲ Next.js 14.2.2
2026-08-19T18:35:34:   ▲ Next.js 14.2.2
2026-08-19T18:35:34:   ▲ Next.js 14.2.2
2026-08-19T18:35:34:   ▲ Next.js 14.2.2
2026-08-19T18:35:34:   ▲ Next.js 14.2.2
2026-08-19T18:35:34:   ▲ Next.js 14.2.2
2026-08-19T18:35:34:   - Local:        http://localhost:3000
2026-08-19T18:35:34: 
2026-08-19T18:35:34:  ✓ Starting...
2026-08-19T18:35:34:   - Local:        http://localhost:3000
2026-08-19T18:35:34: 
2026-08-19T18:35:34:  ✓ Starting...
2026-08-19T18:35:34:   - Local:        http://localhost:3000
2026-08-19T18:35:34: 
2026-08-19T18:35:34:  ✓ Starting...
2026-08-19T18:35:34:   - Local:        http://localhost:3000
2026-08-19T18:35:34: 
2026-08-19T18:35:34:  ✓ Starting...
2026-08-19T18:35:34:   - Local:        http://localhost:3000
2026-08-19T18:35:34: 
2026-08-19T18:35:34:  ✓ Starting...
2026-08-19T18:35:34:   - Local:        http://localhost:3000
2026-08-19T18:35:34: 
2026-08-19T18:35:34:  ✓ Starting...
2026-08-19T18:35:34:   - Local:        http://localhost:3000
2026-08-19T18:35:34:   - Local:        http://localhost:3000
2026-08-19T18:35:34: 
2026-08-19T18:35:34: 
2026-08-19T18:35:34:  ✓ Starting...
2026-08-19T18:35:34:  ✓ Starting...
2026-08-19T18:35:37:  ✓ Ready in 10.9s
2026-08-19T18:35:37:  ✓ Ready in 10.9s
2026-08-19T18:35:37:  ✓ Ready in 10.9s
2026-08-19T18:35:37:  ✓ Ready in 10.9s
2026-08-19T18:35:37:  ✓ Ready in 10.9s
2026-08-19T18:35:37:  ✓ Ready in 10.9s
2026-08-19T18:35:37:  ✓ Ready in 10.9s
2026-08-19T18:35:37:  ✓ Ready in 10.9s
2026-08-20T15:35:09:   ▲ Next.js 14.2.2
2026-08-20T15:35:09:   ▲ Next.js 14.2.2
2026-08-20T15:35:09:   ▲ Next.js 14.2.2
2026-08-20T15:35:09:   ▲ Next.js 14.2.2
2026-08-20T15:35:09:   ▲ Next.js 14.2.2
2026-08-20T15:35:09:   ▲ Next.js 14.2.2
2026-08-20T15:35:09:   ▲ Next.js 14.2.2
2026-08-20T15:35:09:   ▲ Next.js 14.2.2
2026-08-20T15:35:09:   - Local:        http://localhost:3000
2026-08-20T15:35:09: 
2026-08-20T15:35:09:  ✓ Starting...
2026-08-20T15:35:09:   - Local:        http://localhost:3000
2026-08-20T15:35:09: 
2026-08-20T15:35:09:  ✓ Starting...
2026-08-20T15:35:09:   - Local:        http://localhost:3000
2026-08-20T15:35:09: 
2026-08-20T15:35:09:  ✓ Starting...
2026-08-20T15:35:09:   - Local:        http://localhost:3000
2026-08-20T15:35:09: 
2026-08-20T15:35:09:  ✓ Starting...
2026-08-20T15:35:09:   - Local:        http://localhost:3000
2026-08-20T15:35:09: 
2026-08-20T15:35:09:  ✓ Starting...
2026-08-20T15:35:09:   - Local:        http://localhost:3000
2026-08-20T15:35:09: 
2026-08-20T15:35:09:  ✓ Starting...
2026-08-20T15:35:09:   - Local:        http://localhost:3000
2026-08-20T15:35:09: 
2026-08-20T15:35:09:  ✓ Starting...
2026-08-20T15:35:09:   - Local:        http://localhost:3000
2026-08-20T15:35:09: 
2026-08-20T15:35:09:  ✓ Starting...
2026-08-20T15:35:13:  ✓ Ready in 12.3s
2026-08-20T15:35:13:  ✓ Ready in 12.3s
2026-08-20T15:35:13:  ✓ Ready in 12.3s
2026-08-20T15:35:13:  ✓ Ready in 12.3s
2026-08-20T15:35:13:  ✓ Ready in 12.3s
2026-08-20T15:35:13:  ✓ Ready in 12.3s
2026-08-20T15:35:13:  ✓ Ready in 12.3s
2026-08-20T15:35:13:  ✓ Ready in 12.3s
2026-08-21T10:08:01:   ▲ Next.js 14.2.2
2026-08-21T10:08:01:   ▲ Next.js 14.2.2
2026-08-21T10:08:01:   ▲ Next.js 14.2.2
2026-08-21T10:08:01:   ▲ Next.js 14.2.2
2026-08-21T10:08:01:   ▲ Next.js 14.2.2
2026-08-21T10:08:01:   ▲ Next.js 14.2.2
2026-08-21T10:08:01:   ▲ Next.js 14.2.2
2026-08-21T10:08:01:   ▲ Next.js 14.2.2
2026-08-21T10:08:01:   - Local:        http://localhost:3000
2026-08-21T10:08:01: 
2026-08-21T10:08:01:  ✓ Starting...
2026-08-21T10:08:01:   - Local:        http://localhost:3000
2026-08-21T10:08:01: 
2026-08-21T10:08:01:  ✓ Starting...
2026-08-21T10:08:01:   - Local:        http://localhost:3000
2026-08-21T10:08:01: 
2026-08-21T10:08:01:  ✓ Starting...
2026-08-21T10:08:01:   - Local:        http://localhost:3000
2026-08-21T10:08:01: 
2026-08-21T10:08:01:  ✓ Starting...
2026-08-21T10:08:01:   - Local:        http://localhost:3000
2026-08-21T10:08:01: 
2026-08-21T10:08:01:  ✓ Starting...
2026-08-21T10:08:01:   - Local:        http://localhost:3000
2026-08-21T10:08:01: 
2026-08-21T10:08:01:  ✓ Starting...
2026-08-21T10:08:01:   - Local:        http://localhost:3000
2026-08-21T10:08:01: 
2026-08-21T10:08:01:  ✓ Starting...
2026-08-21T10:08:01:   - Local:        http://localhost:3000
2026-08-21T10:08:01: 
2026-08-21T10:08:01:  ✓ Starting...
2026-08-21T10:08:05:  ✓ Ready in 13.3s
2026-08-21T10:08:05:  ✓ Ready in 13.3s
2026-08-21T10:08:05:  ✓ Ready in 13.3s
2026-08-21T10:08:05:  ✓ Ready in 13.2s
2026-08-21T10:08:05:  ✓ Ready in 13.3s
2026-08-21T10:08:05:  ✓ Ready in 13.3s
2026-08-21T10:08:05:  ✓ Ready in 13.3s
2026-08-21T10:08:05:  ✓ Ready in 13.3s
2026-08-22T11:00:51:   ▲ Next.js 14.2.2
2026-08-22T11:00:51:   ▲ Next.js 14.2.2
2026-08-22T11:00:51:   ▲ Next.js 14.2.2
2026-08-22T11:00:51:   ▲ Next.js 14.2.2
2026-08-22T11:00:51:   ▲ Next.js 14.2.2
2026-08-22T11:00:51:   ▲ Next.js 14.2.2
2026-08-22T11:00:51:   ▲ Next.js 14.2.2
2026-08-22T11:00:51:   ▲ Next.js 14.2.2
2026-08-22T11:00:51:   - Local:        http://localhost:3000
2026-08-22T11:00:51: 
2026-08-22T11:00:51:  ✓ Starting...
2026-08-22T11:00:51:   - Local:        http://localhost:3000
2026-08-22T11:00:51: 
2026-08-22T11:00:51:  ✓ Starting...
2026-08-22T11:00:51:   - Local:        http://localhost:3000
2026-08-22T11:00:51: 
2026-08-22T11:00:51:  ✓ Starting...
2026-08-22T11:00:51:   - Local:        http://localhost:3000
2026-08-22T11:00:51: 
2026-08-22T11:00:51:  ✓ Starting...
2026-08-22T11:00:51:   - Local:        http://localhost:3000
2026-08-22T11:00:51: 
2026-08-22T11:00:51:  ✓ Starting...
2026-08-22T11:00:51:   - Local:        http://localhost:3000
2026-08-22T11:00:51: 
2026-08-22T11:00:51:  ✓ Starting...
2026-08-22T11:00:51:   - Local:        http://localhost:3000
2026-08-22T11:00:51: 
2026-08-22T11:00:51:  ✓ Starting...
2026-08-22T11:00:51:   - Local:        http://localhost:3000
2026-08-22T11:00:51: 
2026-08-22T11:00:51:  ✓ Starting...
2026-08-22T11:00:55:  ✓ Ready in 13.4s
2026-08-22T11:00:55:  ✓ Ready in 13.4s
2026-08-22T11:00:55:  ✓ Ready in 13.4s
2026-08-22T11:00:55:  ✓ Ready in 13.4s
2026-08-22T11:00:55:  ✓ Ready in 13.4s
2026-08-22T11:00:55:  ✓ Ready in 13.4s
2026-08-22T11:00:55:  ✓ Ready in 13.4s
2026-08-22T11:00:55:  ✓ Ready in 13.4s
2026-08-23T04:21:22:   ▲ Next.js 14.2.2
2026-08-23T04:21:22:   ▲ Next.js 14.2.2
2026-08-23T04:21:22:   ▲ Next.js 14.2.2
2026-08-23T04:21:22:   ▲ Next.js 14.2.2
2026-08-23T04:21:22:   ▲ Next.js 14.2.2
2026-08-23T04:21:22:   ▲ Next.js 14.2.2
2026-08-23T04:21:22:   ▲ Next.js 14.2.2
2026-08-23T04:21:22:   ▲ Next.js 14.2.2
2026-08-23T04:21:22:   - Local:        http://localhost:3000
2026-08-23T04:21:22: 
2026-08-23T04:21:22:  ✓ Starting...
2026-08-23T04:21:22:   - Local:        http://localhost:3000
2026-08-23T04:21:22: 
2026-08-23T04:21:22:  ✓ Starting...
2026-08-23T04:21:22:   - Local:        http://localhost:3000
2026-08-23T04:21:22: 
2026-08-23T04:21:22:  ✓ Starting...
2026-08-23T04:21:22:   - Local:        http://localhost:3000
2026-08-23T04:21:22: 
2026-08-23T04:21:22:  ✓ Starting...
2026-08-23T04:21:22:   - Local:        http://localhost:3000
2026-08-23T04:21:22: 
2026-08-23T04:21:22:  ✓ Starting...
2026-08-23T04:21:22:   - Local:        http://localhost:3000
2026-08-23T04:21:22: 
2026-08-23T04:21:22:  ✓ Starting...
2026-08-23T04:21:22:   - Local:        http://localhost:3000
2026-08-23T04:21:22: 
2026-08-23T04:21:22:  ✓ Starting...
2026-08-23T04:21:22:   - Local:        http://localhost:3000
2026-08-23T04:21:22: 
2026-08-23T04:21:22:  ✓ Starting...
2026-08-23T04:21:23:  ✓ Ready in 3.8s
2026-08-23T04:21:23:  ✓ Ready in 3.8s
2026-08-23T04:21:23:  ✓ Ready in 3.8s
2026-08-23T04:21:23:  ✓ Ready in 3.8s
2026-08-23T04:21:23:  ✓ Ready in 3.8s
2026-08-23T04:21:23:  ✓ Ready in 3.8s
2026-08-23T04:21:23:  ✓ Ready in 3.8s
2026-08-23T04:21:23:  ✓ Ready in 3.8s
2026-08-30T22:07:30:   ▲ Next.js 14.2.2
2026-08-30T22:07:30:   ▲ Next.js 14.2.2
2026-08-30T22:07:30:   ▲ Next.js 14.2.2
2026-08-30T22:07:30:   ▲ Next.js 14.2.2
2026-08-30T22:07:30:   ▲ Next.js 14.2.2
2026-08-30T22:07:30:   ▲ Next.js 14.2.2
2026-08-30T22:07:30:   ▲ Next.js 14.2.2
2026-08-30T22:07:30:   ▲ Next.js 14.2.2
2026-08-30T22:07:30:   - Local:        http://localhost:3000
2026-08-30T22:07:30: 
2026-08-30T22:07:30:  ✓ Starting...
2026-08-30T22:07:30:   - Local:        http://localhost:3000
2026-08-30T22:07:30: 
2026-08-30T22:07:30:  ✓ Starting...
2026-08-30T22:07:30:   - Local:        http://localhost:3000
2026-08-30T22:07:30: 
2026-08-30T22:07:30:  ✓ Starting...
2026-08-30T22:07:30:   - Local:        http://localhost:3000
2026-08-30T22:07:30: 
2026-08-30T22:07:30:  ✓ Starting...
2026-08-30T22:07:30:   - Local:        http://localhost:3000
2026-08-30T22:07:30: 
2026-08-30T22:07:30:  ✓ Starting...
2026-08-30T22:07:30:   - Local:        http://localhost:3000
2026-08-30T22:07:30: 
2026-08-30T22:07:30:  ✓ Starting...
2026-08-30T22:07:30:   - Local:        http://localhost:3000
2026-08-30T22:07:30: 
2026-08-30T22:07:30:  ✓ Starting...
2026-08-30T22:07:30:   - Local:        http://localhost:3000
2026-08-30T22:07:30: 
2026-08-30T22:07:30:  ✓ Starting...
2026-08-30T22:07:31:  ✓ Ready in 2.4s
2026-08-30T22:07:31:  ✓ Ready in 2.4s
2026-08-30T22:07:31:  ✓ Ready in 2.4s
2026-08-30T22:07:31:  ✓ Ready in 2.4s
2026-08-30T22:07:31:  ✓ Ready in 2.4s
2026-08-30T22:07:31:  ✓ Ready in 2.4s
2026-08-30T22:07:31:  ✓ Ready in 2.5s
2026-08-30T22:07:31:  ✓ Ready in 2.5s
2026-08-31T12:06:44:   ▲ Next.js 14.2.2
2026-08-31T12:06:44:   ▲ Next.js 14.2.2
2026-08-31T12:06:44:   ▲ Next.js 14.2.2
2026-08-31T12:06:44:   ▲ Next.js 14.2.2
2026-08-31T12:06:44:   ▲ Next.js 14.2.2
2026-08-31T12:06:44:   ▲ Next.js 14.2.2
2026-08-31T12:06:44:   ▲ Next.js 14.2.2
2026-08-31T12:06:44:   ▲ Next.js 14.2.2
2026-08-31T12:06:44:   - Local:        http://localhost:3000
2026-08-31T12:06:44: 
2026-08-31T12:06:44:  ✓ Starting...
2026-08-31T12:06:44:   - Local:        http://localhost:3000
2026-08-31T12:06:44: 
2026-08-31T12:06:44:  ✓ Starting...
2026-08-31T12:06:44:   - Local:        http://localhost:3000
2026-08-31T12:06:44: 
2026-08-31T12:06:44:  ✓ Starting...
2026-08-31T12:06:44:   - Local:        http://localhost:3000
2026-08-31T12:06:44: 
2026-08-31T12:06:44:  ✓ Starting...
2026-08-31T12:06:44:   - Local:        http://localhost:3000
2026-08-31T12:06:44: 
2026-08-31T12:06:44:  ✓ Starting...
2026-08-31T12:06:44:   - Local:        http://localhost:3000
2026-08-31T12:06:44: 
2026-08-31T12:06:44:  ✓ Starting...
2026-08-31T12:06:44:   - Local:        http://localhost:3000
2026-08-31T12:06:44: 
2026-08-31T12:06:44:  ✓ Starting...
2026-08-31T12:06:44:   - Local:        http://localhost:3000
2026-08-31T12:06:44: 
2026-08-31T12:06:44:  ✓ Starting...
2026-08-31T12:06:48:  ✓ Ready in 11.4s
2026-08-31T12:06:48:  ✓ Ready in 11.4s
2026-08-31T12:06:48:  ✓ Ready in 11.4s
2026-08-31T12:06:48:  ✓ Ready in 11.4s
2026-08-31T12:06:48:  ✓ Ready in 11.4s
2026-08-31T12:06:48:  ✓ Ready in 11.4s
2026-08-31T12:06:48:  ✓ Ready in 11.4s
2026-08-31T12:06:48:  ✓ Ready in 11.4s
2026-09-01T11:34:26:   ▲ Next.js 14.2.2
2026-09-01T11:34:26:   ▲ Next.js 14.2.2
2026-09-01T11:34:26:   ▲ Next.js 14.2.2
2026-09-01T11:34:26:   ▲ Next.js 14.2.2
2026-09-01T11:34:26:   ▲ Next.js 14.2.2
2026-09-01T11:34:26:   ▲ Next.js 14.2.2
2026-09-01T11:34:26:   ▲ Next.js 14.2.2
2026-09-01T11:34:26:   ▲ Next.js 14.2.2
2026-09-01T11:34:26:   - Local:        http://localhost:3000
2026-09-01T11:34:26: 
2026-09-01T11:34:26:  ✓ Starting...
2026-09-01T11:34:26:   - Local:        http://localhost:3000
2026-09-01T11:34:26: 
2026-09-01T11:34:26:  ✓ Starting...
2026-09-01T11:34:26:   - Local:        http://localhost:3000
2026-09-01T11:34:26: 
2026-09-01T11:34:26:  ✓ Starting...
2026-09-01T11:34:26:   - Local:        http://localhost:3000
2026-09-01T11:34:26: 
2026-09-01T11:34:26:  ✓ Starting...
2026-09-01T11:34:26:   - Local:        http://localhost:3000
2026-09-01T11:34:26: 
2026-09-01T11:34:26:  ✓ Starting...
2026-09-01T11:34:26:   - Local:        http://localhost:3000
2026-09-01T11:34:26: 
2026-09-01T11:34:26:  ✓ Starting...
2026-09-01T11:34:26:   - Local:        http://localhost:3000
2026-09-01T11:34:26: 
2026-09-01T11:34:26:   - Local:        http://localhost:3000
2026-09-01T11:34:26:  ✓ Starting...
2026-09-01T11:34:26: 
2026-09-01T11:34:26:  ✓ Starting...
2026-09-01T11:34:30:  ✓ Ready in 14.2s
2026-09-01T11:34:30:  ✓ Ready in 14.2s
2026-09-01T11:34:30:  ✓ Ready in 14.2s
2026-09-01T11:34:30:  ✓ Ready in 14.2s
2026-09-01T11:34:30:  ✓ Ready in 14.2s
2026-09-01T11:34:30:  ✓ Ready in 14.2s
2026-09-01T11:34:30:  ✓ Ready in 14.2s
2026-09-01T11:34:31:  ✓ Ready in 14.2s
2026-09-02T12:59:46:   ▲ Next.js 14.2.2
2026-09-02T12:59:46:   ▲ Next.js 14.2.2
2026-09-02T12:59:46:   ▲ Next.js 14.2.2
2026-09-02T12:59:46:   ▲ Next.js 14.2.2
2026-09-02T12:59:46:   ▲ Next.js 14.2.2
2026-09-02T12:59:46:   ▲ Next.js 14.2.2
2026-09-02T12:59:46:   ▲ Next.js 14.2.2
2026-09-02T12:59:46:   ▲ Next.js 14.2.2
2026-09-02T12:59:46:   - Local:        http://localhost:3000
2026-09-02T12:59:46: 
2026-09-02T12:59:46:  ✓ Starting...
2026-09-02T12:59:46:   - Local:        http://localhost:3000
2026-09-02T12:59:46: 
2026-09-02T12:59:46:  ✓ Starting...
2026-09-02T12:59:46:   - Local:        http://localhost:3000
2026-09-02T12:59:46: 
2026-09-02T12:59:46:  ✓ Starting...
2026-09-02T12:59:46:   - Local:        http://localhost:3000
2026-09-02T12:59:46: 
2026-09-02T12:59:46:  ✓ Starting...
2026-09-02T12:59:46:   - Local:        http://localhost:3000
2026-09-02T12:59:46: 
2026-09-02T12:59:46:  ✓ Starting...
2026-09-02T12:59:46:   - Local:        http://localhost:3000
2026-09-02T12:59:46: 
2026-09-02T12:59:46:  ✓ Starting...
2026-09-02T12:59:46:   - Local:        http://localhost:3000
2026-09-02T12:59:46: 
2026-09-02T12:59:46:  ✓ Starting...
2026-09-02T12:59:46:   - Local:        http://localhost:3000
2026-09-02T12:59:46: 
2026-09-02T12:59:46:  ✓ Starting...
2026-09-02T12:59:50:  ✓ Ready in 12.4s
2026-09-02T12:59:50:  ✓ Ready in 12.4s
2026-09-02T12:59:50:  ✓ Ready in 12.4s
2026-09-02T12:59:50:  ✓ Ready in 12.4s
2026-09-02T12:59:50:  ✓ Ready in 12.4s
2026-09-02T12:59:50:  ✓ Ready in 12.4s
2026-09-02T12:59:50:  ✓ Ready in 12.4s
2026-09-02T12:59:50:  ✓ Ready in 12.4s
2026-09-03T01:59:47:   ▲ Next.js 14.2.2
2026-09-03T01:59:47:   ▲ Next.js 14.2.2
2026-09-03T01:59:47:   ▲ Next.js 14.2.2
2026-09-03T01:59:47:   ▲ Next.js 14.2.2
2026-09-03T01:59:47:   ▲ Next.js 14.2.2
2026-09-03T01:59:47:   ▲ Next.js 14.2.2
2026-09-03T01:59:47:   ▲ Next.js 14.2.2
2026-09-03T01:59:47:   ▲ Next.js 14.2.2
2026-09-03T01:59:47:   - Local:        http://localhost:3000
2026-09-03T01:59:47: 
2026-09-03T01:59:47:  ✓ Starting...
2026-09-03T01:59:47:   - Local:        http://localhost:3000
2026-09-03T01:59:47: 
2026-09-03T01:59:47:  ✓ Starting...
2026-09-03T01:59:47:   - Local:        http://localhost:3000
2026-09-03T01:59:47: 
2026-09-03T01:59:47:  ✓ Starting...
2026-09-03T01:59:47:   - Local:        http://localhost:3000
2026-09-03T01:59:47: 
2026-09-03T01:59:47:  ✓ Starting...
2026-09-03T01:59:47:   - Local:        http://localhost:3000
2026-09-03T01:59:47: 
2026-09-03T01:59:47:  ✓ Starting...
2026-09-03T01:59:47:   - Local:        http://localhost:3000
2026-09-03T01:59:47: 
2026-09-03T01:59:47:  ✓ Starting...
2026-09-03T01:59:47:   - Local:        http://localhost:3000
2026-09-03T01:59:47: 
2026-09-03T01:59:47:  ✓ Starting...
2026-09-03T01:59:47:   - Local:        http://localhost:3000
2026-09-03T01:59:47: 
2026-09-03T01:59:47:  ✓ Starting...
2026-09-03T01:59:51:  ✓ Ready in 9.8s
2026-09-03T01:59:51:  ✓ Ready in 9.8s
2026-09-03T01:59:51:  ✓ Ready in 9.8s
2026-09-03T01:59:51:  ✓ Ready in 9.8s
2026-09-03T01:59:51:  ✓ Ready in 9.8s
2026-09-03T01:59:51:  ✓ Ready in 9.8s
2026-09-03T01:59:51:  ✓ Ready in 9.8s
2026-09-03T01:59:51:  ✓ Ready in 9.8s
2026-09-03T12:04:10:   ▲ Next.js 14.2.2
2026-09-03T12:04:10:   ▲ Next.js 14.2.2
2026-09-03T12:04:10:   ▲ Next.js 14.2.2
2026-09-03T12:04:10:   ▲ Next.js 14.2.2
2026-09-03T12:04:10:   ▲ Next.js 14.2.2
2026-09-03T12:04:10:   ▲ Next.js 14.2.2
2026-09-03T12:04:10:   ▲ Next.js 14.2.2
2026-09-03T12:04:10:   ▲ Next.js 14.2.2
2026-09-03T12:04:10:   - Local:        http://localhost:3000
2026-09-03T12:04:10: 
2026-09-03T12:04:10:  ✓ Starting...
2026-09-03T12:04:10:   - Local:        http://localhost:3000
2026-09-03T12:04:10: 
2026-09-03T12:04:10:  ✓ Starting...
2026-09-03T12:04:10:   - Local:        http://localhost:3000
2026-09-03T12:04:10: 
2026-09-03T12:04:10:  ✓ Starting...
2026-09-03T12:04:10:   - Local:        http://localhost:3000
2026-09-03T12:04:10: 
2026-09-03T12:04:10:  ✓ Starting...
2026-09-03T12:04:10:   - Local:        http://localhost:3000
2026-09-03T12:04:10: 
2026-09-03T12:04:10:  ✓ Starting...
2026-09-03T12:04:10:   - Local:        http://localhost:3000
2026-09-03T12:04:10: 
2026-09-03T12:04:10:  ✓ Starting...
2026-09-03T12:04:10:   - Local:        http://localhost:3000
2026-09-03T12:04:10: 
2026-09-03T12:04:10:  ✓ Starting...
2026-09-03T12:04:10:   - Local:        http://localhost:3000
2026-09-03T12:04:10: 
2026-09-03T12:04:10:  ✓ Starting...
2026-09-03T12:04:14:  ✓ Ready in 10.4s
2026-09-03T12:04:14:  ✓ Ready in 10.4s
2026-09-03T12:04:14:  ✓ Ready in 10.4s
2026-09-03T12:04:14:  ✓ Ready in 10.4s
2026-09-03T12:04:14:  ✓ Ready in 10.4s
2026-09-03T12:04:14:  ✓ Ready in 10.4s
2026-09-03T12:04:14:  ✓ Ready in 10.4s
2026-09-03T12:04:14:  ✓ Ready in 10.4s
2026-09-05T01:26:49:   ▲ Next.js 14.2.2
2026-09-05T01:26:49:   ▲ Next.js 14.2.2
2026-09-05T01:26:49:   ▲ Next.js 14.2.2
2026-09-05T01:26:49:   ▲ Next.js 14.2.2
2026-09-05T01:26:49:   ▲ Next.js 14.2.2
2026-09-05T01:26:49:   ▲ Next.js 14.2.2
2026-09-05T01:26:49:   ▲ Next.js 14.2.2
2026-09-05T01:26:49:   ▲ Next.js 14.2.2
2026-09-05T01:26:49:   - Local:        http://localhost:3000
2026-09-05T01:26:49: 
2026-09-05T01:26:49:  ✓ Starting...
2026-09-05T01:26:49:   - Local:        http://localhost:3000
2026-09-05T01:26:49: 
2026-09-05T01:26:49:  ✓ Starting...
2026-09-05T01:26:49:   - Local:        http://localhost:3000
2026-09-05T01:26:49: 
2026-09-05T01:26:49:  ✓ Starting...
2026-09-05T01:26:49:   - Local:        http://localhost:3000
2026-09-05T01:26:49: 
2026-09-05T01:26:49:  ✓ Starting...
2026-09-05T01:26:49:   - Local:        http://localhost:3000
2026-09-05T01:26:49: 
2026-09-05T01:26:49:  ✓ Starting...
2026-09-05T01:26:49:   - Local:        http://localhost:3000
2026-09-05T01:26:49: 
2026-09-05T01:26:49:  ✓ Starting...
2026-09-05T01:26:49:   - Local:        http://localhost:3000
2026-09-05T01:26:49: 
2026-09-05T01:26:49:  ✓ Starting...
2026-09-05T01:26:49:   - Local:        http://localhost:3000
2026-09-05T01:26:49: 
2026-09-05T01:26:49:  ✓ Starting...
2026-09-05T01:26:53:  ✓ Ready in 10.9s
2026-09-05T01:26:53:  ✓ Ready in 10.9s
2026-09-05T01:26:53:  ✓ Ready in 10.9s
2026-09-05T01:26:53:  ✓ Ready in 10.9s
2026-09-05T01:26:53:  ✓ Ready in 10.9s
2026-09-05T01:26:53:  ✓ Ready in 10.9s
2026-09-05T01:26:53:  ✓ Ready in 10.9s
2026-09-05T01:26:53:  ✓ Ready in 10.9s
2026-09-05T11:53:22:   ▲ Next.js 14.2.2
2026-09-05T11:53:22:   ▲ Next.js 14.2.2
2026-09-05T11:53:22:   ▲ Next.js 14.2.2
2026-09-05T11:53:22:   ▲ Next.js 14.2.2
2026-09-05T11:53:22:   ▲ Next.js 14.2.2
2026-09-05T11:53:22:   ▲ Next.js 14.2.2
2026-09-05T11:53:22:   ▲ Next.js 14.2.2
2026-09-05T11:53:22:   ▲ Next.js 14.2.2
2026-09-05T11:53:22:   - Local:        http://localhost:3000
2026-09-05T11:53:22: 
2026-09-05T11:53:22:  ✓ Starting...
2026-09-05T11:53:22:   - Local:        http://localhost:3000
2026-09-05T11:53:22: 
2026-09-05T11:53:22:  ✓ Starting...
2026-09-05T11:53:22:   - Local:        http://localhost:3000
2026-09-05T11:53:22: 
2026-09-05T11:53:22:  ✓ Starting...
2026-09-05T11:53:22:   - Local:        http://localhost:3000
2026-09-05T11:53:22: 
2026-09-05T11:53:22:  ✓ Starting...
2026-09-05T11:53:22:   - Local:        http://localhost:3000
2026-09-05T11:53:22: 
2026-09-05T11:53:22:  ✓ Starting...
2026-09-05T11:53:22:   - Local:        http://localhost:3000
2026-09-05T11:53:22: 
2026-09-05T11:53:22:  ✓ Starting...
2026-09-05T11:53:22:   - Local:        http://localhost:3000
2026-09-05T11:53:22: 
2026-09-05T11:53:22:  ✓ Starting...
2026-09-05T11:53:22:   - Local:        http://localhost:3000
2026-09-05T11:53:22: 
2026-09-05T11:53:22:  ✓ Starting...
2026-09-05T11:53:26:  ✓ Ready in 10.4s
2026-09-05T11:53:26:  ✓ Ready in 10.4s
2026-09-05T11:53:26:  ✓ Ready in 10.4s
2026-09-05T11:53:26:  ✓ Ready in 10.4s
2026-09-05T11:53:26:  ✓ Ready in 10.4s
2026-09-05T11:53:26:  ✓ Ready in 10.4s
2026-09-05T11:53:26:  ✓ Ready in 10.4s
2026-09-05T11:53:26:  ✓ Ready in 10.4s
2026-09-06T17:31:00:   ▲ Next.js 14.2.2
2026-09-06T17:31:00:   ▲ Next.js 14.2.2
2026-09-06T17:31:00:   ▲ Next.js 14.2.2
2026-09-06T17:31:00:   ▲ Next.js 14.2.2
2026-09-06T17:31:00:   ▲ Next.js 14.2.2
2026-09-06T17:31:00:   ▲ Next.js 14.2.2
2026-09-06T17:31:00:   ▲ Next.js 14.2.2
2026-09-06T17:31:00:   ▲ Next.js 14.2.2
2026-09-06T17:31:00:   - Local:        http://localhost:3000
2026-09-06T17:31:00: 
2026-09-06T17:31:00:  ✓ Starting...
2026-09-06T17:31:00:   - Local:        http://localhost:3000
2026-09-06T17:31:00: 
2026-09-06T17:31:00:  ✓ Starting...
2026-09-06T17:31:00:   - Local:        http://localhost:3000
2026-09-06T17:31:00:   - Local:        http://localhost:3000
2026-09-06T17:31:00: 
2026-09-06T17:31:00: 
2026-09-06T17:31:00:  ✓ Starting...
2026-09-06T17:31:00:  ✓ Starting...
2026-09-06T17:31:00:   - Local:        http://localhost:3000
2026-09-06T17:31:00: 
2026-09-06T17:31:00:  ✓ Starting...
2026-09-06T17:31:00:   - Local:        http://localhost:3000
2026-09-06T17:31:00: 
2026-09-06T17:31:00:  ✓ Starting...
2026-09-06T17:31:00:   - Local:        http://localhost:3000
2026-09-06T17:31:00: 
2026-09-06T17:31:00:  ✓ Starting...
2026-09-06T17:31:00:   - Local:        http://localhost:3000
2026-09-06T17:31:00: 
2026-09-06T17:31:00:  ✓ Starting...
2026-09-06T17:31:03:  ✓ Ready in 9.7s
2026-09-06T17:31:03:  ✓ Ready in 9.7s
2026-09-06T17:31:03:  ✓ Ready in 9.7s
2026-09-06T17:31:03:  ✓ Ready in 9.7s
2026-09-06T17:31:03:  ✓ Ready in 9.7s
2026-09-06T17:31:03:  ✓ Ready in 9.7s
2026-09-06T17:31:03:  ✓ Ready in 9.7s
2026-09-06T17:31:03:  ✓ Ready in 9.7s
2026-09-07T11:53:54:   ▲ Next.js 14.2.2
2026-09-07T11:53:54:   ▲ Next.js 14.2.2
2026-09-07T11:53:54:   ▲ Next.js 14.2.2
2026-09-07T11:53:54:   ▲ Next.js 14.2.2
2026-09-07T11:53:54:   ▲ Next.js 14.2.2
2026-09-07T11:53:54:   ▲ Next.js 14.2.2
2026-09-07T11:53:54:   ▲ Next.js 14.2.2
2026-09-07T11:53:54:   ▲ Next.js 14.2.2
2026-09-07T11:53:54:   - Local:        http://localhost:3000
2026-09-07T11:53:54: 
2026-09-07T11:53:54:  ✓ Starting...
2026-09-07T11:53:54:   - Local:        http://localhost:3000
2026-09-07T11:53:54: 
2026-09-07T11:53:54:  ✓ Starting...
2026-09-07T11:53:54:   - Local:        http://localhost:3000
2026-09-07T11:53:54: 
2026-09-07T11:53:54:  ✓ Starting...
2026-09-07T11:53:54:   - Local:        http://localhost:3000
2026-09-07T11:53:54: 
2026-09-07T11:53:54:  ✓ Starting...
2026-09-07T11:53:54:   - Local:        http://localhost:3000
2026-09-07T11:53:54: 
2026-09-07T11:53:54:  ✓ Starting...
2026-09-07T11:53:54:   - Local:        http://localhost:3000
2026-09-07T11:53:54: 
2026-09-07T11:53:54:  ✓ Starting...
2026-09-07T11:53:54:   - Local:        http://localhost:3000
2026-09-07T11:53:54: 
2026-09-07T11:53:54:  ✓ Starting...
2026-09-07T11:53:54:   - Local:        http://localhost:3000
2026-09-07T11:53:54: 
2026-09-07T11:53:54:  ✓ Starting...
2026-09-07T11:53:57:  ✓ Ready in 10s
2026-09-07T11:53:57:  ✓ Ready in 10s
2026-09-07T11:53:57:  ✓ Ready in 10s
2026-09-07T11:53:57:  ✓ Ready in 10s
2026-09-07T11:53:57:  ✓ Ready in 10s
2026-09-07T11:53:57:  ✓ Ready in 10s
2026-09-07T11:53:57:  ✓ Ready in 10s
2026-09-07T11:53:57:  ✓ Ready in 10s
2026-09-08T23:45:07:   ▲ Next.js 14.2.2
2026-09-08T23:45:07:   ▲ Next.js 14.2.2
2026-09-08T23:45:07:   ▲ Next.js 14.2.2
2026-09-08T23:45:07:   ▲ Next.js 14.2.2
2026-09-08T23:45:07:   ▲ Next.js 14.2.2
2026-09-08T23:45:07:   ▲ Next.js 14.2.2
2026-09-08T23:45:07:   ▲ Next.js 14.2.2
2026-09-08T23:45:07:   ▲ Next.js 14.2.2
2026-09-08T23:45:07:   - Local:        http://localhost:3000
2026-09-08T23:45:07: 
2026-09-08T23:45:07:  ✓ Starting...
2026-09-08T23:45:07:   - Local:        http://localhost:3000
2026-09-08T23:45:07: 
2026-09-08T23:45:07:  ✓ Starting...
2026-09-08T23:45:07:   - Local:        http://localhost:3000
2026-09-08T23:45:07: 
2026-09-08T23:45:07:  ✓ Starting...
2026-09-08T23:45:07:   - Local:        http://localhost:3000
2026-09-08T23:45:07: 
2026-09-08T23:45:07:  ✓ Starting...
2026-09-08T23:45:07:   - Local:        http://localhost:3000
2026-09-08T23:45:07: 
2026-09-08T23:45:07:  ✓ Starting...
2026-09-08T23:45:07:   - Local:        http://localhost:3000
2026-09-08T23:45:07: 
2026-09-08T23:45:07:  ✓ Starting...
2026-09-08T23:45:07:   - Local:        http://localhost:3000
2026-09-08T23:45:07: 
2026-09-08T23:45:07:  ✓ Starting...
2026-09-08T23:45:07:   - Local:        http://localhost:3000
2026-09-08T23:45:07: 
2026-09-08T23:45:07:  ✓ Starting...
2026-09-08T23:45:07:  ✓ Ready in 2.3s
2026-09-08T23:45:08:  ✓ Ready in 2.3s
2026-09-08T23:45:08:  ✓ Ready in 2.3s
2026-09-08T23:45:08:  ✓ Ready in 2.4s
2026-09-08T23:45:08:  ✓ Ready in 2.4s
2026-09-08T23:45:08:  ✓ Ready in 2.4s
2026-09-08T23:45:08:  ✓ Ready in 2.4s
2026-09-08T23:45:08:  ✓ Ready in 2.4s
2026-09-09T00:10:48:   ▲ Next.js 14.2.2
2026-09-09T00:10:48:   ▲ Next.js 14.2.2
2026-09-09T00:10:48:   ▲ Next.js 14.2.2
2026-09-09T00:10:48:   ▲ Next.js 14.2.2
2026-09-09T00:10:48:   ▲ Next.js 14.2.2
2026-09-09T00:10:48:   ▲ Next.js 14.2.2
2026-09-09T00:10:48:   ▲ Next.js 14.2.2
2026-09-09T00:10:48:   ▲ Next.js 14.2.2
2026-09-09T00:10:48:   - Local:        http://localhost:3000
2026-09-09T00:10:48: 
2026-09-09T00:10:48:  ✓ Starting...
2026-09-09T00:10:48:   - Local:        http://localhost:3000
2026-09-09T00:10:48: 
2026-09-09T00:10:48:  ✓ Starting...
2026-09-09T00:10:48:   - Local:        http://localhost:3000
2026-09-09T00:10:48: 
2026-09-09T00:10:48:  ✓ Starting...
2026-09-09T00:10:48:   - Local:        http://localhost:3000
2026-09-09T00:10:48: 
2026-09-09T00:10:48:  ✓ Starting...
2026-09-09T00:10:48:   - Local:        http://localhost:3000
2026-09-09T00:10:48: 
2026-09-09T00:10:48:  ✓ Starting...
2026-09-09T00:10:48:   - Local:        http://localhost:3000
2026-09-09T00:10:48: 
2026-09-09T00:10:48:  ✓ Starting...
2026-09-09T00:10:48:   - Local:        http://localhost:3000
2026-09-09T00:10:48: 
2026-09-09T00:10:48:  ✓ Starting...
2026-09-09T00:10:48:   - Local:        http://localhost:3000
2026-09-09T00:10:48: 
2026-09-09T00:10:48:  ✓ Starting...
2026-09-09T00:10:49:  ✓ Ready in 3s
2026-09-09T00:10:49:  ✓ Ready in 2.7s
2026-09-09T00:10:49:  ✓ Ready in 2.5s
2026-09-09T00:10:49:  ✓ Ready in 2.6s
2026-09-09T00:10:49:  ✓ Ready in 3s
2026-09-09T00:10:49:  ✓ Ready in 2.8s
2026-09-09T00:10:49:  ✓ Ready in 3.2s
2026-09-09T00:10:49:  ✓ Ready in 3s
2026-09-09T00:11:12:  ⨯ upstream image response failed for https://dl.harfhesab.com/package-game-banner/2026/9/5/1788625098707_nner.png 404
2026-09-09T00:11:12:  ⨯ upstream image response failed for https://dl.harfhesab.com/package-game-banner/2026/8/23/1787445315106_nner.png 404
2026-09-09T00:11:12:  ⨯ upstream image response failed for https://dl.harfhesab.com/package-game-icon/2026/9/3/1788472872127_icon.png 404
2026-09-09T00:11:12:  ⨯ upstream image response failed for https://dl.harfhesab.com/package-game-banner/2026/9/3/1788472872157_nner.png 404
2026-09-09T00:11:12:  ⨯ upstream image response failed for https://dl.harfhesab.com/package-game-icon/2026/8/23/1787445315077_icon.png 404
2026-09-09T00:11:12:  ⨯ upstream image response failed for https://dl.harfhesab.com/package-game-icon/2026/8/22/1787443039229_on-1.png 404
2026-09-09T00:11:12:  ⨯ upstream image response failed for https://dl.harfhesab.com/package-game-banner/2026/8/16/1786896376637_er-1.png 404
2026-09-09T00:11:12:  ⨯ upstream image response failed for https://dl.harfhesab.com/package-game-banner/2026/6/23/1782177016234_nner.png 404
2026-09-09T00:11:12:  ⨯ upstream image response failed for https://dl.harfhesab.com/package-game-banner/2026/6/28/1782601849502_nner.png 404
2026-09-09T00:11:12:  ⨯ upstream image response failed for https://dl.harfhesab.com/package-game-icon/2026/6/28/1782601847822_icon.png 404
2026-09-09T00:11:12:  ⨯ upstream image response failed for https://dl.harfhesab.com/package-game-banner/2026/5/15/1778798660901_nner.png 404
2026-09-09T00:11:12:  ⨯ upstream image response failed for https://dl.harfhesab.com/package-game-icon/2026/5/18/1779095719841_icon.png 404
2026-09-09T00:11:12:  ⨯ upstream image response failed for https://dl.harfhesab.com/package-game-icon/2026/5/15/1778798659271_icon.png 404
2026-09-09T00:11:12:  ⨯ upstream image response failed for https://dl.harfhesab.com/package-game-banner/2026/5/18/1779095719866_nner.png 404
2026-09-09T00:11:13:  ⨯ upstream image response failed for https://dl.harfhesab.com/package-game-icon/2026/6/23/1782177015815_icon.png 404
2026-09-09T00:11:41:  ⨯ upstream image response failed for https://dl.harfhesab.com/package-game-banner/2026/8/23/1787445315106_nner.png 404
2026-09-09T00:11:41:  ⨯ upstream image response failed for https://dl.harfhesab.com/package-game-icon/2026/8/22/1787443039229_on-1.png 404
2026-09-09T00:11:41:  ⨯ upstream image response failed for https://dl.harfhesab.com/package-game-banner/2026/9/5/1788625098707_nner.png 404
2026-09-09T00:11:41:  ⨯ upstream image response failed for https://dl.harfhesab.com/package-game-icon/2026/9/3/1788472872127_icon.png 404
2026-09-09T00:11:41:  ⨯ upstream image response failed for https://dl.harfhesab.com/package-game-icon/2026/8/23/1787445315077_icon.png 404
2026-09-09T00:11:41:  ⨯ upstream image response failed for https://dl.harfhesab.com/package-game-banner/2026/9/3/1788472872157_nner.png 404
2026-09-09T00:11:41:  ⨯ upstream image response failed for https://dl.harfhesab.com/package-game-banner/2026/8/16/1786896376637_er-1.png 404
2026-09-09T00:11:41:  ⨯ upstream image response failed for https://dl.harfhesab.com/package-game-icon/2026/6/28/1782601847822_icon.png 404
2026-09-09T00:11:41:  ⨯ upstream image response failed for https://dl.harfhesab.com/package-game-banner/2026/6/28/1782601849502_nner.png 404
2026-09-09T00:11:41:  ⨯ upstream image response failed for https://dl.harfhesab.com/package-game-icon/2026/6/23/1782177015815_icon.png 404
2026-09-09T00:11:41:  ⨯ upstream image response failed for https://dl.harfhesab.com/package-game-icon/2026/5/18/1779095719841_icon.png 404
2026-09-09T00:11:41:  ⨯ upstream image response failed for https://dl.harfhesab.com/package-game-banner/2026/6/23/1782177016234_nner.png 404
2026-09-09T00:11:41:  ⨯ upstream image response failed for https://dl.harfhesab.com/package-game-banner/2026/5/18/1779095719866_nner.png 404
2026-09-09T00:11:41:  ⨯ upstream image response failed for https://dl.harfhesab.com/package-game-banner/2026/5/15/1778798660901_nner.png 404
2026-09-09T00:11:41:  ⨯ upstream image response failed for https://dl.harfhesab.com/package-game-icon/2026/5/15/1778798659271_icon.png 404
2026-09-09T00:11:43:  ⨯ upstream image response failed for https://dl.harfhesab.com/package-game-banner/2026/9/5/1788625098707_nner.png 404
2026-09-09T00:12:14:  ⨯ upstream image response failed for https://dl.harfhesab.com/package-game-banner/2026/9/5/1788625098707_nner.png 404
2026-09-09T00:12:14:  ⨯ upstream image response failed for https://dl.harfhesab.com/package-game-banner/2026/8/16/1786896376637_er-1.png 404
2026-09-09T00:12:14:  ⨯ upstream image response failed for https://dl.harfhesab.com/package-game-icon/2026/8/23/1787445315077_icon.png 404
2026-09-09T00:12:14:  ⨯ upstream image response failed for https://dl.harfhesab.com/package-game-banner/2026/9/3/1788472872157_nner.png 404
2026-09-09T00:12:14:  ⨯ upstream image response failed for https://dl.harfhesab.com/package-game-icon/2026/6/28/1782601847822_icon.png 404
2026-09-09T00:12:14:  ⨯ upstream image response failed for https://dl.harfhesab.com/package-game-banner/2026/8/23/1787445315106_nner.png 404
2026-09-09T00:12:14:  ⨯ upstream image response failed for https://dl.harfhesab.com/package-game-icon/2026/6/23/1782177015815_icon.png 404
2026-09-09T00:12:14:  ⨯ upstream image response failed for https://dl.harfhesab.com/package-game-banner/2026/6/28/1782601849502_nner.png 404
2026-09-09T00:12:15:  ⨯ upstream image response failed for https://dl.harfhesab.com/package-game-banner/2026/6/23/1782177016234_nner.png 404
2026-09-09T00:12:15:  ⨯ upstream image response failed for https://dl.harfhesab.com/package-game-icon/2026/5/18/1779095719841_icon.png 404
2026-09-09T00:12:15:  ⨯ upstream image response failed for https://dl.harfhesab.com/package-game-banner/2026/5/18/1779095719866_nner.png 404
2026-09-09T00:12:15:  ⨯ upstream image response failed for https://dl.harfhesab.com/package-game-banner/2026/5/15/1778798660901_nner.png 404
2026-09-09T00:12:15:  ⨯ upstream image response failed for https://dl.harfhesab.com/package-game-icon/2026/5/15/1778798659271_icon.png 404
2026-09-09T00:12:15:  ⨯ upstream image response failed for https://dl.harfhesab.com/package-game-icon/2026/9/3/1788472872127_icon.png 404
2026-09-09T00:12:15:  ⨯ upstream image response failed for https://dl.harfhesab.com/package-game-icon/2026/8/22/1787443039229_on-1.png 404
2026-09-09T00:13:19:  ⨯ upstream image response failed for https://dl.harfhesab.com/package-game-banner/2026/9/5/1788625098707_nner.png 404
2026-09-09T00:13:45:  ⨯ upstream image response failed for https://dl.harfhesab.com/package-game-banner/2026/9/5/1788625098707_nner.png 404
2026-09-09T00:13:45:  ⨯ upstream image response failed for https://dl.harfhesab.com/package-game-banner/2026/8/16/1786896376637_er-1.png 404
2026-09-09T00:13:45:  ⨯ upstream image response failed for https://dl.harfhesab.com/package-game-banner/2026/8/23/1787445315106_nner.png 404
2026-09-09T00:13:45:  ⨯ upstream image response failed for https://dl.harfhesab.com/package-game-icon/2026/8/23/1787445315077_icon.png 404
2026-09-09T00:13:45:  ⨯ upstream image response failed for https://dl.harfhesab.com/package-game-icon/2026/8/22/1787443039229_on-1.png 404
2026-09-09T00:13:45:  ⨯ upstream image response failed for https://dl.harfhesab.com/package-game-icon/2026/9/3/1788472872127_icon.png 404
2026-09-09T00:13:45:  ⨯ upstream image response failed for https://dl.harfhesab.com/package-game-banner/2026/9/3/1788472872157_nner.png 404
2026-09-09T00:13:45:  ⨯ upstream image response failed for https://dl.harfhesab.com/package-game-icon/2026/6/28/1782601847822_icon.png 404
2026-09-09T00:13:45:  ⨯ upstream image response failed for https://dl.harfhesab.com/package-game-banner/2026/6/28/1782601849502_nner.png 404
2026-09-09T00:13:45:  ⨯ upstream image response failed for https://dl.harfhesab.com/package-game-banner/2026/6/23/1782177016234_nner.png 404
2026-09-09T00:13:45:  ⨯ upstream image response failed for https://dl.harfhesab.com/package-game-icon/2026/6/23/1782177015815_icon.png 404
2026-09-09T00:13:46:  ⨯ upstream image response failed for https://dl.harfhesab.com/package-game-banner/2026/5/18/1779095719866_nner.png 404
2026-09-09T00:13:46:  ⨯ upstream image response failed for https://dl.harfhesab.com/package-game-icon/2026/5/18/1779095719841_icon.png 404
2026-09-09T00:13:46:  ⨯ upstream image response failed for https://dl.harfhesab.com/package-game-banner/2026/5/15/1778798660901_nner.png 404
2026-09-09T00:13:46:  ⨯ upstream image response failed for https://dl.harfhesab.com/package-game-icon/2026/5/15/1778798659271_icon.png 404
2026-09-09T00:16:02:  ⨯ upstream image response failed for https://dl.harfhesab.com/package-game-icon/2026/8/22/1787443039229_on-1.png 404
2026-09-09T00:16:02:  ⨯ upstream image response failed for https://dl.harfhesab.com/package-game-banner/2026/9/5/1788625098707_nner.png 404
2026-09-09T00:16:02:  ⨯ upstream image response failed for https://dl.harfhesab.com/package-game-banner/2026/8/23/1787445315106_nner.png 404
2026-09-09T00:16:02:  ⨯ upstream image response failed for https://dl.harfhesab.com/package-game-icon/2026/8/23/1787445315077_icon.png 404
2026-09-09T00:16:02:  ⨯ upstream image response failed for https://dl.harfhesab.com/package-game-banner/2026/8/16/1786896376637_er-1.png 404
2026-09-09T00:16:02:  ⨯ upstream image response failed for https://dl.harfhesab.com/package-game-icon/2026/9/3/1788472872127_icon.png 404
2026-09-09T00:16:02:  ⨯ upstream image response failed for https://dl.harfhesab.com/package-game-banner/2026/9/3/1788472872157_nner.png 404
2026-09-09T00:16:02:  ⨯ upstream image response failed for https://dl.harfhesab.com/package-game-icon/2026/6/28/1782601847822_icon.png 404
2026-09-09T00:16:02:  ⨯ upstream image response failed for https://dl.harfhesab.com/package-game-icon/2026/6/23/1782177015815_icon.png 404
2026-09-09T00:16:02:  ⨯ upstream image response failed for https://dl.harfhesab.com/package-game-banner/2026/6/28/1782601849502_nner.png 404
2026-09-09T00:16:02:  ⨯ upstream image response failed for https://dl.harfhesab.com/package-game-icon/2026/5/18/1779095719841_icon.png 404
2026-09-09T00:16:02:  ⨯ upstream image response failed for https://dl.harfhesab.com/package-game-banner/2026/6/23/1782177016234_nner.png 404
2026-09-09T00:16:02:  ⨯ upstream image response failed for https://dl.harfhesab.com/package-game-banner/2026/5/18/1779095719866_nner.png 404
2026-09-09T00:16:02:  ⨯ upstream image response failed for https://dl.harfhesab.com/package-game-icon/2026/5/15/1778798659271_icon.png 404
2026-09-09T00:16:02:  ⨯ upstream image response failed for https://dl.harfhesab.com/package-game-banner/2026/5/15/1778798660901_nner.png 404
2026-09-09T00:16:06:  ⨯ upstream image response failed for https://dl.harfhesab.com/package-game-banner/2026/9/5/1788625098707_nner.png 404
2026-09-09T00:16:30:  ⨯ upstream image response failed for https://dl.harfhesab.com/package-game-icon/2026/9/3/1788472872127_icon.png 404
2026-09-09T00:16:30:  ⨯ upstream image response failed for https://dl.harfhesab.com/package-game-icon/2026/6/28/1782601847822_icon.png 404
2026-09-09T00:16:30:  ⨯ upstream image response failed for https://dl.harfhesab.com/package-game-banner/2026/9/3/1788472872157_nner.png 404
2026-09-09T00:16:30:  ⨯ upstream image response failed for https://dl.harfhesab.com/package-game-banner/2026/8/23/1787445315106_nner.png 404
2026-09-09T00:16:30:  ⨯ upstream image response failed for https://dl.harfhesab.com/package-game-icon/2026/8/22/1787443039229_on-1.png 404
2026-09-09T00:16:31:  ⨯ upstream image response failed for https://dl.harfhesab.com/package-game-banner/2026/8/16/1786896376637_er-1.png 404
2026-09-09T00:16:31:  ⨯ upstream image response failed for https://dl.harfhesab.com/package-game-icon/2026/8/23/1787445315077_icon.png 404
2026-09-09T00:16:31:  ⨯ upstream image response failed for https://dl.harfhesab.com/package-game-icon/2026/6/23/1782177015815_icon.png 404
2026-09-09T00:16:31:  ⨯ upstream image response failed for https://dl.harfhesab.com/package-game-icon/2026/5/18/1779095719841_icon.png 404
2026-09-09T00:16:31:  ⨯ upstream image response failed for https://dl.harfhesab.com/package-game-banner/2026/6/28/1782601849502_nner.png 404
2026-09-09T00:16:31:  ⨯ upstream image response failed for https://dl.harfhesab.com/package-game-banner/2026/6/23/1782177016234_nner.png 404
2026-09-09T00:16:31:  ⨯ upstream image response failed for https://dl.harfhesab.com/package-game-banner/2026/5/18/1779095719866_nner.png 404
2026-09-09T00:16:31:  ⨯ upstream image response failed for https://dl.harfhesab.com/package-game-icon/2026/5/15/1778798659271_icon.png 404
2026-09-09T00:16:31:  ⨯ upstream image response failed for https://dl.harfhesab.com/package-game-banner/2026/5/15/1778798660901_nner.png 404
2026-09-09T00:17:19:  ⨯ upstream image response failed for https://dl.harfhesab.com/package-game-season/2026/5/15/1778799502772_se-1.png 404
2026-09-09T00:17:19:  ⨯ upstream image response failed for https://dl.harfhesab.com/package-game-icon/2026/5/15/1778798659271_icon.png 404
2026-09-09T00:17:19:  ⨯ upstream image response failed for https://dl.harfhesab.com/package-game-icon/2026/5/18/1779095719841_icon.png 404
2026-09-09T00:17:19:  ⨯ upstream image response failed for https://dl.harfhesab.com/package-game-season/2026/5/18/1779097039936_se-2.png 404
2026-09-09T00:17:19:  ⨯ upstream image response failed for https://dl.harfhesab.com/package-game-season/2026/5/18/1779096449593_se-1.png 404
2026-09-09T00:17:19:  ⨯ upstream image response failed for https://dl.harfhesab.com/package-game-season/2026/5/18/1779097592819_se-3.png 404
2026-09-09T00:17:19:  ⨯ upstream image response failed for https://dl.harfhesab.com/package-game-season/2026/5/15/1778833292531_se-2.png 404
2026-09-09T00:17:19:  ⨯ upstream image response failed for https://dl.harfhesab.com/package-game-season/2026/6/28/1782603643684_se-1.png 404
2026-09-09T00:17:19:  ⨯ upstream image response failed for https://dl.harfhesab.com/package-game-season/2026/6/24/1782249524015_se-3.png 404
2026-09-09T00:17:19:  ⨯ upstream image response failed for https://dl.harfhesab.com/package-game-icon/2026/6/23/1782177015815_icon.png 404
2026-09-09T00:17:19:  ⨯ upstream image response failed for https://dl.harfhesab.com/package-game-icon/2026/6/28/1782601847822_icon.png 404
2026-09-09T00:17:20:  ⨯ upstream image response failed for https://dl.harfhesab.com/package-game-season/2026/6/24/1782248879350_se-1.png 404
2026-09-09T00:17:20:  ⨯ upstream image response failed for https://dl.harfhesab.com/package-game-season/2026/6/24/1782249277422_se-2.png 404
2026-09-09T00:17:20:  ⨯ upstream image response failed for https://dl.harfhesab.com/package-game-season/2026/5/15/1778834086759_se-3.png 404
2026-09-09T00:17:23:  ⨯ upstream image response failed for https://dl.harfhesab.com/package-game-icon/2026/8/22/1787443039229_on-1.png 404
2026-09-09T00:17:23:  ⨯ upstream image response failed for https://dl.harfhesab.com/package-game-icon/2026/8/23/1787445315077_icon.png 404
2026-09-09T00:17:23:  ⨯ upstream image response failed for https://dl.harfhesab.com/package-game-icon/2026/6/28/1782601847822_icon.png 404
2026-09-09T00:17:23:  ⨯ upstream image response failed for https://dl.harfhesab.com/package-game-icon/2026/9/3/1788472872127_icon.png 404
2026-09-09T00:17:23:  ⨯ upstream image response failed for https://dl.harfhesab.com/package-game-icon/2026/6/23/1782177015815_icon.png 404
2026-09-09T00:17:23:  ⨯ upstream image response failed for https://dl.harfhesab.com/package-game-icon/2026/5/15/1778798659271_icon.png 404
2026-09-09T00:17:23:  ⨯ upstream image response failed for https://dl.harfhesab.com/package-game-icon/2026/5/18/1779095719841_icon.png 404
2026-09-09T00:17:28:  ⨯ upstream image response failed for https://dl.harfhesab.com/package-game-season/2026/9/5/1788628695169_se-2.png 404
2026-09-09T00:17:28:  ⨯ upstream image response failed for https://dl.harfhesab.com/package-game-icon/2026/9/5/1788625098683_icon.png 404
2026-09-09T00:17:28:  ⨯ upstream image response failed for https://dl.harfhesab.com/package-game-season/2026/9/5/1788628585346_se-1.png 404
2026-09-09T00:17:43:  ⨯ upstream image response failed for https://dl.harfhesab.com/package-game-icon/2026/9/5/1788625098683_icon.png 404
2026-09-09T00:17:43:  ⨯ upstream image response failed for https://dl.harfhesab.com/package-game-season/2026/9/5/1788628585346_se-1.png 404
2026-09-09T00:18:40:  ⨯ upstream image response failed for https://dl.harfhesab.com/package-game-icon/2026/5/15/1778798659271_icon.png 404
2026-09-09T00:18:41:  ⨯ upstream image response failed for https://dl.harfhesab.com/package-game-season/2026/5/15/1778833292531_se-2.png 404
2026-09-09T00:18:42:  ⨯ upstream image response failed for https://dl.harfhesab.com/package-game-season/2026/5/18/1779096449593_se-1.png 404
2026-09-09T00:18:42:  ⨯ upstream image response failed for https://dl.harfhesab.com/package-game-icon/2026/5/18/1779095719841_icon.png 404
2026-09-09T00:18:43:  ⨯ upstream image response failed for https://dl.harfhesab.com/package-game-season/2026/5/18/1779097592819_se-3.png 404
2026-09-09T00:18:43:  ⨯ upstream image response failed for https://dl.harfhesab.com/package-game-season/2026/6/24/1782249277422_se-2.png 404
2026-09-09T00:18:43:  ⨯ upstream image response failed for https://dl.harfhesab.com/package-game-icon/2026/6/23/1782177015815_icon.png 404
2026-09-09T00:18:43:  ⨯ upstream image response failed for https://dl.harfhesab.com/package-game-season/2026/6/24/1782248879350_se-1.png 404
2026-09-09T00:18:43:  ⨯ upstream image response failed for https://dl.harfhesab.com/package-game-season/2026/5/18/1779097039936_se-2.png 404
2026-09-09T00:18:43:  ⨯ upstream image response failed for https://dl.harfhesab.com/package-game-season/2026/6/24/1782249524015_se-3.png 404
2026-09-09T00:18:43:  ⨯ upstream image response failed for https://dl.harfhesab.com/package-game-season/2026/6/28/1782603643684_se-1.png 404
2026-09-09T00:18:43:  ⨯ upstream image response failed for https://dl.harfhesab.com/package-game-icon/2026/6/28/1782601847822_icon.png 404
2026-09-09T00:18:43:  ⨯ upstream image response failed for https://dl.harfhesab.com/package-game-season/2026/6/28/1782604060714_se-3.png 404
2026-09-09T00:18:43:  ⨯ upstream image response failed for https://dl.harfhesab.com/package-game-season/2026/6/28/1782604514775_se-5.png 404
2026-09-09T00:18:43:  ⨯ upstream image response failed for https://dl.harfhesab.com/package-game-season/2026/6/28/1782604641570_se-6.png 404
2026-09-09T00:18:44:  ⨯ upstream image response failed for https://dl.harfhesab.com/package-game-season/2026/8/18/1787036398685_se-2.png 404
2026-09-09T00:18:45:  ⨯ upstream image response failed for https://dl.harfhesab.com/package-game-season/2026/5/15/1778834086759_se-3.png 404
2026-09-09T00:18:45:  ⨯ upstream image response failed for https://dl.harfhesab.com/package-game-season/2026/5/15/1778799502772_se-1.png 404
2026-09-09T00:18:46:  ⨯ upstream image response failed for https://dl.harfhesab.com/package-game-season/2026/6/28/1782603899524_se-2.png 404
2026-09-09T00:18:46:  ⨯ upstream image response failed for https://dl.harfhesab.com/package-game-season/2026/6/28/1782604289318_se-4.png 404
2026-09-09T00:18:46:  ⨯ upstream image response failed for https://dl.harfhesab.com/package-game-icon/2026/8/22/1787443039229_on-1.png 404
2026-09-09T00:18:46:  ⨯ upstream image response failed for https://dl.harfhesab.com/package-game-season/2026/8/17/1786964538900_se-1.png 404
2026-09-09T00:18:46:  ⨯ upstream image response failed for https://dl.harfhesab.com/package-game-season/2026/9/3/1788477386739_se-2.png 404
2026-09-09T00:18:47:  ⨯ upstream image response failed for https://dl.harfhesab.com/package-game-season/2026/8/18/1787036635740_se-3.png 404
2026-09-09T00:18:48:  ⨯ upstream image response failed for https://dl.harfhesab.com/package-game-season/2026/9/5/1788628695169_se-2.png 404
2026-09-09T00:18:48:  ⨯ upstream image response failed for https://dl.harfhesab.com/package-game-icon/2026/9/3/1788472872127_icon.png 404
2026-09-09T00:18:48:  ⨯ upstream image response failed for https://dl.harfhesab.com/package-game-season/2026/8/18/1787036789891_se-4.png 404
2026-09-09T00:18:48:  ⨯ upstream image response failed for https://dl.harfhesab.com/package-game-season/2026/8/18/1787041115419_se-5.png 404
2026-09-09T00:18:48:  ⨯ upstream image response failed for https://dl.harfhesab.com/package-game-season/2026/8/21/1787318692470_se-8.png 404
2026-09-09T00:18:48:  ⨯ upstream image response failed for https://dl.harfhesab.com/package-game-season/2026/8/18/1787049026184_se-6.png 404
2026-09-09T00:18:48:  ⨯ upstream image response failed for https://dl.harfhesab.com/package-game-season/2026/8/21/1787317202716_se-7.png 404
2026-09-09T00:18:49:  ⨯ upstream image response failed for https://dl.harfhesab.com/package-game-season/2026/9/3/1788477191317_se-1.png 404
2026-09-09T00:18:49:  ⨯ upstream image response failed for https://dl.harfhesab.com/package-game-icon/2026/9/5/1788625098683_icon.png 404
2026-09-09T00:18:52:  ⨯ upstream image response failed for https://dl.harfhesab.com/package-game-icon/2026/8/23/1787445315077_icon.png 404
2026-09-09T00:18:52:  ⨯ upstream image response failed for https://dl.harfhesab.com/package-game-banner/2026/9/3/1788472872157_nner.png 404
2026-09-09T00:18:52:  ⨯ upstream image response failed for https://dl.harfhesab.com/package-game-banner/2026/8/23/1787445315106_nner.png 404
2026-09-09T00:18:52:  ⨯ upstream image response failed for https://dl.harfhesab.com/package-game-icon/2026/9/3/1788472872127_icon.png 404
2026-09-09T00:18:52:  ⨯ upstream image response failed for https://dl.harfhesab.com/package-game-banner/2026/6/28/1782601849502_nner.png 404
2026-09-09T00:18:52:  ⨯ upstream image response failed for https://dl.harfhesab.com/package-game-icon/2026/6/28/1782601847822_icon.png 404
2026-09-09T00:18:52:  ⨯ upstream image response failed for https://dl.harfhesab.com/package-game-banner/2026/8/16/1786896376637_er-1.png 404
2026-09-09T00:18:52:  ⨯ upstream image response failed for https://dl.harfhesab.com/package-game-icon/2026/6/23/1782177015815_icon.png 404
2026-09-09T00:18:52:  ⨯ upstream image response failed for https://dl.harfhesab.com/package-game-icon/2026/8/22/1787443039229_on-1.png 404
2026-09-09T00:18:52:  ⨯ upstream image response failed for https://dl.harfhesab.com/package-game-icon/2026/5/18/1779095719841_icon.png 404
2026-09-09T00:18:52:  ⨯ upstream image response failed for https://dl.harfhesab.com/package-game-icon/2026/5/15/1778798659271_icon.png 404
2026-09-09T00:18:52:  ⨯ upstream image response failed for https://dl.harfhesab.com/package-game-banner/2026/5/18/1779095719866_nner.png 404
2026-09-09T00:18:52:  ⨯ upstream image response failed for https://dl.harfhesab.com/package-game-banner/2026/5/15/1778798660901_nner.png 404
2026-09-09T00:18:52:  ⨯ upstream image response failed for https://dl.harfhesab.com/package-game-banner/2026/6/23/1782177016234_nner.png 404
2026-09-09T00:18:55:  ⨯ upstream image response failed for https://dl.harfhesab.com/package-game-icon/2026/8/22/1787443039229_on-1.png 404
2026-09-09T00:18:55:  ⨯ upstream image response failed for https://dl.harfhesab.com/package-game-banner/2026/9/3/1788472872157_nner.png 404
2026-09-09T00:18:55:  ⨯ upstream image response failed for https://dl.harfhesab.com/package-game-icon/2026/9/3/1788472872127_icon.png 404
2026-09-09T00:18:55:  ⨯ upstream image response failed for https://dl.harfhesab.com/package-game-banner/2026/8/23/1787445315106_nner.png 404
2026-09-09T00:18:55:  ⨯ upstream image response failed for https://dl.harfhesab.com/package-game-icon/2026/8/23/1787445315077_icon.png 404
2026-09-09T00:18:55:  ⨯ upstream image response failed for https://dl.harfhesab.com/package-game-banner/2026/8/16/1786896376637_er-1.png 404
2026-09-09T00:18:55:  ⨯ upstream image response failed for https://dl.harfhesab.com/package-game-banner/2026/6/23/1782177016234_nner.png 404
2026-09-09T00:18:55:  ⨯ upstream image response failed for https://dl.harfhesab.com/package-game-icon/2026/6/23/1782177015815_icon.png 404
2026-09-09T00:18:55:  ⨯ upstream image response failed for https://dl.harfhesab.com/package-game-banner/2026/6/28/1782601849502_nner.png 404
2026-09-09T00:18:55:  ⨯ upstream image response failed for https://dl.harfhesab.com/package-game-banner/2026/5/18/1779095719866_nner.png 404
2026-09-09T00:18:55:  ⨯ upstream image response failed for https://dl.harfhesab.com/package-game-icon/2026/6/28/1782601847822_icon.png 404
2026-09-09T00:18:55:  ⨯ upstream image response failed for https://dl.harfhesab.com/package-game-icon/2026/5/18/1779095719841_icon.png 404
2026-09-09T00:18:55:  ⨯ upstream image response failed for https://dl.harfhesab.com/package-game-icon/2026/5/15/1778798659271_icon.png 404
2026-09-09T00:18:55:  ⨯ upstream image response failed for https://dl.harfhesab.com/package-game-banner/2026/5/15/1778798660901_nner.png 404
2026-09-09T00:19:05:  ⨯ upstream image response failed for https://dl.harfhesab.com/package-game-icon/2026/5/18/1779095719841_icon.png 404
2026-09-09T00:19:05:  ⨯ upstream image response failed for https://dl.harfhesab.com/package-game-season/2026/5/15/1778834086759_se-3.png 404
2026-09-09T00:19:05:  ⨯ upstream image response failed for https://dl.harfhesab.com/package-game-season/2026/5/15/1778833292531_se-2.png 404
2026-09-09T00:19:05:  ⨯ upstream image response failed for https://dl.harfhesab.com/package-game-icon/2026/5/15/1778798659271_icon.png 404
2026-09-09T00:19:05:  ⨯ upstream image response failed for https://dl.harfhesab.com/package-game-season/2026/5/15/1778799502772_se-1.png 404
2026-09-09T00:19:05:  ⨯ upstream image response failed for https://dl.harfhesab.com/package-game-season/2026/5/18/1779096449593_se-1.png 404
2026-09-09T00:19:05:  ⨯ upstream image response failed for https://dl.harfhesab.com/package-game-season/2026/5/18/1779097039936_se-2.png 404
2026-09-09T00:19:05:  ⨯ upstream image response failed for https://dl.harfhesab.com/package-game-season/2026/5/18/1779097592819_se-3.png 404
2026-09-09T00:19:05:  ⨯ upstream image response failed for https://dl.harfhesab.com/package-game-icon/2026/6/23/1782177015815_icon.png 404
2026-09-09T00:19:05:  ⨯ upstream image response failed for https://dl.harfhesab.com/package-game-season/2026/6/24/1782248879350_se-1.png 404
2026-09-09T00:19:05:  ⨯ upstream image response failed for https://dl.harfhesab.com/package-game-season/2026/6/24/1782249524015_se-3.png 404
2026-09-09T00:19:05:  ⨯ upstream image response failed for https://dl.harfhesab.com/package-game-season/2026/6/24/1782249277422_se-2.png 404
2026-09-09T00:19:05:  ⨯ upstream image response failed for https://dl.harfhesab.com/package-game-icon/2026/6/28/1782601847822_icon.png 404
2026-09-09T00:19:05:  ⨯ upstream image response failed for https://dl.harfhesab.com/package-game-season/2026/6/28/1782603643684_se-1.png 404
2026-09-09T00:19:08:  ⨯ upstream image response failed for https://dl.harfhesab.com/package-game-icon/2026/9/3/1788472872127_icon.png 404
2026-09-09T00:19:08:  ⨯ upstream image response failed for https://dl.harfhesab.com/package-game-icon/2026/8/22/1787443039229_on-1.png 404
2026-09-09T00:19:08:  ⨯ upstream image response failed for https://dl.harfhesab.com/package-game-icon/2026/8/23/1787445315077_icon.png 404
2026-09-09T00:19:08:  ⨯ upstream image response failed for https://dl.harfhesab.com/package-game-icon/2026/6/28/1782601847822_icon.png 404
2026-09-09T00:19:08:  ⨯ upstream image response failed for https://dl.harfhesab.com/package-game-icon/2026/5/18/1779095719841_icon.png 404
2026-09-09T00:19:08:  ⨯ upstream image response failed for https://dl.harfhesab.com/package-game-icon/2026/6/23/1782177015815_icon.png 404
2026-09-09T00:19:08:  ⨯ upstream image response failed for https://dl.harfhesab.com/package-game-icon/2026/5/15/1778798659271_icon.png 404
2026-09-09T00:19:16:  ⨯ upstream image response failed for https://dl.harfhesab.com/package-game-icon/2026/9/5/1788625098683_icon.png 404
2026-09-09T00:19:16:  ⨯ upstream image response failed for https://dl.harfhesab.com/package-game-season/2026/9/5/1788628695169_se-2.png 404
2026-09-09T00:20:03:  ⨯ upstream image response failed for https://dl.harfhesab.com/package-game-icon/2026/9/5/1788625098683_icon.png 404
2026-09-09T00:23:32:  ⨯ upstream image response failed for https://dl.harfhesab.com/package-game-season/2026/5/15/1778833292531_se-2.png 404
2026-09-09T00:23:32:  ⨯ upstream image response failed for https://dl.harfhesab.com/package-game-icon/2026/5/18/1779095719841_icon.png 404
2026-09-09T00:23:32:  ⨯ upstream image response failed for https://dl.harfhesab.com/package-game-icon/2026/5/15/1778798659271_icon.png 404
2026-09-09T00:23:32:  ⨯ upstream image response failed for https://dl.harfhesab.com/package-game-season/2026/5/15/1778799502772_se-1.png 404
2026-09-09T00:23:32:  ⨯ upstream image response failed for https://dl.harfhesab.com/package-game-season/2026/5/18/1779097039936_se-2.png 404
2026-09-09T00:23:32:  ⨯ upstream image response failed for https://dl.harfhesab.com/package-game-season/2026/5/18/1779096449593_se-1.png 404
2026-09-09T00:23:32:  ⨯ upstream image response failed for https://dl.harfhesab.com/package-game-season/2026/5/18/1779097592819_se-3.png 404
2026-09-09T00:23:32:  ⨯ upstream image response failed for https://dl.harfhesab.com/package-game-season/2026/6/24/1782249277422_se-2.png 404
2026-09-09T00:23:32:  ⨯ upstream image response failed for https://dl.harfhesab.com/package-game-season/2026/6/24/1782249524015_se-3.png 404
2026-09-09T00:23:32:  ⨯ upstream image response failed for https://dl.harfhesab.com/package-game-icon/2026/6/23/1782177015815_icon.png 404
2026-09-09T00:23:32:  ⨯ upstream image response failed for https://dl.harfhesab.com/package-game-season/2026/6/24/1782248879350_se-1.png 404
2026-09-09T00:23:32:  ⨯ upstream image response failed for https://dl.harfhesab.com/package-game-season/2026/6/28/1782603643684_se-1.png 404
2026-09-09T00:23:32:  ⨯ upstream image response failed for https://dl.harfhesab.com/package-game-season/2026/5/15/1778834086759_se-3.png 404
2026-09-09T00:23:32:  ⨯ upstream image response failed for https://dl.harfhesab.com/package-game-icon/2026/6/28/1782601847822_icon.png 404
2026-09-09T00:23:41:  ⨯ upstream image response failed for https://dl.harfhesab.com/package-game-icon/2026/9/3/1788472872127_icon.png 404
2026-09-09T00:23:41:  ⨯ upstream image response failed for https://dl.harfhesab.com/package-game-icon/2026/8/22/1787443039229_on-1.png 404
2026-09-09T00:23:41:  ⨯ upstream image response failed for https://dl.harfhesab.com/package-game-banner/2026/9/3/1788472872157_nner.png 404
2026-09-09T00:23:41:  ⨯ upstream image response failed for https://dl.harfhesab.com/package-game-banner/2026/8/16/1786896376637_er-1.png 404
2026-09-09T00:23:41:  ⨯ upstream image response failed for https://dl.harfhesab.com/package-game-icon/2026/6/28/1782601847822_icon.png 404
2026-09-09T00:23:41:  ⨯ upstream image response failed for https://dl.harfhesab.com/package-game-banner/2026/8/23/1787445315106_nner.png 404
2026-09-09T00:23:41:  ⨯ upstream image response failed for https://dl.harfhesab.com/package-game-icon/2026/8/23/1787445315077_icon.png 404
2026-09-09T00:23:41:  ⨯ upstream image response failed for https://dl.harfhesab.com/package-game-icon/2026/6/23/1782177015815_icon.png 404
2026-09-09T00:23:41:  ⨯ upstream image response failed for https://dl.harfhesab.com/package-game-banner/2026/6/28/1782601849502_nner.png 404
2026-09-09T00:23:41:  ⨯ upstream image response failed for https://dl.harfhesab.com/package-game-icon/2026/5/18/1779095719841_icon.png 404
2026-09-09T00:23:41:  ⨯ upstream image response failed for https://dl.harfhesab.com/package-game-banner/2026/6/23/1782177016234_nner.png 404
2026-09-09T00:23:41:  ⨯ upstream image response failed for https://dl.harfhesab.com/package-game-icon/2026/5/15/1778798659271_icon.png 404
2026-09-09T00:23:42:  ⨯ upstream image response failed for https://dl.harfhesab.com/package-game-banner/2026/5/15/1778798660901_nner.png 404
2026-09-09T00:23:42:  ⨯ upstream image response failed for https://dl.harfhesab.com/package-game-banner/2026/5/18/1779095719866_nner.png 404
2026-09-09T00:23:54:  ⨯ upstream image response failed for https://dl.harfhesab.com/package-game-icon/2026/8/23/1787445315077_icon.png 404
2026-09-09T00:23:54:  ⨯ upstream image response failed for https://dl.harfhesab.com/package-game-icon/2026/9/3/1788472872127_icon.png 404
2026-09-09T00:23:54:  ⨯ upstream image response failed for https://dl.harfhesab.com/package-game-icon/2026/8/22/1787443039229_on-1.png 404
2026-09-09T00:23:54:  ⨯ upstream image response failed for https://dl.harfhesab.com/package-game-banner/2026/8/23/1787445315106_nner.png 404
2026-09-09T00:23:54:  ⨯ upstream image response failed for https://dl.harfhesab.com/package-game-banner/2026/8/16/1786896376637_er-1.png 404
2026-09-09T00:23:54:  ⨯ upstream image response failed for https://dl.harfhesab.com/package-game-banner/2026/9/3/1788472872157_nner.png 404
2026-09-09T00:23:54:  ⨯ upstream image response failed for https://dl.harfhesab.com/package-game-icon/2026/6/28/1782601847822_icon.png 404
2026-09-09T00:23:54:  ⨯ upstream image response failed for https://dl.harfhesab.com/package-game-banner/2026/6/28/1782601849502_nner.png 404
2026-09-09T00:23:54:  ⨯ upstream image response failed for https://dl.harfhesab.com/package-game-icon/2026/6/23/1782177015815_icon.png 404
2026-09-09T00:23:54:  ⨯ upstream image response failed for https://dl.harfhesab.com/package-game-banner/2026/6/23/1782177016234_nner.png 404
2026-09-09T00:23:54:  ⨯ upstream image response failed for https://dl.harfhesab.com/package-game-icon/2026/5/18/1779095719841_icon.png 404
2026-09-09T00:23:54:  ⨯ upstream image response failed for https://dl.harfhesab.com/package-game-banner/2026/5/18/1779095719866_nner.png 404
2026-09-09T00:23:54:  ⨯ upstream image response failed for https://dl.harfhesab.com/package-game-icon/2026/5/15/1778798659271_icon.png 404
2026-09-09T00:23:54:  ⨯ upstream image response failed for https://dl.harfhesab.com/package-game-banner/2026/5/15/1778798660901_nner.png 404
2026-09-09T00:24:10:  ⨯ upstream image response failed for https://dl.harfhesab.com/package-game-icon/2026/5/15/1778798659271_icon.png 404
2026-09-09T00:24:10:  ⨯ upstream image response failed for https://dl.harfhesab.com/package-game-season/2026/5/15/1778834086759_se-3.png 404
2026-09-09T00:24:10:  ⨯ upstream image response failed for https://dl.harfhesab.com/package-game-season/2026/5/15/1778833292531_se-2.png 404
2026-09-09T00:24:10:  ⨯ upstream image response failed for https://dl.harfhesab.com/package-game-season/2026/5/18/1779096449593_se-1.png 404
2026-09-09T00:24:10:  ⨯ upstream image response failed for https://dl.harfhesab.com/package-game-season/2026/5/15/1778799502772_se-1.png 404
2026-09-09T00:24:10:  ⨯ upstream image response failed for https://dl.harfhesab.com/package-game-icon/2026/5/18/1779095719841_icon.png 404
2026-09-09T00:24:10:  ⨯ upstream image response failed for https://dl.harfhesab.com/package-game-season/2026/5/18/1779097039936_se-2.png 404
2026-09-09T00:24:10:  ⨯ upstream image response failed for https://dl.harfhesab.com/package-game-season/2026/5/18/1779097592819_se-3.png 404
2026-09-09T00:24:10:  ⨯ upstream image response failed for https://dl.harfhesab.com/package-game-icon/2026/6/23/1782177015815_icon.png 404
2026-09-09T00:24:10:  ⨯ upstream image response failed for https://dl.harfhesab.com/package-game-season/2026/6/24/1782249277422_se-2.png 404
2026-09-09T00:24:10:  ⨯ upstream image response failed for https://dl.harfhesab.com/package-game-season/2026/6/28/1782603643684_se-1.png 404
2026-09-09T00:24:10:  ⨯ upstream image response failed for https://dl.harfhesab.com/package-game-season/2026/6/24/1782248879350_se-1.png 404
2026-09-09T00:24:10:  ⨯ upstream image response failed for https://dl.harfhesab.com/package-game-season/2026/6/24/1782249524015_se-3.png 404
2026-09-09T00:24:10:  ⨯ upstream image response failed for https://dl.harfhesab.com/package-game-icon/2026/6/28/1782601847822_icon.png 404
2026-09-09T00:24:13:  ⨯ upstream image response failed for https://dl.harfhesab.com/package-game-icon/2026/6/23/1782177015815_icon.png 404
2026-09-09T00:24:13:  ⨯ upstream image response failed for https://dl.harfhesab.com/package-game-icon/2026/6/28/1782601847822_icon.png 404
2026-09-09T00:24:13:  ⨯ upstream image response failed for https://dl.harfhesab.com/package-game-icon/2026/8/23/1787445315077_icon.png 404
2026-09-09T00:24:13:  ⨯ upstream image response failed for https://dl.harfhesab.com/package-game-icon/2026/5/18/1779095719841_icon.png 404
2026-09-09T00:24:13:  ⨯ upstream image response failed for https://dl.harfhesab.com/package-game-icon/2026/9/3/1788472872127_icon.png 404
2026-09-09T00:24:13:  ⨯ upstream image response failed for https://dl.harfhesab.com/package-game-icon/2026/8/22/1787443039229_on-1.png 404
2026-09-09T00:24:14:  ⨯ upstream image response failed for https://dl.harfhesab.com/package-game-icon/2026/5/15/1778798659271_icon.png 404
2026-09-09T00:24:21:  ⨯ upstream image response failed for https://dl.harfhesab.com/package-game-icon/2026/9/5/1788625098683_icon.png 404
2026-09-09T00:24:21:  ⨯ upstream image response failed for https://dl.harfhesab.com/package-game-season/2026/9/5/1788628695169_se-2.png 404
2026-09-09T00:30:19:   ▲ Next.js 14.2.2
2026-09-09T00:30:19:   ▲ Next.js 14.2.2
2026-09-09T00:30:19:   - Local:        http://localhost:3000
2026-09-09T00:30:19: 
2026-09-09T00:30:19:  ✓ Starting...
2026-09-09T00:30:19:   ▲ Next.js 14.2.2
2026-09-09T00:30:19:   ▲ Next.js 14.2.2
2026-09-09T00:30:19: Error: Could not find a production build in the '.next' directory. Try building your app with 'next build' before starting the production server. https://nextjs.org/docs/messages/production-start-no-build-id
    at setupFsCheck (D:\project\web\admin-panel\node_modules\next\src\server\lib\router-utils\filesystem.ts:157:13)
    at initialize (D:\project\web\admin-panel\node_modules\next\src\server\lib\router-server.ts:93:21)
    at Server.<anonymous> (D:\project\web\admin-panel\node_modules\next\src\server\lib\start-server.ts:293:28)
2026-09-09T00:30:19:   - Local:        http://localhost:3000
2026-09-09T00:30:19: 
2026-09-09T00:30:19:  ✓ Starting...
2026-09-09T00:30:20: Error: Could not find a production build in the '.next' directory. Try building your app with 'next build' before starting the production server. https://nextjs.org/docs/messages/production-start-no-build-id
    at setupFsCheck (D:\project\web\admin-panel\node_modules\next\src\server\lib\router-utils\filesystem.ts:157:13)
    at initialize (D:\project\web\admin-panel\node_modules\next\src\server\lib\router-server.ts:93:21)
    at Server.<anonymous> (D:\project\web\admin-panel\node_modules\next\src\server\lib\start-server.ts:293:28)
2026-09-09T00:30:19:   - Local:        http://localhost:3000
2026-09-09T00:30:19: 
2026-09-09T00:30:19:  ✓ Starting...
2026-09-09T00:30:20:   ▲ Next.js 14.2.2
2026-09-09T00:30:20: Error: Could not find a production build in the '.next' directory. Try building your app with 'next build' before starting the production server. https://nextjs.org/docs/messages/production-start-no-build-id
    at setupFsCheck (D:\project\web\admin-panel\node_modules\next\src\server\lib\router-utils\filesystem.ts:157:13)
    at initialize (D:\project\web\admin-panel\node_modules\next\src\server\lib\router-server.ts:93:21)
    at Server.<anonymous> (D:\project\web\admin-panel\node_modules\next\src\server\lib\start-server.ts:293:28)
2026-09-09T00:30:19:   - Local:        http://localhost:3000
2026-09-09T00:30:19: 
2026-09-09T00:30:19:  ✓ Starting...
2026-09-09T00:30:20:   ▲ Next.js 14.2.2
2026-09-09T00:30:20: Error: Could not find a production build in the '.next' directory. Try building your app with 'next build' before starting the production server. https://nextjs.org/docs/messages/production-start-no-build-id
    at setupFsCheck (D:\project\web\admin-panel\node_modules\next\src\server\lib\router-utils\filesystem.ts:157:13)
    at initialize (D:\project\web\admin-panel\node_modules\next\src\server\lib\router-server.ts:93:21)
    at Server.<anonymous> (D:\project\web\admin-panel\node_modules\next\src\server\lib\start-server.ts:293:28)
2026-09-09T00:30:20:   - Local:        http://localhost:3000
2026-09-09T00:30:20: 
2026-09-09T00:30:20:  ✓ Starting...
2026-09-09T00:30:20:   ▲ Next.js 14.2.2
2026-09-09T00:30:20: Error: Could not find a production build in the '.next' directory. Try building your app with 'next build' before starting the production server. https://nextjs.org/docs/messages/production-start-no-build-id
    at setupFsCheck (D:\project\web\admin-panel\node_modules\next\src\server\lib\router-utils\filesystem.ts:157:13)
    at initialize (D:\project\web\admin-panel\node_modules\next\src\server\lib\router-server.ts:93:21)
    at Server.<anonymous> (D:\project\web\admin-panel\node_modules\next\src\server\lib\start-server.ts:293:28)
2026-09-09T00:30:20:   - Local:        http://localhost:3000
2026-09-09T00:30:20: 
2026-09-09T00:30:20:  ✓ Starting...
2026-09-09T00:30:20: Error: Could not find a production build in the '.next' directory. Try building your app with 'next build' before starting the production server. https://nextjs.org/docs/messages/production-start-no-build-id
    at setupFsCheck (D:\project\web\admin-panel\node_modules\next\src\server\lib\router-utils\filesystem.ts:157:13)
    at initialize (D:\project\web\admin-panel\node_modules\next\src\server\lib\router-server.ts:93:21)
    at Server.<anonymous> (D:\project\web\admin-panel\node_modules\next\src\server\lib\start-server.ts:293:28)
2026-09-09T00:30:20:   ▲ Next.js 14.2.2
2026-09-09T00:30:20:   - Local:        http://localhost:3000
2026-09-09T00:30:20: 
2026-09-09T00:30:20:  ✓ Starting...
2026-09-09T00:30:21: Error: Could not find a production build in the '.next' directory. Try building your app with 'next build' before starting the production server. https://nextjs.org/docs/messages/production-start-no-build-id
    at setupFsCheck (D:\project\web\admin-panel\node_modules\next\src\server\lib\router-utils\filesystem.ts:157:13)
    at initialize (D:\project\web\admin-panel\node_modules\next\src\server\lib\router-server.ts:93:21)
    at Server.<anonymous> (D:\project\web\admin-panel\node_modules\next\src\server\lib\start-server.ts:293:28)
2026-09-09T00:30:20:   - Local:        http://localhost:3000
2026-09-09T00:30:20: 
2026-09-09T00:30:20:  ✓ Starting...
2026-09-09T00:30:21: Error: Could not find a production build in the '.next' directory. Try building your app with 'next build' before starting the production server. https://nextjs.org/docs/messages/production-start-no-build-id
    at setupFsCheck (D:\project\web\admin-panel\node_modules\next\src\server\lib\router-utils\filesystem.ts:157:13)
    at initialize (D:\project\web\admin-panel\node_modules\next\src\server\lib\router-server.ts:93:21)
    at Server.<anonymous> (D:\project\web\admin-panel\node_modules\next\src\server\lib\start-server.ts:293:28)
2026-09-09T00:30:21:   ▲ Next.js 14.2.2
2026-09-09T00:30:21:   ▲ Next.js 14.2.2
2026-09-09T00:30:21:   - Local:        http://localhost:3000
2026-09-09T00:30:21: 
2026-09-09T00:30:21:  ✓ Starting...
2026-09-09T00:30:22: Error: Could not find a production build in the '.next' directory. Try building your app with 'next build' before starting the production server. https://nextjs.org/docs/messages/production-start-no-build-id
    at setupFsCheck (D:\project\web\admin-panel\node_modules\next\src\server\lib\router-utils\filesystem.ts:157:13)
    at initialize (D:\project\web\admin-panel\node_modules\next\src\server\lib\router-server.ts:93:21)
    at Server.<anonymous> (D:\project\web\admin-panel\node_modules\next\src\server\lib\start-server.ts:293:28)
2026-09-09T00:30:22:   ▲ Next.js 14.2.2
2026-09-09T00:30:21:   - Local:        http://localhost:3000
2026-09-09T00:30:21: 
2026-09-09T00:30:21:  ✓ Starting...
2026-09-09T00:30:22: Error: Could not find a production build in the '.next' directory. Try building your app with 'next build' before starting the production server. https://nextjs.org/docs/messages/production-start-no-build-id
    at setupFsCheck (D:\project\web\admin-panel\node_modules\next\src\server\lib\router-utils\filesystem.ts:157:13)
    at initialize (D:\project\web\admin-panel\node_modules\next\src\server\lib\router-server.ts:93:21)
    at Server.<anonymous> (D:\project\web\admin-panel\node_modules\next\src\server\lib\start-server.ts:293:28)
2026-09-09T00:30:22:   ▲ Next.js 14.2.2
2026-09-09T00:30:22:   - Local:        http://localhost:3000
2026-09-09T00:30:22: 
2026-09-09T00:30:22:  ✓ Starting...
2026-09-09T00:30:22:   ▲ Next.js 14.2.2
2026-09-09T00:30:22: Error: Could not find a production build in the '.next' directory. Try building your app with 'next build' before starting the production server. https://nextjs.org/docs/messages/production-start-no-build-id
    at setupFsCheck (D:\project\web\admin-panel\node_modules\next\src\server\lib\router-utils\filesystem.ts:157:13)
    at initialize (D:\project\web\admin-panel\node_modules\next\src\server\lib\router-server.ts:93:21)
    at Server.<anonymous> (D:\project\web\admin-panel\node_modules\next\src\server\lib\start-server.ts:293:28)
2026-09-09T00:30:22:   ▲ Next.js 14.2.2
2026-09-09T00:30:22:   - Local:        http://localhost:3000
2026-09-09T00:30:22: 
2026-09-09T00:30:22:  ✓ Starting...
2026-09-09T00:30:22: Error: Could not find a production build in the '.next' directory. Try building your app with 'next build' before starting the production server. https://nextjs.org/docs/messages/production-start-no-build-id
    at setupFsCheck (D:\project\web\admin-panel\node_modules\next\src\server\lib\router-utils\filesystem.ts:157:13)
    at initialize (D:\project\web\admin-panel\node_modules\next\src\server\lib\router-server.ts:93:21)
    at Server.<anonymous> (D:\project\web\admin-panel\node_modules\next\src\server\lib\start-server.ts:293:28)
2026-09-09T00:30:22:   - Local:        http://localhost:3000
2026-09-09T00:30:22: 
2026-09-09T00:30:22:  ✓ Starting...
2026-09-09T00:30:23:   ▲ Next.js 14.2.2
2026-09-09T00:30:22:   - Local:        http://localhost:3000
2026-09-09T00:30:22: 
2026-09-09T00:30:22:  ✓ Starting...
2026-09-09T00:30:23: Error: Could not find a production build in the '.next' directory. Try building your app with 'next build' before starting the production server. https://nextjs.org/docs/messages/production-start-no-build-id
    at setupFsCheck (D:\project\web\admin-panel\node_modules\next\src\server\lib\router-utils\filesystem.ts:157:13)
    at initialize (D:\project\web\admin-panel\node_modules\next\src\server\lib\router-server.ts:93:21)
    at Server.<anonymous> (D:\project\web\admin-panel\node_modules\next\src\server\lib\start-server.ts:293:28)
2026-09-09T00:30:23:   ▲ Next.js 14.2.2
2026-09-09T00:30:23: Error: Could not find a production build in the '.next' directory. Try building your app with 'next build' before starting the production server. https://nextjs.org/docs/messages/production-start-no-build-id
    at setupFsCheck (D:\project\web\admin-panel\node_modules\next\src\server\lib\router-utils\filesystem.ts:157:13)
    at initialize (D:\project\web\admin-panel\node_modules\next\src\server\lib\router-server.ts:93:21)
    at Server.<anonymous> (D:\project\web\admin-panel\node_modules\next\src\server\lib\start-server.ts:293:28)
2026-09-09T00:30:23:   - Local:        http://localhost:3000
2026-09-09T00:30:23: 
2026-09-09T00:30:23:  ✓ Starting...
2026-09-09T00:30:23:   - Local:        http://localhost:3000
2026-09-09T00:30:23: 
2026-09-09T00:30:23:  ✓ Starting...
2026-09-09T00:30:23: Error: Could not find a production build in the '.next' directory. Try building your app with 'next build' before starting the production server. https://nextjs.org/docs/messages/production-start-no-build-id
    at setupFsCheck (D:\project\web\admin-panel\node_modules\next\src\server\lib\router-utils\filesystem.ts:157:13)
    at initialize (D:\project\web\admin-panel\node_modules\next\src\server\lib\router-server.ts:93:21)
    at Server.<anonymous> (D:\project\web\admin-panel\node_modules\next\src\server\lib\start-server.ts:293:28)
2026-09-09T00:30:23: Error: Could not find a production build in the '.next' directory. Try building your app with 'next build' before starting the production server. https://nextjs.org/docs/messages/production-start-no-build-id
    at setupFsCheck (D:\project\web\admin-panel\node_modules\next\src\server\lib\router-utils\filesystem.ts:157:13)
    at initialize (D:\project\web\admin-panel\node_modules\next\src\server\lib\router-server.ts:93:21)
    at Server.<anonymous> (D:\project\web\admin-panel\node_modules\next\src\server\lib\start-server.ts:293:28)
2026-09-09T00:30:23:   ▲ Next.js 14.2.2
2026-09-09T00:30:24:   ▲ Next.js 14.2.2
2026-09-09T00:30:23:   - Local:        http://localhost:3000
2026-09-09T00:30:23: 
2026-09-09T00:30:23:  ✓ Starting...
2026-09-09T00:30:24: Error: Could not find a production build in the '.next' directory. Try building your app with 'next build' before starting the production server. https://nextjs.org/docs/messages/production-start-no-build-id
    at setupFsCheck (D:\project\web\admin-panel\node_modules\next\src\server\lib\router-utils\filesystem.ts:157:13)
    at initialize (D:\project\web\admin-panel\node_modules\next\src\server\lib\router-server.ts:93:21)
    at Server.<anonymous> (D:\project\web\admin-panel\node_modules\next\src\server\lib\start-server.ts:293:28)
2026-09-09T00:30:24:   ▲ Next.js 14.2.2
2026-09-09T00:30:24:   - Local:        http://localhost:3000
2026-09-09T00:30:24: 
2026-09-09T00:30:24:  ✓ Starting...
2026-09-09T00:30:24:   ▲ Next.js 14.2.2
2026-09-09T00:30:24: Error: Could not find a production build in the '.next' directory. Try building your app with 'next build' before starting the production server. https://nextjs.org/docs/messages/production-start-no-build-id
    at setupFsCheck (D:\project\web\admin-panel\node_modules\next\src\server\lib\router-utils\filesystem.ts:157:13)
    at initialize (D:\project\web\admin-panel\node_modules\next\src\server\lib\router-server.ts:93:21)
    at Server.<anonymous> (D:\project\web\admin-panel\node_modules\next\src\server\lib\start-server.ts:293:28)
2026-09-09T00:30:24:   - Local:        http://localhost:3000
2026-09-09T00:30:24: 
2026-09-09T00:30:24:  ✓ Starting...
2026-09-09T00:30:24:   ▲ Next.js 14.2.2
2026-09-09T00:30:24:   - Local:        http://localhost:3000
2026-09-09T00:30:24: 
2026-09-09T00:30:24:  ✓ Starting...
2026-09-09T00:30:25: Error: Could not find a production build in the '.next' directory. Try building your app with 'next build' before starting the production server. https://nextjs.org/docs/messages/production-start-no-build-id
    at setupFsCheck (D:\project\web\admin-panel\node_modules\next\src\server\lib\router-utils\filesystem.ts:157:13)
    at initialize (D:\project\web\admin-panel\node_modules\next\src\server\lib\router-server.ts:93:21)
    at Server.<anonymous> (D:\project\web\admin-panel\node_modules\next\src\server\lib\start-server.ts:293:28)
2026-09-09T00:30:25:   ▲ Next.js 14.2.2
2026-09-09T00:30:25: Error: Could not find a production build in the '.next' directory. Try building your app with 'next build' before starting the production server. https://nextjs.org/docs/messages/production-start-no-build-id
    at setupFsCheck (D:\project\web\admin-panel\node_modules\next\src\server\lib\router-utils\filesystem.ts:157:13)
    at initialize (D:\project\web\admin-panel\node_modules\next\src\server\lib\router-server.ts:93:21)
    at Server.<anonymous> (D:\project\web\admin-panel\node_modules\next\src\server\lib\start-server.ts:293:28)
2026-09-09T00:30:24:   - Local:        http://localhost:3000
2026-09-09T00:30:24: 
2026-09-09T00:30:24:  ✓ Starting...
2026-09-09T00:30:25:   - Local:        http://localhost:3000
2026-09-09T00:30:25: 
2026-09-09T00:30:25:  ✓ Starting...
2026-09-09T00:30:25: Error: Could not find a production build in the '.next' directory. Try building your app with 'next build' before starting the production server. https://nextjs.org/docs/messages/production-start-no-build-id
    at setupFsCheck (D:\project\web\admin-panel\node_modules\next\src\server\lib\router-utils\filesystem.ts:157:13)
    at initialize (D:\project\web\admin-panel\node_modules\next\src\server\lib\router-server.ts:93:21)
    at Server.<anonymous> (D:\project\web\admin-panel\node_modules\next\src\server\lib\start-server.ts:293:28)
2026-09-09T00:30:25: Error: Could not find a production build in the '.next' directory. Try building your app with 'next build' before starting the production server. https://nextjs.org/docs/messages/production-start-no-build-id
    at setupFsCheck (D:\project\web\admin-panel\node_modules\next\src\server\lib\router-utils\filesystem.ts:157:13)
    at initialize (D:\project\web\admin-panel\node_modules\next\src\server\lib\router-server.ts:93:21)
    at Server.<anonymous> (D:\project\web\admin-panel\node_modules\next\src\server\lib\start-server.ts:293:28)
2026-09-09T00:30:25:   ▲ Next.js 14.2.2
2026-09-09T00:30:25:   ▲ Next.js 14.2.2
2026-09-09T00:30:25:   - Local:        http://localhost:3000
2026-09-09T00:30:25: 
2026-09-09T00:30:25:  ✓ Starting...
2026-09-09T00:30:25:   - Local:        http://localhost:3000
2026-09-09T00:30:25: 
2026-09-09T00:30:25:  ✓ Starting...
2026-09-09T00:30:26: Error: Could not find a production build in the '.next' directory. Try building your app with 'next build' before starting the production server. https://nextjs.org/docs/messages/production-start-no-build-id
    at setupFsCheck (D:\project\web\admin-panel\node_modules\next\src\server\lib\router-utils\filesystem.ts:157:13)
    at initialize (D:\project\web\admin-panel\node_modules\next\src\server\lib\router-server.ts:93:21)
    at Server.<anonymous> (D:\project\web\admin-panel\node_modules\next\src\server\lib\start-server.ts:293:28)
2026-09-09T00:30:26: Error: Could not find a production build in the '.next' directory. Try building your app with 'next build' before starting the production server. https://nextjs.org/docs/messages/production-start-no-build-id
    at setupFsCheck (D:\project\web\admin-panel\node_modules\next\src\server\lib\router-utils\filesystem.ts:157:13)
    at initialize (D:\project\web\admin-panel\node_modules\next\src\server\lib\router-server.ts:93:21)
    at Server.<anonymous> (D:\project\web\admin-panel\node_modules\next\src\server\lib\start-server.ts:293:28)
2026-09-09T00:30:26:   ▲ Next.js 14.2.2
2026-09-09T00:30:26:   ▲ Next.js 14.2.2
2026-09-09T00:30:26:   - Local:        http://localhost:3000
2026-09-09T00:30:26: 
2026-09-09T00:30:26:  ✓ Starting...
2026-09-09T00:30:26:   - Local:        http://localhost:3000
2026-09-09T00:30:26: 
2026-09-09T00:30:26:  ✓ Starting...
2026-09-09T00:30:27: Error: Could not find a production build in the '.next' directory. Try building your app with 'next build' before starting the production server. https://nextjs.org/docs/messages/production-start-no-build-id
    at setupFsCheck (D:\project\web\admin-panel\node_modules\next\src\server\lib\router-utils\filesystem.ts:157:13)
    at initialize (D:\project\web\admin-panel\node_modules\next\src\server\lib\router-server.ts:93:21)
    at Server.<anonymous> (D:\project\web\admin-panel\node_modules\next\src\server\lib\start-server.ts:293:28)
2026-09-09T00:30:27:   ▲ Next.js 14.2.2
2026-09-09T00:30:27: Error: Could not find a production build in the '.next' directory. Try building your app with 'next build' before starting the production server. https://nextjs.org/docs/messages/production-start-no-build-id
    at setupFsCheck (D:\project\web\admin-panel\node_modules\next\src\server\lib\router-utils\filesystem.ts:157:13)
    at initialize (D:\project\web\admin-panel\node_modules\next\src\server\lib\router-server.ts:93:21)
    at Server.<anonymous> (D:\project\web\admin-panel\node_modules\next\src\server\lib\start-server.ts:293:28)
2026-09-09T00:30:27:   ▲ Next.js 14.2.2
2026-09-09T00:30:27:   ▲ Next.js 14.2.2
2026-09-09T00:30:27:   - Local:        http://localhost:3000
2026-09-09T00:30:27: 
2026-09-09T00:30:27:  ✓ Starting...
2026-09-09T00:30:27:   - Local:        http://localhost:3000
2026-09-09T00:30:27: 
2026-09-09T00:30:27:  ✓ Starting...
2026-09-09T00:30:27: Error: Could not find a production build in the '.next' directory. Try building your app with 'next build' before starting the production server. https://nextjs.org/docs/messages/production-start-no-build-id
    at setupFsCheck (D:\project\web\admin-panel\node_modules\next\src\server\lib\router-utils\filesystem.ts:157:13)
    at initialize (D:\project\web\admin-panel\node_modules\next\src\server\lib\router-server.ts:93:21)
    at Server.<anonymous> (D:\project\web\admin-panel\node_modules\next\src\server\lib\start-server.ts:293:28)
2026-09-09T00:30:27:   - Local:        http://localhost:3000
2026-09-09T00:30:27: 
2026-09-09T00:30:27:  ✓ Starting...
2026-09-09T00:30:27: Error: Could not find a production build in the '.next' directory. Try building your app with 'next build' before starting the production server. https://nextjs.org/docs/messages/production-start-no-build-id
    at setupFsCheck (D:\project\web\admin-panel\node_modules\next\src\server\lib\router-utils\filesystem.ts:157:13)
    at initialize (D:\project\web\admin-panel\node_modules\next\src\server\lib\router-server.ts:93:21)
    at Server.<anonymous> (D:\project\web\admin-panel\node_modules\next\src\server\lib\start-server.ts:293:28)
2026-09-09T00:30:27: Error: Could not find a production build in the '.next' directory. Try building your app with 'next build' before starting the production server. https://nextjs.org/docs/messages/production-start-no-build-id
    at setupFsCheck (D:\project\web\admin-panel\node_modules\next\src\server\lib\router-utils\filesystem.ts:157:13)
    at initialize (D:\project\web\admin-panel\node_modules\next\src\server\lib\router-server.ts:93:21)
    at Server.<anonymous> (D:\project\web\admin-panel\node_modules\next\src\server\lib\start-server.ts:293:28)
2026-09-09T00:30:27:   ▲ Next.js 14.2.2
2026-09-09T00:30:28:   ▲ Next.js 14.2.2
2026-09-09T00:30:28:   ▲ Next.js 14.2.2
2026-09-09T00:30:27:   - Local:        http://localhost:3000
2026-09-09T00:30:27: 
2026-09-09T00:30:27:  ✓ Starting...
2026-09-09T00:30:28: Error: Could not find a production build in the '.next' directory. Try building your app with 'next build' before starting the production server. https://nextjs.org/docs/messages/production-start-no-build-id
    at setupFsCheck (D:\project\web\admin-panel\node_modules\next\src\server\lib\router-utils\filesystem.ts:157:13)
    at initialize (D:\project\web\admin-panel\node_modules\next\src\server\lib\router-server.ts:93:21)
    at Server.<anonymous> (D:\project\web\admin-panel\node_modules\next\src\server\lib\start-server.ts:293:28)
2026-09-09T00:30:28:   - Local:        http://localhost:3000
2026-09-09T00:30:28: 
2026-09-09T00:30:28:  ✓ Starting...
2026-09-09T00:30:28:   - Local:        http://localhost:3000
2026-09-09T00:30:28: 
2026-09-09T00:30:28:  ✓ Starting...
2026-09-09T00:30:28: Error: Could not find a production build in the '.next' directory. Try building your app with 'next build' before starting the production server. https://nextjs.org/docs/messages/production-start-no-build-id
    at setupFsCheck (D:\project\web\admin-panel\node_modules\next\src\server\lib\router-utils\filesystem.ts:157:13)
    at initialize (D:\project\web\admin-panel\node_modules\next\src\server\lib\router-server.ts:93:21)
    at Server.<anonymous> (D:\project\web\admin-panel\node_modules\next\src\server\lib\start-server.ts:293:28)
2026-09-09T00:30:28: Error: Could not find a production build in the '.next' directory. Try building your app with 'next build' before starting the production server. https://nextjs.org/docs/messages/production-start-no-build-id
    at setupFsCheck (D:\project\web\admin-panel\node_modules\next\src\server\lib\router-utils\filesystem.ts:157:13)
    at initialize (D:\project\web\admin-panel\node_modules\next\src\server\lib\router-server.ts:93:21)
    at Server.<anonymous> (D:\project\web\admin-panel\node_modules\next\src\server\lib\start-server.ts:293:28)
2026-09-09T00:30:28:   ▲ Next.js 14.2.2
2026-09-09T00:30:28:   ▲ Next.js 14.2.2
2026-09-09T00:30:28:   - Local:        http://localhost:3000
2026-09-09T00:30:28: 
2026-09-09T00:30:28:  ✓ Starting...
2026-09-09T00:30:28:   - Local:        http://localhost:3000
2026-09-09T00:30:28: 
2026-09-09T00:30:28:  ✓ Starting...
2026-09-09T00:30:29:   ▲ Next.js 14.2.2
2026-09-09T00:30:29: Error: Could not find a production build in the '.next' directory. Try building your app with 'next build' before starting the production server. https://nextjs.org/docs/messages/production-start-no-build-id
    at setupFsCheck (D:\project\web\admin-panel\node_modules\next\src\server\lib\router-utils\filesystem.ts:157:13)
    at initialize (D:\project\web\admin-panel\node_modules\next\src\server\lib\router-server.ts:93:21)
    at Server.<anonymous> (D:\project\web\admin-panel\node_modules\next\src\server\lib\start-server.ts:293:28)
2026-09-09T00:30:29: Error: Could not find a production build in the '.next' directory. Try building your app with 'next build' before starting the production server. https://nextjs.org/docs/messages/production-start-no-build-id
    at setupFsCheck (D:\project\web\admin-panel\node_modules\next\src\server\lib\router-utils\filesystem.ts:157:13)
    at initialize (D:\project\web\admin-panel\node_modules\next\src\server\lib\router-server.ts:93:21)
    at Server.<anonymous> (D:\project\web\admin-panel\node_modules\next\src\server\lib\start-server.ts:293:28)
2026-09-09T00:30:29:   ▲ Next.js 14.2.2
2026-09-09T00:30:29:   ▲ Next.js 14.2.2
2026-09-09T00:30:29:   - Local:        http://localhost:3000
2026-09-09T00:30:29: 
2026-09-09T00:30:29:  ✓ Starting...
2026-09-09T00:30:29:   - Local:        http://localhost:3000
2026-09-09T00:30:29: 
2026-09-09T00:30:29:  ✓ Starting...
2026-09-09T00:30:30: Error: Could not find a production build in the '.next' directory. Try building your app with 'next build' before starting the production server. https://nextjs.org/docs/messages/production-start-no-build-id
    at setupFsCheck (D:\project\web\admin-panel\node_modules\next\src\server\lib\router-utils\filesystem.ts:157:13)
    at initialize (D:\project\web\admin-panel\node_modules\next\src\server\lib\router-server.ts:93:21)
    at Server.<anonymous> (D:\project\web\admin-panel\node_modules\next\src\server\lib\start-server.ts:293:28)
2026-09-09T00:30:29:   - Local:        http://localhost:3000
2026-09-09T00:30:29: 
2026-09-09T00:30:29:  ✓ Starting...
2026-09-09T00:30:30: Error: Could not find a production build in the '.next' directory. Try building your app with 'next build' before starting the production server. https://nextjs.org/docs/messages/production-start-no-build-id
    at setupFsCheck (D:\project\web\admin-panel\node_modules\next\src\server\lib\router-utils\filesystem.ts:157:13)
    at initialize (D:\project\web\admin-panel\node_modules\next\src\server\lib\router-server.ts:93:21)
    at Server.<anonymous> (D:\project\web\admin-panel\node_modules\next\src\server\lib\start-server.ts:293:28)
2026-09-09T00:30:30: Error: Could not find a production build in the '.next' directory. Try building your app with 'next build' before starting the production server. https://nextjs.org/docs/messages/production-start-no-build-id
    at setupFsCheck (D:\project\web\admin-panel\node_modules\next\src\server\lib\router-utils\filesystem.ts:157:13)
    at initialize (D:\project\web\admin-panel\node_modules\next\src\server\lib\router-server.ts:93:21)
    at Server.<anonymous> (D:\project\web\admin-panel\node_modules\next\src\server\lib\start-server.ts:293:28)
2026-09-09T00:30:30:   ▲ Next.js 14.2.2
2026-09-09T00:30:30:   ▲ Next.js 14.2.2
2026-09-09T00:30:30:   ▲ Next.js 14.2.2
2026-09-09T00:30:30:   - Local:        http://localhost:3000
2026-09-09T00:30:30: 
2026-09-09T00:30:30:  ✓ Starting...
2026-09-09T00:30:30:   - Local:        http://localhost:3000
2026-09-09T00:30:30: 
2026-09-09T00:30:30:  ✓ Starting...
2026-09-09T00:30:31: Error: Could not find a production build in the '.next' directory. Try building your app with 'next build' before starting the production server. https://nextjs.org/docs/messages/production-start-no-build-id
    at setupFsCheck (D:\project\web\admin-panel\node_modules\next\src\server\lib\router-utils\filesystem.ts:157:13)
    at initialize (D:\project\web\admin-panel\node_modules\next\src\server\lib\router-server.ts:93:21)
    at Server.<anonymous> (D:\project\web\admin-panel\node_modules\next\src\server\lib\start-server.ts:293:28)
2026-09-09T00:30:30:   - Local:        http://localhost:3000
2026-09-09T00:30:30: 
2026-09-09T00:30:30:  ✓ Starting...
2026-09-09T00:30:31: Error: Could not find a production build in the '.next' directory. Try building your app with 'next build' before starting the production server. https://nextjs.org/docs/messages/production-start-no-build-id
    at setupFsCheck (D:\project\web\admin-panel\node_modules\next\src\server\lib\router-utils\filesystem.ts:157:13)
    at initialize (D:\project\web\admin-panel\node_modules\next\src\server\lib\router-server.ts:93:21)
    at Server.<anonymous> (D:\project\web\admin-panel\node_modules\next\src\server\lib\start-server.ts:293:28)
2026-09-09T00:30:31: Error: Could not find a production build in the '.next' directory. Try building your app with 'next build' before starting the production server. https://nextjs.org/docs/messages/production-start-no-build-id
    at setupFsCheck (D:\project\web\admin-panel\node_modules\next\src\server\lib\router-utils\filesystem.ts:157:13)
    at initialize (D:\project\web\admin-panel\node_modules\next\src\server\lib\router-server.ts:93:21)
    at Server.<anonymous> (D:\project\web\admin-panel\node_modules\next\src\server\lib\start-server.ts:293:28)
2026-09-09T00:30:31:   ▲ Next.js 14.2.2
2026-09-09T00:30:31:   ▲ Next.js 14.2.2
2026-09-09T00:30:31:   - Local:        http://localhost:3000
2026-09-09T00:30:31: 
2026-09-09T00:30:31:  ✓ Starting...
2026-09-09T00:30:31:   - Local:        http://localhost:3000
2026-09-09T00:30:31: 
2026-09-09T00:30:31:  ✓ Starting...
2026-09-09T00:30:32: Error: Could not find a production build in the '.next' directory. Try building your app with 'next build' before starting the production server. https://nextjs.org/docs/messages/production-start-no-build-id
    at setupFsCheck (D:\project\web\admin-panel\node_modules\next\src\server\lib\router-utils\filesystem.ts:157:13)
    at initialize (D:\project\web\admin-panel\node_modules\next\src\server\lib\router-server.ts:93:21)
    at Server.<anonymous> (D:\project\web\admin-panel\node_modules\next\src\server\lib\start-server.ts:293:28)
2026-09-09T00:30:32:   ▲ Next.js 14.2.2
2026-09-09T00:30:32:   ▲ Next.js 14.2.2
2026-09-09T00:30:32:   ▲ Next.js 14.2.2
2026-09-09T00:30:32: Error: Could not find a production build in the '.next' directory. Try building your app with 'next build' before starting the production server. https://nextjs.org/docs/messages/production-start-no-build-id
    at setupFsCheck (D:\project\web\admin-panel\node_modules\next\src\server\lib\router-utils\filesystem.ts:157:13)
    at initialize (D:\project\web\admin-panel\node_modules\next\src\server\lib\router-server.ts:93:21)
    at Server.<anonymous> (D:\project\web\admin-panel\node_modules\next\src\server\lib\start-server.ts:293:28)
2026-09-09T00:30:32:   - Local:        http://localhost:3000
2026-09-09T00:30:32: 
2026-09-09T00:30:32:  ✓ Starting...
2026-09-09T00:30:32:   - Local:        http://localhost:3000
2026-09-09T00:30:32: 
2026-09-09T00:30:32:  ✓ Starting...
2026-09-09T00:30:32:   - Local:        http://localhost:3000
2026-09-09T00:30:32: 
2026-09-09T00:30:32:  ✓ Starting...
2026-09-09T00:30:32: Error: Could not find a production build in the '.next' directory. Try building your app with 'next build' before starting the production server. https://nextjs.org/docs/messages/production-start-no-build-id
    at setupFsCheck (D:\project\web\admin-panel\node_modules\next\src\server\lib\router-utils\filesystem.ts:157:13)
    at initialize (D:\project\web\admin-panel\node_modules\next\src\server\lib\router-server.ts:93:21)
    at Server.<anonymous> (D:\project\web\admin-panel\node_modules\next\src\server\lib\start-server.ts:293:28)
2026-09-09T00:30:32: Error: Could not find a production build in the '.next' directory. Try building your app with 'next build' before starting the production server. https://nextjs.org/docs/messages/production-start-no-build-id
    at setupFsCheck (D:\project\web\admin-panel\node_modules\next\src\server\lib\router-utils\filesystem.ts:157:13)
    at initialize (D:\project\web\admin-panel\node_modules\next\src\server\lib\router-server.ts:93:21)
    at Server.<anonymous> (D:\project\web\admin-panel\node_modules\next\src\server\lib\start-server.ts:293:28)
2026-09-09T00:30:32: Error: Could not find a production build in the '.next' directory. Try building your app with 'next build' before starting the production server. https://nextjs.org/docs/messages/production-start-no-build-id
    at setupFsCheck (D:\project\web\admin-panel\node_modules\next\src\server\lib\router-utils\filesystem.ts:157:13)
    at initialize (D:\project\web\admin-panel\node_modules\next\src\server\lib\router-server.ts:93:21)
    at Server.<anonymous> (D:\project\web\admin-panel\node_modules\next\src\server\lib\start-server.ts:293:28)
2026-09-09T00:30:32:   ▲ Next.js 14.2.2
2026-09-09T00:30:32:   ▲ Next.js 14.2.2
2026-09-09T00:30:32:   ▲ Next.js 14.2.2
2026-09-09T00:30:32:   - Local:        http://localhost:3000
2026-09-09T00:30:32: 
2026-09-09T00:30:32:  ✓ Starting...
2026-09-09T00:30:32:   - Local:        http://localhost:3000
2026-09-09T00:30:32: 
2026-09-09T00:30:32:  ✓ Starting...
2026-09-09T00:30:32:   - Local:        http://localhost:3000
2026-09-09T00:30:32: 
2026-09-09T00:30:32:  ✓ Starting...
2026-09-09T00:30:33: Error: Could not find a production build in the '.next' directory. Try building your app with 'next build' before starting the production server. https://nextjs.org/docs/messages/production-start-no-build-id
    at setupFsCheck (D:\project\web\admin-panel\node_modules\next\src\server\lib\router-utils\filesystem.ts:157:13)
    at initialize (D:\project\web\admin-panel\node_modules\next\src\server\lib\router-server.ts:93:21)
    at Server.<anonymous> (D:\project\web\admin-panel\node_modules\next\src\server\lib\start-server.ts:293:28)
2026-09-09T00:30:33: Error: Could not find a production build in the '.next' directory. Try building your app with 'next build' before starting the production server. https://nextjs.org/docs/messages/production-start-no-build-id
    at setupFsCheck (D:\project\web\admin-panel\node_modules\next\src\server\lib\router-utils\filesystem.ts:157:13)
    at initialize (D:\project\web\admin-panel\node_modules\next\src\server\lib\router-server.ts:93:21)
    at Server.<anonymous> (D:\project\web\admin-panel\node_modules\next\src\server\lib\start-server.ts:293:28)
2026-09-09T00:30:33: Error: Could not find a production build in the '.next' directory. Try building your app with 'next build' before starting the production server. https://nextjs.org/docs/messages/production-start-no-build-id
    at setupFsCheck (D:\project\web\admin-panel\node_modules\next\src\server\lib\router-utils\filesystem.ts:157:13)
    at initialize (D:\project\web\admin-panel\node_modules\next\src\server\lib\router-server.ts:93:21)
    at Server.<anonymous> (D:\project\web\admin-panel\node_modules\next\src\server\lib\start-server.ts:293:28)
2026-09-09T00:30:33:   ▲ Next.js 14.2.2
2026-09-09T00:30:33:   ▲ Next.js 14.2.2
2026-09-09T00:30:33:   - Local:        http://localhost:3000
2026-09-09T00:30:33: 
2026-09-09T00:30:33:  ✓ Starting...
2026-09-09T00:30:34: Error: Could not find a production build in the '.next' directory. Try building your app with 'next build' before starting the production server. https://nextjs.org/docs/messages/production-start-no-build-id
    at setupFsCheck (D:\project\web\admin-panel\node_modules\next\src\server\lib\router-utils\filesystem.ts:157:13)
    at initialize (D:\project\web\admin-panel\node_modules\next\src\server\lib\router-server.ts:93:21)
    at Server.<anonymous> (D:\project\web\admin-panel\node_modules\next\src\server\lib\start-server.ts:293:28)
2026-09-09T00:30:34:   ▲ Next.js 14.2.2
2026-09-09T00:30:33:   - Local:        http://localhost:3000
2026-09-09T00:30:33: 
2026-09-09T00:30:33:  ✓ Starting...
2026-09-09T00:30:34:   ▲ Next.js 14.2.2
2026-09-09T00:30:34:   ▲ Next.js 14.2.2
2026-09-09T00:30:34: Error: Could not find a production build in the '.next' directory. Try building your app with 'next build' before starting the production server. https://nextjs.org/docs/messages/production-start-no-build-id
    at setupFsCheck (D:\project\web\admin-panel\node_modules\next\src\server\lib\router-utils\filesystem.ts:157:13)
    at initialize (D:\project\web\admin-panel\node_modules\next\src\server\lib\router-server.ts:93:21)
    at Server.<anonymous> (D:\project\web\admin-panel\node_modules\next\src\server\lib\start-server.ts:293:28)
2026-09-09T00:30:34:   - Local:        http://localhost:3000
2026-09-09T00:30:34: 
2026-09-09T00:30:34:  ✓ Starting...
2026-09-09T00:30:34: Error: Could not find a production build in the '.next' directory. Try building your app with 'next build' before starting the production server. https://nextjs.org/docs/messages/production-start-no-build-id
    at setupFsCheck (D:\project\web\admin-panel\node_modules\next\src\server\lib\router-utils\filesystem.ts:157:13)
    at initialize (D:\project\web\admin-panel\node_modules\next\src\server\lib\router-server.ts:93:21)
    at Server.<anonymous> (D:\project\web\admin-panel\node_modules\next\src\server\lib\start-server.ts:293:28)
2026-09-09T00:30:34:   - Local:        http://localhost:3000
2026-09-09T00:30:34: 
2026-09-09T00:30:34:  ✓ Starting...
2026-09-09T00:30:34:   - Local:        http://localhost:3000
2026-09-09T00:30:34: 
2026-09-09T00:30:34:  ✓ Starting...
2026-09-09T00:30:35: Error: Could not find a production build in the '.next' directory. Try building your app with 'next build' before starting the production server. https://nextjs.org/docs/messages/production-start-no-build-id
    at setupFsCheck (D:\project\web\admin-panel\node_modules\next\src\server\lib\router-utils\filesystem.ts:157:13)
    at initialize (D:\project\web\admin-panel\node_modules\next\src\server\lib\router-server.ts:93:21)
    at Server.<anonymous> (D:\project\web\admin-panel\node_modules\next\src\server\lib\start-server.ts:293:28)
2026-09-09T00:30:35: Error: Could not find a production build in the '.next' directory. Try building your app with 'next build' before starting the production server. https://nextjs.org/docs/messages/production-start-no-build-id
    at setupFsCheck (D:\project\web\admin-panel\node_modules\next\src\server\lib\router-utils\filesystem.ts:157:13)
    at initialize (D:\project\web\admin-panel\node_modules\next\src\server\lib\router-server.ts:93:21)
    at Server.<anonymous> (D:\project\web\admin-panel\node_modules\next\src\server\lib\start-server.ts:293:28)
2026-09-09T00:30:35:   ▲ Next.js 14.2.2
2026-09-09T00:30:35:   ▲ Next.js 14.2.2
2026-09-09T00:30:35:   ▲ Next.js 14.2.2
2026-09-09T00:30:35:   - Local:        http://localhost:3000
2026-09-09T00:30:35: 
2026-09-09T00:30:35:  ✓ Starting...
2026-09-09T00:30:35:   - Local:        http://localhost:3000
2026-09-09T00:30:35: 
2026-09-09T00:30:35:  ✓ Starting...
2026-09-09T00:30:35: Error: Could not find a production build in the '.next' directory. Try building your app with 'next build' before starting the production server. https://nextjs.org/docs/messages/production-start-no-build-id
    at setupFsCheck (D:\project\web\admin-panel\node_modules\next\src\server\lib\router-utils\filesystem.ts:157:13)
    at initialize (D:\project\web\admin-panel\node_modules\next\src\server\lib\router-server.ts:93:21)
    at Server.<anonymous> (D:\project\web\admin-panel\node_modules\next\src\server\lib\start-server.ts:293:28)
2026-09-09T00:30:35:   - Local:        http://localhost:3000
2026-09-09T00:30:35: 
2026-09-09T00:30:35:  ✓ Starting...
2026-09-09T00:30:35: Error: Could not find a production build in the '.next' directory. Try building your app with 'next build' before starting the production server. https://nextjs.org/docs/messages/production-start-no-build-id
    at setupFsCheck (D:\project\web\admin-panel\node_modules\next\src\server\lib\router-utils\filesystem.ts:157:13)
    at initialize (D:\project\web\admin-panel\node_modules\next\src\server\lib\router-server.ts:93:21)
    at Server.<anonymous> (D:\project\web\admin-panel\node_modules\next\src\server\lib\start-server.ts:293:28)
2026-09-09T00:30:35: Error: Could not find a production build in the '.next' directory. Try building your app with 'next build' before starting the production server. https://nextjs.org/docs/messages/production-start-no-build-id
    at setupFsCheck (D:\project\web\admin-panel\node_modules\next\src\server\lib\router-utils\filesystem.ts:157:13)
    at initialize (D:\project\web\admin-panel\node_modules\next\src\server\lib\router-server.ts:93:21)
    at Server.<anonymous> (D:\project\web\admin-panel\node_modules\next\src\server\lib\start-server.ts:293:28)
2026-09-09T00:30:36:   ▲ Next.js 14.2.2
2026-09-09T00:30:36:   ▲ Next.js 14.2.2
2026-09-09T00:30:36:   ▲ Next.js 14.2.2
2026-09-09T00:30:36:   - Local:        http://localhost:3000
2026-09-09T00:30:36: 
2026-09-09T00:30:36:  ✓ Starting...
2026-09-09T00:30:36: Error: Could not find a production build in the '.next' directory. Try building your app with 'next build' before starting the production server. https://nextjs.org/docs/messages/production-start-no-build-id
    at setupFsCheck (D:\project\web\admin-panel\node_modules\next\src\server\lib\router-utils\filesystem.ts:157:13)
    at initialize (D:\project\web\admin-panel\node_modules\next\src\server\lib\router-server.ts:93:21)
    at Server.<anonymous> (D:\project\web\admin-panel\node_modules\next\src\server\lib\start-server.ts:293:28)
2026-09-09T00:30:36:   ▲ Next.js 14.2.2
2026-09-09T00:30:36:   - Local:        http://localhost:3000
2026-09-09T00:30:36: 
2026-09-09T00:30:36:  ✓ Starting...
2026-09-09T00:30:36:   - Local:        http://localhost:3000
2026-09-09T00:30:36: 
2026-09-09T00:30:36:  ✓ Starting...
2026-09-09T00:30:36:   ▲ Next.js 14.2.2
2026-09-09T00:30:37: Error: Could not find a production build in the '.next' directory. Try building your app with 'next build' before starting the production server. https://nextjs.org/docs/messages/production-start-no-build-id
    at setupFsCheck (D:\project\web\admin-panel\node_modules\next\src\server\lib\router-utils\filesystem.ts:157:13)
    at initialize (D:\project\web\admin-panel\node_modules\next\src\server\lib\router-server.ts:93:21)
    at Server.<anonymous> (D:\project\web\admin-panel\node_modules\next\src\server\lib\start-server.ts:293:28)
2026-09-09T00:30:37: Error: Could not find a production build in the '.next' directory. Try building your app with 'next build' before starting the production server. https://nextjs.org/docs/messages/production-start-no-build-id
    at setupFsCheck (D:\project\web\admin-panel\node_modules\next\src\server\lib\router-utils\filesystem.ts:157:13)
    at initialize (D:\project\web\admin-panel\node_modules\next\src\server\lib\router-server.ts:93:21)
    at Server.<anonymous> (D:\project\web\admin-panel\node_modules\next\src\server\lib\start-server.ts:293:28)
2026-09-09T00:30:36:   - Local:        http://localhost:3000
2026-09-09T00:30:36: 
2026-09-09T00:30:36:  ✓ Starting...
2026-09-09T00:30:36:   - Local:        http://localhost:3000
2026-09-09T00:30:36: 
2026-09-09T00:30:36:  ✓ Starting...
2026-09-09T00:30:37: Error: Could not find a production build in the '.next' directory. Try building your app with 'next build' before starting the production server. https://nextjs.org/docs/messages/production-start-no-build-id
    at setupFsCheck (D:\project\web\admin-panel\node_modules\next\src\server\lib\router-utils\filesystem.ts:157:13)
    at initialize (D:\project\web\admin-panel\node_modules\next\src\server\lib\router-server.ts:93:21)
    at Server.<anonymous> (D:\project\web\admin-panel\node_modules\next\src\server\lib\start-server.ts:293:28)
2026-09-09T00:30:37: Error: Could not find a production build in the '.next' directory. Try building your app with 'next build' before starting the production server. https://nextjs.org/docs/messages/production-start-no-build-id
    at setupFsCheck (D:\project\web\admin-panel\node_modules\next\src\server\lib\router-utils\filesystem.ts:157:13)
    at initialize (D:\project\web\admin-panel\node_modules\next\src\server\lib\router-server.ts:93:21)
    at Server.<anonymous> (D:\project\web\admin-panel\node_modules\next\src\server\lib\start-server.ts:293:28)
2026-09-09T00:30:37:   ▲ Next.js 14.2.2
2026-09-09T00:30:37:   ▲ Next.js 14.2.2
2026-09-09T00:30:38:   ▲ Next.js 14.2.2
2026-09-09T00:30:37:   - Local:        http://localhost:3000
2026-09-09T00:30:37: 
2026-09-09T00:30:37:  ✓ Starting...
2026-09-09T00:30:37:   - Local:        http://localhost:3000
2026-09-09T00:30:37: 
2026-09-09T00:30:37:  ✓ Starting...
2026-09-09T00:30:38:   - Local:        http://localhost:3000
2026-09-09T00:30:38: 
2026-09-09T00:30:38:  ✓ Starting...
2026-09-09T00:30:38: Error: Could not find a production build in the '.next' directory. Try building your app with 'next build' before starting the production server. https://nextjs.org/docs/messages/production-start-no-build-id
    at setupFsCheck (D:\project\web\admin-panel\node_modules\next\src\server\lib\router-utils\filesystem.ts:157:13)
    at initialize (D:\project\web\admin-panel\node_modules\next\src\server\lib\router-server.ts:93:21)
    at Server.<anonymous> (D:\project\web\admin-panel\node_modules\next\src\server\lib\start-server.ts:293:28)
2026-09-09T00:30:38: Error: Could not find a production build in the '.next' directory. Try building your app with 'next build' before starting the production server. https://nextjs.org/docs/messages/production-start-no-build-id
    at setupFsCheck (D:\project\web\admin-panel\node_modules\next\src\server\lib\router-utils\filesystem.ts:157:13)
    at initialize (D:\project\web\admin-panel\node_modules\next\src\server\lib\router-server.ts:93:21)
    at Server.<anonymous> (D:\project\web\admin-panel\node_modules\next\src\server\lib\start-server.ts:293:28)
2026-09-09T00:30:38: Error: Could not find a production build in the '.next' directory. Try building your app with 'next build' before starting the production server. https://nextjs.org/docs/messages/production-start-no-build-id
    at setupFsCheck (D:\project\web\admin-panel\node_modules\next\src\server\lib\router-utils\filesystem.ts:157:13)
    at initialize (D:\project\web\admin-panel\node_modules\next\src\server\lib\router-server.ts:93:21)
    at Server.<anonymous> (D:\project\web\admin-panel\node_modules\next\src\server\lib\start-server.ts:293:28)
2026-09-09T00:30:38:   ▲ Next.js 14.2.2
2026-09-09T00:30:38:   ▲ Next.js 14.2.2
2026-09-09T00:30:38:   ▲ Next.js 14.2.2
2026-09-09T00:30:38:   - Local:        http://localhost:3000
2026-09-09T00:30:38: 
2026-09-09T00:30:38:  ✓ Starting...
2026-09-09T00:30:38:   - Local:        http://localhost:3000
2026-09-09T00:30:38: 
2026-09-09T00:30:38:  ✓ Starting...
2026-09-09T00:30:38:   - Local:        http://localhost:3000
2026-09-09T00:30:38: 
2026-09-09T00:30:38:  ✓ Starting...
2026-09-09T00:30:39: Error: Could not find a production build in the '.next' directory. Try building your app with 'next build' before starting the production server. https://nextjs.org/docs/messages/production-start-no-build-id
    at setupFsCheck (D:\project\web\admin-panel\node_modules\next\src\server\lib\router-utils\filesystem.ts:157:13)
    at initialize (D:\project\web\admin-panel\node_modules\next\src\server\lib\router-server.ts:93:21)
    at Server.<anonymous> (D:\project\web\admin-panel\node_modules\next\src\server\lib\start-server.ts:293:28)
2026-09-09T00:30:39:   ▲ Next.js 14.2.2
2026-09-09T00:30:39: Error: Could not find a production build in the '.next' directory. Try building your app with 'next build' before starting the production server. https://nextjs.org/docs/messages/production-start-no-build-id
    at setupFsCheck (D:\project\web\admin-panel\node_modules\next\src\server\lib\router-utils\filesystem.ts:157:13)
    at initialize (D:\project\web\admin-panel\node_modules\next\src\server\lib\router-server.ts:93:21)
    at Server.<anonymous> (D:\project\web\admin-panel\node_modules\next\src\server\lib\start-server.ts:293:28)
2026-09-09T00:30:39: Error: Could not find a production build in the '.next' directory. Try building your app with 'next build' before starting the production server. https://nextjs.org/docs/messages/production-start-no-build-id
    at setupFsCheck (D:\project\web\admin-panel\node_modules\next\src\server\lib\router-utils\filesystem.ts:157:13)
    at initialize (D:\project\web\admin-panel\node_modules\next\src\server\lib\router-server.ts:93:21)
    at Server.<anonymous> (D:\project\web\admin-panel\node_modules\next\src\server\lib\start-server.ts:293:28)
2026-09-09T00:30:39:   ▲ Next.js 14.2.2
2026-09-09T00:30:39:   - Local:        http://localhost:3000
2026-09-09T00:30:39: 
2026-09-09T00:30:39:  ✓ Starting...
2026-09-09T00:30:39: Error: Could not find a production build in the '.next' directory. Try building your app with 'next build' before starting the production server. https://nextjs.org/docs/messages/production-start-no-build-id
    at setupFsCheck (D:\project\web\admin-panel\node_modules\next\src\server\lib\router-utils\filesystem.ts:157:13)
    at initialize (D:\project\web\admin-panel\node_modules\next\src\server\lib\router-server.ts:93:21)
    at Server.<anonymous> (D:\project\web\admin-panel\node_modules\next\src\server\lib\start-server.ts:293:28)
2026-09-09T00:30:39:   - Local:        http://localhost:3000
2026-09-09T00:30:39: 
2026-09-09T00:30:39:  ✓ Starting...
2026-09-09T00:30:40: Error: Could not find a production build in the '.next' directory. Try building your app with 'next build' before starting the production server. https://nextjs.org/docs/messages/production-start-no-build-id
    at setupFsCheck (D:\project\web\admin-panel\node_modules\next\src\server\lib\router-utils\filesystem.ts:157:13)
    at initialize (D:\project\web\admin-panel\node_modules\next\src\server\lib\router-server.ts:93:21)
    at Server.<anonymous> (D:\project\web\admin-panel\node_modules\next\src\server\lib\start-server.ts:293:28)
2026-09-09T00:30:40:   ▲ Next.js 14.2.2
2026-09-09T00:30:40:   ▲ Next.js 14.2.2
2026-09-09T00:30:40:   ▲ Next.js 14.2.2
2026-09-09T00:30:40:   - Local:        http://localhost:3000
2026-09-09T00:30:40: 
2026-09-09T00:30:40:  ✓ Starting...
2026-09-09T00:30:40:   - Local:        http://localhost:3000
2026-09-09T00:30:40: 
2026-09-09T00:30:40:  ✓ Starting...
2026-09-09T00:30:40: Error: Could not find a production build in the '.next' directory. Try building your app with 'next build' before starting the production server. https://nextjs.org/docs/messages/production-start-no-build-id
    at setupFsCheck (D:\project\web\admin-panel\node_modules\next\src\server\lib\router-utils\filesystem.ts:157:13)
    at initialize (D:\project\web\admin-panel\node_modules\next\src\server\lib\router-server.ts:93:21)
    at Server.<anonymous> (D:\project\web\admin-panel\node_modules\next\src\server\lib\start-server.ts:293:28)
2026-09-09T00:30:40:   - Local:        http://localhost:3000
2026-09-09T00:30:40: 
2026-09-09T00:30:40:  ✓ Starting...
2026-09-09T00:30:40: Error: Could not find a production build in the '.next' directory. Try building your app with 'next build' before starting the production server. https://nextjs.org/docs/messages/production-start-no-build-id
    at setupFsCheck (D:\project\web\admin-panel\node_modules\next\src\server\lib\router-utils\filesystem.ts:157:13)
    at initialize (D:\project\web\admin-panel\node_modules\next\src\server\lib\router-server.ts:93:21)
    at Server.<anonymous> (D:\project\web\admin-panel\node_modules\next\src\server\lib\start-server.ts:293:28)
2026-09-09T00:30:41: Error: Could not find a production build in the '.next' directory. Try building your app with 'next build' before starting the production server. https://nextjs.org/docs/messages/production-start-no-build-id
    at setupFsCheck (D:\project\web\admin-panel\node_modules\next\src\server\lib\router-utils\filesystem.ts:157:13)
    at initialize (D:\project\web\admin-panel\node_modules\next\src\server\lib\router-server.ts:93:21)
    at Server.<anonymous> (D:\project\web\admin-panel\node_modules\next\src\server\lib\start-server.ts:293:28)
2026-09-09T00:30:41:   ▲ Next.js 14.2.2
2026-09-09T00:30:41:   ▲ Next.js 14.2.2
2026-09-09T00:30:41:   ▲ Next.js 14.2.2
2026-09-09T00:30:41:   - Local:        http://localhost:3000
2026-09-09T00:30:41: 
2026-09-09T00:30:41:  ✓ Starting...
2026-09-09T00:30:41:   - Local:        http://localhost:3000
2026-09-09T00:30:41: 
2026-09-09T00:30:41:  ✓ Starting...
2026-09-09T00:30:41:   - Local:        http://localhost:3000
2026-09-09T00:30:41: 
2026-09-09T00:30:41:  ✓ Starting...
2026-09-09T00:30:41: Error: Could not find a production build in the '.next' directory. Try building your app with 'next build' before starting the production server. https://nextjs.org/docs/messages/production-start-no-build-id
    at setupFsCheck (D:\project\web\admin-panel\node_modules\next\src\server\lib\router-utils\filesystem.ts:157:13)
    at initialize (D:\project\web\admin-panel\node_modules\next\src\server\lib\router-server.ts:93:21)
    at Server.<anonymous> (D:\project\web\admin-panel\node_modules\next\src\server\lib\start-server.ts:293:28)
2026-09-09T00:30:41: Error: Could not find a production build in the '.next' directory. Try building your app with 'next build' before starting the production server. https://nextjs.org/docs/messages/production-start-no-build-id
    at setupFsCheck (D:\project\web\admin-panel\node_modules\next\src\server\lib\router-utils\filesystem.ts:157:13)
    at initialize (D:\project\web\admin-panel\node_modules\next\src\server\lib\router-server.ts:93:21)
    at Server.<anonymous> (D:\project\web\admin-panel\node_modules\next\src\server\lib\start-server.ts:293:28)
2026-09-09T00:30:41: Error: Could not find a production build in the '.next' directory. Try building your app with 'next build' before starting the production server. https://nextjs.org/docs/messages/production-start-no-build-id
    at setupFsCheck (D:\project\web\admin-panel\node_modules\next\src\server\lib\router-utils\filesystem.ts:157:13)
    at initialize (D:\project\web\admin-panel\node_modules\next\src\server\lib\router-server.ts:93:21)
    at Server.<anonymous> (D:\project\web\admin-panel\node_modules\next\src\server\lib\start-server.ts:293:28)
2026-09-09T00:30:42:   ▲ Next.js 14.2.2
2026-09-09T00:30:42:   ▲ Next.js 14.2.2
2026-09-09T00:30:42:   - Local:        http://localhost:3000
2026-09-09T00:30:42: 
2026-09-09T00:30:42:  ✓ Starting...
2026-09-09T00:30:42: Error: Could not find a production build in the '.next' directory. Try building your app with 'next build' before starting the production server. https://nextjs.org/docs/messages/production-start-no-build-id
    at setupFsCheck (D:\project\web\admin-panel\node_modules\next\src\server\lib\router-utils\filesystem.ts:157:13)
    at initialize (D:\project\web\admin-panel\node_modules\next\src\server\lib\router-server.ts:93:21)
    at Server.<anonymous> (D:\project\web\admin-panel\node_modules\next\src\server\lib\start-server.ts:293:28)
2026-09-09T00:30:42:   - Local:        http://localhost:3000
2026-09-09T00:30:42: 
2026-09-09T00:30:42:  ✓ Starting...
2026-09-09T00:30:42:   ▲ Next.js 14.2.2
2026-09-09T00:30:42: Error: Could not find a production build in the '.next' directory. Try building your app with 'next build' before starting the production server. https://nextjs.org/docs/messages/production-start-no-build-id
    at setupFsCheck (D:\project\web\admin-panel\node_modules\next\src\server\lib\router-utils\filesystem.ts:157:13)
    at initialize (D:\project\web\admin-panel\node_modules\next\src\server\lib\router-server.ts:93:21)
    at Server.<anonymous> (D:\project\web\admin-panel\node_modules\next\src\server\lib\start-server.ts:293:28)
2026-09-09T00:30:42:   ▲ Next.js 14.2.2
2026-09-09T00:30:42:   ▲ Next.js 14.2.2
2026-09-09T00:30:42:   - Local:        http://localhost:3000
2026-09-09T00:30:42: 
2026-09-09T00:30:42:  ✓ Starting...
2026-09-09T00:30:43: Error: Could not find a production build in the '.next' directory. Try building your app with 'next build' before starting the production server. https://nextjs.org/docs/messages/production-start-no-build-id
    at setupFsCheck (D:\project\web\admin-panel\node_modules\next\src\server\lib\router-utils\filesystem.ts:157:13)
    at initialize (D:\project\web\admin-panel\node_modules\next\src\server\lib\router-server.ts:93:21)
    at Server.<anonymous> (D:\project\web\admin-panel\node_modules\next\src\server\lib\start-server.ts:293:28)
2026-09-09T00:30:42:   - Local:        http://localhost:3000
2026-09-09T00:30:42: 
2026-09-09T00:30:42:  ✓ Starting...
2026-09-09T00:30:42:   - Local:        http://localhost:3000
2026-09-09T00:30:42: 
2026-09-09T00:30:42:  ✓ Starting...
2026-09-09T00:30:43: Error: Could not find a production build in the '.next' directory. Try building your app with 'next build' before starting the production server. https://nextjs.org/docs/messages/production-start-no-build-id
    at setupFsCheck (D:\project\web\admin-panel\node_modules\next\src\server\lib\router-utils\filesystem.ts:157:13)
    at initialize (D:\project\web\admin-panel\node_modules\next\src\server\lib\router-server.ts:93:21)
    at Server.<anonymous> (D:\project\web\admin-panel\node_modules\next\src\server\lib\start-server.ts:293:28)
2026-09-09T00:30:43: Error: Could not find a production build in the '.next' directory. Try building your app with 'next build' before starting the production server. https://nextjs.org/docs/messages/production-start-no-build-id
    at setupFsCheck (D:\project\web\admin-panel\node_modules\next\src\server\lib\router-utils\filesystem.ts:157:13)
    at initialize (D:\project\web\admin-panel\node_modules\next\src\server\lib\router-server.ts:93:21)
    at Server.<anonymous> (D:\project\web\admin-panel\node_modules\next\src\server\lib\start-server.ts:293:28)
2026-09-09T00:30:43:   ▲ Next.js 14.2.2
2026-09-09T00:30:43:   ▲ Next.js 14.2.2
2026-09-09T00:30:43:   ▲ Next.js 14.2.2
2026-09-09T00:30:43:   - Local:        http://localhost:3000
2026-09-09T00:30:43: 
2026-09-09T00:30:43:  ✓ Starting...
2026-09-09T00:30:43:   - Local:        http://localhost:3000
2026-09-09T00:30:43: 
2026-09-09T00:30:43:  ✓ Starting...
2026-09-09T00:30:43:   - Local:        http://localhost:3000
2026-09-09T00:30:43: 
2026-09-09T00:30:43:  ✓ Starting...
2026-09-09T00:30:43: Error: Could not find a production build in the '.next' directory. Try building your app with 'next build' before starting the production server. https://nextjs.org/docs/messages/production-start-no-build-id
    at setupFsCheck (D:\project\web\admin-panel\node_modules\next\src\server\lib\router-utils\filesystem.ts:157:13)
    at initialize (D:\project\web\admin-panel\node_modules\next\src\server\lib\router-server.ts:93:21)
    at Server.<anonymous> (D:\project\web\admin-panel\node_modules\next\src\server\lib\start-server.ts:293:28)
2026-09-09T00:30:43: Error: Could not find a production build in the '.next' directory. Try building your app with 'next build' before starting the production server. https://nextjs.org/docs/messages/production-start-no-build-id
    at setupFsCheck (D:\project\web\admin-panel\node_modules\next\src\server\lib\router-utils\filesystem.ts:157:13)
    at initialize (D:\project\web\admin-panel\node_modules\next\src\server\lib\router-server.ts:93:21)
    at Server.<anonymous> (D:\project\web\admin-panel\node_modules\next\src\server\lib\start-server.ts:293:28)
2026-09-09T00:30:43: Error: Could not find a production build in the '.next' directory. Try building your app with 'next build' before starting the production server. https://nextjs.org/docs/messages/production-start-no-build-id
    at setupFsCheck (D:\project\web\admin-panel\node_modules\next\src\server\lib\router-utils\filesystem.ts:157:13)
    at initialize (D:\project\web\admin-panel\node_modules\next\src\server\lib\router-server.ts:93:21)
    at Server.<anonymous> (D:\project\web\admin-panel\node_modules\next\src\server\lib\start-server.ts:293:28)
2026-09-09T00:30:44:   ▲ Next.js 14.2.2
2026-09-09T00:30:44:   ▲ Next.js 14.2.2
2026-09-09T00:30:44:   - Local:        http://localhost:3000
2026-09-09T00:30:44: 
2026-09-09T00:30:44:  ✓ Starting...
2026-09-09T00:30:44: Error: Could not find a production build in the '.next' directory. Try building your app with 'next build' before starting the production server. https://nextjs.org/docs/messages/production-start-no-build-id
    at setupFsCheck (D:\project\web\admin-panel\node_modules\next\src\server\lib\router-utils\filesystem.ts:157:13)
    at initialize (D:\project\web\admin-panel\node_modules\next\src\server\lib\router-server.ts:93:21)
    at Server.<anonymous> (D:\project\web\admin-panel\node_modules\next\src\server\lib\start-server.ts:293:28)
2026-09-09T00:30:44:   - Local:        http://localhost:3000
2026-09-09T00:30:44: 
2026-09-09T00:30:44:  ✓ Starting...
2026-09-09T00:30:44:   ▲ Next.js 14.2.2
2026-09-09T00:30:44: Error: Could not find a production build in the '.next' directory. Try building your app with 'next build' before starting the production server. https://nextjs.org/docs/messages/production-start-no-build-id
    at setupFsCheck (D:\project\web\admin-panel\node_modules\next\src\server\lib\router-utils\filesystem.ts:157:13)
    at initialize (D:\project\web\admin-panel\node_modules\next\src\server\lib\router-server.ts:93:21)
    at Server.<anonymous> (D:\project\web\admin-panel\node_modules\next\src\server\lib\start-server.ts:293:28)
2026-09-09T00:30:45:   ▲ Next.js 14.2.2
2026-09-09T00:30:44:   - Local:        http://localhost:3000
2026-09-09T00:30:44: 
2026-09-09T00:30:44:  ✓ Starting...
2026-09-09T00:30:45: Error: Could not find a production build in the '.next' directory. Try building your app with 'next build' before starting the production server. https://nextjs.org/docs/messages/production-start-no-build-id
    at setupFsCheck (D:\project\web\admin-panel\node_modules\next\src\server\lib\router-utils\filesystem.ts:157:13)
    at initialize (D:\project\web\admin-panel\node_modules\next\src\server\lib\router-server.ts:93:21)
    at Server.<anonymous> (D:\project\web\admin-panel\node_modules\next\src\server\lib\start-server.ts:293:28)
2026-09-09T00:30:45:   ▲ Next.js 14.2.2
2026-09-09T00:30:45:   - Local:        http://localhost:3000
2026-09-09T00:30:45: 
2026-09-09T00:30:45:  ✓ Starting...
2026-09-09T00:30:45: Error: Could not find a production build in the '.next' directory. Try building your app with 'next build' before starting the production server. https://nextjs.org/docs/messages/production-start-no-build-id
    at setupFsCheck (D:\project\web\admin-panel\node_modules\next\src\server\lib\router-utils\filesystem.ts:157:13)
    at initialize (D:\project\web\admin-panel\node_modules\next\src\server\lib\router-server.ts:93:21)
    at Server.<anonymous> (D:\project\web\admin-panel\node_modules\next\src\server\lib\start-server.ts:293:28)
2026-09-09T00:30:45:   ▲ Next.js 14.2.2
2026-09-09T00:30:45:   - Local:        http://localhost:3000
2026-09-09T00:30:45: 
2026-09-09T00:30:45:  ✓ Starting...
2026-09-09T00:30:45:   ▲ Next.js 14.2.2
2026-09-09T00:30:45:   ▲ Next.js 14.2.2
2026-09-09T00:30:45: Error: Could not find a production build in the '.next' directory. Try building your app with 'next build' before starting the production server. https://nextjs.org/docs/messages/production-start-no-build-id
    at setupFsCheck (D:\project\web\admin-panel\node_modules\next\src\server\lib\router-utils\filesystem.ts:157:13)
    at initialize (D:\project\web\admin-panel\node_modules\next\src\server\lib\router-server.ts:93:21)
    at Server.<anonymous> (D:\project\web\admin-panel\node_modules\next\src\server\lib\start-server.ts:293:28)
2026-09-09T00:30:45:   - Local:        http://localhost:3000
2026-09-09T00:30:45: 
2026-09-09T00:30:45:  ✓ Starting...
2026-09-09T00:30:45: Error: Could not find a production build in the '.next' directory. Try building your app with 'next build' before starting the production server. https://nextjs.org/docs/messages/production-start-no-build-id
    at setupFsCheck (D:\project\web\admin-panel\node_modules\next\src\server\lib\router-utils\filesystem.ts:157:13)
    at initialize (D:\project\web\admin-panel\node_modules\next\src\server\lib\router-server.ts:93:21)
    at Server.<anonymous> (D:\project\web\admin-panel\node_modules\next\src\server\lib\start-server.ts:293:28)
2026-09-09T00:30:45:   - Local:        http://localhost:3000
2026-09-09T00:30:45: 
2026-09-09T00:30:45:  ✓ Starting...
2026-09-09T00:30:45:   - Local:        http://localhost:3000
2026-09-09T00:30:45: 
2026-09-09T00:30:45:  ✓ Starting...
2026-09-09T00:30:46: Error: Could not find a production build in the '.next' directory. Try building your app with 'next build' before starting the production server. https://nextjs.org/docs/messages/production-start-no-build-id
    at setupFsCheck (D:\project\web\admin-panel\node_modules\next\src\server\lib\router-utils\filesystem.ts:157:13)
    at initialize (D:\project\web\admin-panel\node_modules\next\src\server\lib\router-server.ts:93:21)
    at Server.<anonymous> (D:\project\web\admin-panel\node_modules\next\src\server\lib\start-server.ts:293:28)
2026-09-09T00:30:46: Error: Could not find a production build in the '.next' directory. Try building your app with 'next build' before starting the production server. https://nextjs.org/docs/messages/production-start-no-build-id
    at setupFsCheck (D:\project\web\admin-panel\node_modules\next\src\server\lib\router-utils\filesystem.ts:157:13)
    at initialize (D:\project\web\admin-panel\node_modules\next\src\server\lib\router-server.ts:93:21)
    at Server.<anonymous> (D:\project\web\admin-panel\node_modules\next\src\server\lib\start-server.ts:293:28)
2026-09-09T00:30:46:   ▲ Next.js 14.2.2
2026-09-09T00:30:46:   ▲ Next.js 14.2.2
2026-09-09T00:30:46:   - Local:        http://localhost:3000
2026-09-09T00:30:46: 
2026-09-09T00:30:46:  ✓ Starting...
2026-09-09T00:30:46: Error: Could not find a production build in the '.next' directory. Try building your app with 'next build' before starting the production server. https://nextjs.org/docs/messages/production-start-no-build-id
    at setupFsCheck (D:\project\web\admin-panel\node_modules\next\src\server\lib\router-utils\filesystem.ts:157:13)
    at initialize (D:\project\web\admin-panel\node_modules\next\src\server\lib\router-server.ts:93:21)
    at Server.<anonymous> (D:\project\web\admin-panel\node_modules\next\src\server\lib\start-server.ts:293:28)
2026-09-09T00:30:46:   ▲ Next.js 14.2.2
2026-09-09T00:30:46:   - Local:        http://localhost:3000
2026-09-09T00:30:46: 
2026-09-09T00:30:46:  ✓ Starting...
2026-09-09T00:30:47: Error: Could not find a production build in the '.next' directory. Try building your app with 'next build' before starting the production server. https://nextjs.org/docs/messages/production-start-no-build-id
    at setupFsCheck (D:\project\web\admin-panel\node_modules\next\src\server\lib\router-utils\filesystem.ts:157:13)
    at initialize (D:\project\web\admin-panel\node_modules\next\src\server\lib\router-server.ts:93:21)
    at Server.<anonymous> (D:\project\web\admin-panel\node_modules\next\src\server\lib\start-server.ts:293:28)
2026-09-09T00:30:47:   ▲ Next.js 14.2.2
2026-09-09T00:30:46:   - Local:        http://localhost:3000
2026-09-09T00:30:46: 
2026-09-09T00:30:46:  ✓ Starting...
2026-09-09T00:30:47: Error: Could not find a production build in the '.next' directory. Try building your app with 'next build' before starting the production server. https://nextjs.org/docs/messages/production-start-no-build-id
    at setupFsCheck (D:\project\web\admin-panel\node_modules\next\src\server\lib\router-utils\filesystem.ts:157:13)
    at initialize (D:\project\web\admin-panel\node_modules\next\src\server\lib\router-server.ts:93:21)
    at Server.<anonymous> (D:\project\web\admin-panel\node_modules\next\src\server\lib\start-server.ts:293:28)
2026-09-09T00:30:47:   - Local:        http://localhost:3000
2026-09-09T00:30:47: 
2026-09-09T00:30:47:  ✓ Starting...
2026-09-09T00:30:47:   ▲ Next.js 14.2.2
2026-09-09T00:30:47:   ▲ Next.js 14.2.2
2026-09-09T00:30:47: Error: Could not find a production build in the '.next' directory. Try building your app with 'next build' before starting the production server. https://nextjs.org/docs/messages/production-start-no-build-id
    at setupFsCheck (D:\project\web\admin-panel\node_modules\next\src\server\lib\router-utils\filesystem.ts:157:13)
    at initialize (D:\project\web\admin-panel\node_modules\next\src\server\lib\router-server.ts:93:21)
    at Server.<anonymous> (D:\project\web\admin-panel\node_modules\next\src\server\lib\start-server.ts:293:28)
2026-09-09T00:30:47:   ▲ Next.js 14.2.2
2026-09-09T00:30:47:   - Local:        http://localhost:3000
2026-09-09T00:30:47: 
2026-09-09T00:30:47:  ✓ Starting...
2026-09-09T00:30:47:   - Local:        http://localhost:3000
2026-09-09T00:30:47: 
2026-09-09T00:30:47:  ✓ Starting...
2026-09-09T00:30:48:   ▲ Next.js 14.2.2
2026-09-09T00:30:48: Error: Could not find a production build in the '.next' directory. Try building your app with 'next build' before starting the production server. https://nextjs.org/docs/messages/production-start-no-build-id
    at setupFsCheck (D:\project\web\admin-panel\node_modules\next\src\server\lib\router-utils\filesystem.ts:157:13)
    at initialize (D:\project\web\admin-panel\node_modules\next\src\server\lib\router-server.ts:93:21)
    at Server.<anonymous> (D:\project\web\admin-panel\node_modules\next\src\server\lib\start-server.ts:293:28)
2026-09-09T00:30:48: Error: Could not find a production build in the '.next' directory. Try building your app with 'next build' before starting the production server. https://nextjs.org/docs/messages/production-start-no-build-id
    at setupFsCheck (D:\project\web\admin-panel\node_modules\next\src\server\lib\router-utils\filesystem.ts:157:13)
    at initialize (D:\project\web\admin-panel\node_modules\next\src\server\lib\router-server.ts:93:21)
    at Server.<anonymous> (D:\project\web\admin-panel\node_modules\next\src\server\lib\start-server.ts:293:28)
2026-09-09T00:30:47:   - Local:        http://localhost:3000
2026-09-09T00:30:47: 
2026-09-09T00:30:47:  ✓ Starting...
2026-09-09T00:30:48:   - Local:        http://localhost:3000
2026-09-09T00:30:48: 
2026-09-09T00:30:48:  ✓ Starting...
2026-09-09T00:30:48: Error: Could not find a production build in the '.next' directory. Try building your app with 'next build' before starting the production server. https://nextjs.org/docs/messages/production-start-no-build-id
    at setupFsCheck (D:\project\web\admin-panel\node_modules\next\src\server\lib\router-utils\filesystem.ts:157:13)
    at initialize (D:\project\web\admin-panel\node_modules\next\src\server\lib\router-server.ts:93:21)
    at Server.<anonymous> (D:\project\web\admin-panel\node_modules\next\src\server\lib\start-server.ts:293:28)
2026-09-09T00:30:48:   ▲ Next.js 14.2.2
2026-09-09T00:30:48: Error: Could not find a production build in the '.next' directory. Try building your app with 'next build' before starting the production server. https://nextjs.org/docs/messages/production-start-no-build-id
    at setupFsCheck (D:\project\web\admin-panel\node_modules\next\src\server\lib\router-utils\filesystem.ts:157:13)
    at initialize (D:\project\web\admin-panel\node_modules\next\src\server\lib\router-server.ts:93:21)
    at Server.<anonymous> (D:\project\web\admin-panel\node_modules\next\src\server\lib\start-server.ts:293:28)
2026-09-09T00:30:48:   ▲ Next.js 14.2.2
2026-09-09T00:30:48:   - Local:        http://localhost:3000
2026-09-09T00:30:48: 
2026-09-09T00:30:48:  ✓ Starting...
2026-09-09T00:30:49: Error: Could not find a production build in the '.next' directory. Try building your app with 'next build' before starting the production server. https://nextjs.org/docs/messages/production-start-no-build-id
    at setupFsCheck (D:\project\web\admin-panel\node_modules\next\src\server\lib\router-utils\filesystem.ts:157:13)
    at initialize (D:\project\web\admin-panel\node_modules\next\src\server\lib\router-server.ts:93:21)
    at Server.<anonymous> (D:\project\web\admin-panel\node_modules\next\src\server\lib\start-server.ts:293:28)
2026-09-09T00:30:48:   - Local:        http://localhost:3000
2026-09-09T00:30:48: 
2026-09-09T00:30:48:  ✓ Starting...
2026-09-09T00:30:49:   ▲ Next.js 14.2.2
2026-09-09T00:30:49: Error: Could not find a production build in the '.next' directory. Try building your app with 'next build' before starting the production server. https://nextjs.org/docs/messages/production-start-no-build-id
    at setupFsCheck (D:\project\web\admin-panel\node_modules\next\src\server\lib\router-utils\filesystem.ts:157:13)
    at initialize (D:\project\web\admin-panel\node_modules\next\src\server\lib\router-server.ts:93:21)
    at Server.<anonymous> (D:\project\web\admin-panel\node_modules\next\src\server\lib\start-server.ts:293:28)
2026-09-09T00:30:49:   ▲ Next.js 14.2.2
2026-09-09T00:30:49:   - Local:        http://localhost:3000
2026-09-09T00:30:49: 
2026-09-09T00:30:49:  ✓ Starting...
2026-09-09T00:30:49: Error: Could not find a production build in the '.next' directory. Try building your app with 'next build' before starting the production server. https://nextjs.org/docs/messages/production-start-no-build-id
    at setupFsCheck (D:\project\web\admin-panel\node_modules\next\src\server\lib\router-utils\filesystem.ts:157:13)
    at initialize (D:\project\web\admin-panel\node_modules\next\src\server\lib\router-server.ts:93:21)
    at Server.<anonymous> (D:\project\web\admin-panel\node_modules\next\src\server\lib\start-server.ts:293:28)
2026-09-09T00:30:49:   - Local:        http://localhost:3000
2026-09-09T00:30:49: 
2026-09-09T00:30:49:  ✓ Starting...
2026-09-09T00:30:50: Error: Could not find a production build in the '.next' directory. Try building your app with 'next build' before starting the production server. https://nextjs.org/docs/messages/production-start-no-build-id
    at setupFsCheck (D:\project\web\admin-panel\node_modules\next\src\server\lib\router-utils\filesystem.ts:157:13)
    at initialize (D:\project\web\admin-panel\node_modules\next\src\server\lib\router-server.ts:93:21)
    at Server.<anonymous> (D:\project\web\admin-panel\node_modules\next\src\server\lib\start-server.ts:293:28)
2026-09-09T00:30:50:   ▲ Next.js 14.2.2
2026-09-09T00:30:50:   ▲ Next.js 14.2.2
2026-09-09T00:30:50:   ▲ Next.js 14.2.2
2026-09-09T00:30:50:   - Local:        http://localhost:3000
2026-09-09T00:30:50: 
2026-09-09T00:30:50:  ✓ Starting...
2026-09-09T00:30:50:   ▲ Next.js 14.2.2
2026-09-09T00:30:50:   - Local:        http://localhost:3000
2026-09-09T00:30:50: 
2026-09-09T00:30:50:  ✓ Starting...
2026-09-09T00:30:50: Error: Could not find a production build in the '.next' directory. Try building your app with 'next build' before starting the production server. https://nextjs.org/docs/messages/production-start-no-build-id
    at setupFsCheck (D:\project\web\admin-panel\node_modules\next\src\server\lib\router-utils\filesystem.ts:157:13)
    at initialize (D:\project\web\admin-panel\node_modules\next\src\server\lib\router-server.ts:93:21)
    at Server.<anonymous> (D:\project\web\admin-panel\node_modules\next\src\server\lib\start-server.ts:293:28)
2026-09-09T00:30:50:   - Local:        http://localhost:3000
2026-09-09T00:30:50: 
2026-09-09T00:30:50:  ✓ Starting...
2026-09-09T00:30:50: Error: Could not find a production build in the '.next' directory. Try building your app with 'next build' before starting the production server. https://nextjs.org/docs/messages/production-start-no-build-id
    at setupFsCheck (D:\project\web\admin-panel\node_modules\next\src\server\lib\router-utils\filesystem.ts:157:13)
    at initialize (D:\project\web\admin-panel\node_modules\next\src\server\lib\router-server.ts:93:21)
    at Server.<anonymous> (D:\project\web\admin-panel\node_modules\next\src\server\lib\start-server.ts:293:28)
2026-09-09T00:30:50:   - Local:        http://localhost:3000
2026-09-09T00:30:50: 
2026-09-09T00:30:50:  ✓ Starting...
2026-09-09T00:30:51: Error: Could not find a production build in the '.next' directory. Try building your app with 'next build' before starting the production server. https://nextjs.org/docs/messages/production-start-no-build-id
    at setupFsCheck (D:\project\web\admin-panel\node_modules\next\src\server\lib\router-utils\filesystem.ts:157:13)
    at initialize (D:\project\web\admin-panel\node_modules\next\src\server\lib\router-server.ts:93:21)
    at Server.<anonymous> (D:\project\web\admin-panel\node_modules\next\src\server\lib\start-server.ts:293:28)
2026-09-09T00:30:51: Error: Could not find a production build in the '.next' directory. Try building your app with 'next build' before starting the production server. https://nextjs.org/docs/messages/production-start-no-build-id
    at setupFsCheck (D:\project\web\admin-panel\node_modules\next\src\server\lib\router-utils\filesystem.ts:157:13)
    at initialize (D:\project\web\admin-panel\node_modules\next\src\server\lib\router-server.ts:93:21)
    at Server.<anonymous> (D:\project\web\admin-panel\node_modules\next\src\server\lib\start-server.ts:293:28)
2026-09-09T00:30:51:   ▲ Next.js 14.2.2
2026-09-09T00:30:51:   ▲ Next.js 14.2.2
2026-09-09T00:30:51:   - Local:        http://localhost:3000
2026-09-09T00:30:51: 
2026-09-09T00:30:51:  ✓ Starting...
2026-09-09T00:30:52:   ▲ Next.js 14.2.2
2026-09-09T00:30:52: Error: Could not find a production build in the '.next' directory. Try building your app with 'next build' before starting the production server. https://nextjs.org/docs/messages/production-start-no-build-id
    at setupFsCheck (D:\project\web\admin-panel\node_modules\next\src\server\lib\router-utils\filesystem.ts:157:13)
    at initialize (D:\project\web\admin-panel\node_modules\next\src\server\lib\router-server.ts:93:21)
    at Server.<anonymous> (D:\project\web\admin-panel\node_modules\next\src\server\lib\start-server.ts:293:28)
2026-09-09T00:30:51:   - Local:        http://localhost:3000
2026-09-09T00:30:51: 
2026-09-09T00:30:51:  ✓ Starting...
2026-09-09T00:30:52: Error: Could not find a production build in the '.next' directory. Try building your app with 'next build' before starting the production server. https://nextjs.org/docs/messages/production-start-no-build-id
    at setupFsCheck (D:\project\web\admin-panel\node_modules\next\src\server\lib\router-utils\filesystem.ts:157:13)
    at initialize (D:\project\web\admin-panel\node_modules\next\src\server\lib\router-server.ts:93:21)
    at Server.<anonymous> (D:\project\web\admin-panel\node_modules\next\src\server\lib\start-server.ts:293:28)
2026-09-09T00:30:52:   ▲ Next.js 14.2.2
2026-09-09T00:30:52:   - Local:        http://localhost:3000
2026-09-09T00:30:52: 
2026-09-09T00:30:52:  ✓ Starting...
2026-09-09T00:30:52: Error: Could not find a production build in the '.next' directory. Try building your app with 'next build' before starting the production server. https://nextjs.org/docs/messages/production-start-no-build-id
    at setupFsCheck (D:\project\web\admin-panel\node_modules\next\src\server\lib\router-utils\filesystem.ts:157:13)
    at initialize (D:\project\web\admin-panel\node_modules\next\src\server\lib\router-server.ts:93:21)
    at Server.<anonymous> (D:\project\web\admin-panel\node_modules\next\src\server\lib\start-server.ts:293:28)
2026-09-09T00:30:52:   - Local:        http://localhost:3000
2026-09-09T00:30:52: 
2026-09-09T00:30:52:  ✓ Starting...
2026-09-09T00:30:52:   ▲ Next.js 14.2.2
2026-09-09T00:30:53: Error: Could not find a production build in the '.next' directory. Try building your app with 'next build' before starting the production server. https://nextjs.org/docs/messages/production-start-no-build-id
    at setupFsCheck (D:\project\web\admin-panel\node_modules\next\src\server\lib\router-utils\filesystem.ts:157:13)
    at initialize (D:\project\web\admin-panel\node_modules\next\src\server\lib\router-server.ts:93:21)
    at Server.<anonymous> (D:\project\web\admin-panel\node_modules\next\src\server\lib\start-server.ts:293:28)
2026-09-09T00:30:53:   ▲ Next.js 14.2.2
2026-09-09T00:30:53:   ▲ Next.js 14.2.2
2026-09-09T00:30:53:   ▲ Next.js 14.2.2
2026-09-09T00:30:52:   - Local:        http://localhost:3000
2026-09-09T00:30:52: 
2026-09-09T00:30:52:  ✓ Starting...
2026-09-09T00:30:53: Error: Could not find a production build in the '.next' directory. Try building your app with 'next build' before starting the production server. https://nextjs.org/docs/messages/production-start-no-build-id
    at setupFsCheck (D:\project\web\admin-panel\node_modules\next\src\server\lib\router-utils\filesystem.ts:157:13)
    at initialize (D:\project\web\admin-panel\node_modules\next\src\server\lib\router-server.ts:93:21)
    at Server.<anonymous> (D:\project\web\admin-panel\node_modules\next\src\server\lib\start-server.ts:293:28)
2026-09-09T00:30:53:   - Local:        http://localhost:3000
2026-09-09T00:30:53: 
2026-09-09T00:30:53:  ✓ Starting...
2026-09-09T00:30:53:   - Local:        http://localhost:3000
2026-09-09T00:30:53: 
2026-09-09T00:30:53:  ✓ Starting...
2026-09-09T00:30:53:   - Local:        http://localhost:3000
2026-09-09T00:30:53: 
2026-09-09T00:30:53:  ✓ Starting...
2026-09-09T00:30:53: Error: Could not find a production build in the '.next' directory. Try building your app with 'next build' before starting the production server. https://nextjs.org/docs/messages/production-start-no-build-id
    at setupFsCheck (D:\project\web\admin-panel\node_modules\next\src\server\lib\router-utils\filesystem.ts:157:13)
    at initialize (D:\project\web\admin-panel\node_modules\next\src\server\lib\router-server.ts:93:21)
    at Server.<anonymous> (D:\project\web\admin-panel\node_modules\next\src\server\lib\start-server.ts:293:28)
2026-09-09T00:30:53: Error: Could not find a production build in the '.next' directory. Try building your app with 'next build' before starting the production server. https://nextjs.org/docs/messages/production-start-no-build-id
    at setupFsCheck (D:\project\web\admin-panel\node_modules\next\src\server\lib\router-utils\filesystem.ts:157:13)
    at initialize (D:\project\web\admin-panel\node_modules\next\src\server\lib\router-server.ts:93:21)
    at Server.<anonymous> (D:\project\web\admin-panel\node_modules\next\src\server\lib\start-server.ts:293:28)
2026-09-09T00:30:53: Error: Could not find a production build in the '.next' directory. Try building your app with 'next build' before starting the production server. https://nextjs.org/docs/messages/production-start-no-build-id
    at setupFsCheck (D:\project\web\admin-panel\node_modules\next\src\server\lib\router-utils\filesystem.ts:157:13)
    at initialize (D:\project\web\admin-panel\node_modules\next\src\server\lib\router-server.ts:93:21)
    at Server.<anonymous> (D:\project\web\admin-panel\node_modules\next\src\server\lib\start-server.ts:293:28)
2026-09-09T00:30:54:   ▲ Next.js 14.2.2
2026-09-09T00:30:54:   ▲ Next.js 14.2.2
2026-09-09T00:30:54:   - Local:        http://localhost:3000
2026-09-09T00:30:54: 
2026-09-09T00:30:54:  ✓ Starting...
2026-09-09T00:30:54: Error: Could not find a production build in the '.next' directory. Try building your app with 'next build' before starting the production server. https://nextjs.org/docs/messages/production-start-no-build-id
    at setupFsCheck (D:\project\web\admin-panel\node_modules\next\src\server\lib\router-utils\filesystem.ts:157:13)
    at initialize (D:\project\web\admin-panel\node_modules\next\src\server\lib\router-server.ts:93:21)
    at Server.<anonymous> (D:\project\web\admin-panel\node_modules\next\src\server\lib\start-server.ts:293:28)
2026-09-09T00:30:54:   ▲ Next.js 14.2.2
2026-09-09T00:30:54:   - Local:        http://localhost:3000
2026-09-09T00:30:54: 
2026-09-09T00:30:54:  ✓ Starting...
2026-09-09T00:30:54:   ▲ Next.js 14.2.2
2026-09-09T00:30:54: Error: Could not find a production build in the '.next' directory. Try building your app with 'next build' before starting the production server. https://nextjs.org/docs/messages/production-start-no-build-id
    at setupFsCheck (D:\project\web\admin-panel\node_modules\next\src\server\lib\router-utils\filesystem.ts:157:13)
    at initialize (D:\project\web\admin-panel\node_modules\next\src\server\lib\router-server.ts:93:21)
    at Server.<anonymous> (D:\project\web\admin-panel\node_modules\next\src\server\lib\start-server.ts:293:28)
2026-09-09T00:30:54:   - Local:        http://localhost:3000
2026-09-09T00:30:54: 
2026-09-09T00:30:54:  ✓ Starting...
2026-09-09T00:30:54:   - Local:        http://localhost:3000
2026-09-09T00:30:54: 
2026-09-09T00:30:54:  ✓ Starting...
2026-09-09T00:30:55:   ▲ Next.js 14.2.2
2026-09-09T00:30:55: Error: Could not find a production build in the '.next' directory. Try building your app with 'next build' before starting the production server. https://nextjs.org/docs/messages/production-start-no-build-id
    at setupFsCheck (D:\project\web\admin-panel\node_modules\next\src\server\lib\router-utils\filesystem.ts:157:13)
    at initialize (D:\project\web\admin-panel\node_modules\next\src\server\lib\router-server.ts:93:21)
    at Server.<anonymous> (D:\project\web\admin-panel\node_modules\next\src\server\lib\start-server.ts:293:28)
2026-09-09T00:30:55: Error: Could not find a production build in the '.next' directory. Try building your app with 'next build' before starting the production server. https://nextjs.org/docs/messages/production-start-no-build-id
    at setupFsCheck (D:\project\web\admin-panel\node_modules\next\src\server\lib\router-utils\filesystem.ts:157:13)
    at initialize (D:\project\web\admin-panel\node_modules\next\src\server\lib\router-server.ts:93:21)
    at Server.<anonymous> (D:\project\web\admin-panel\node_modules\next\src\server\lib\start-server.ts:293:28)
2026-09-09T00:30:55:   ▲ Next.js 14.2.2
2026-09-09T00:30:55:   ▲ Next.js 14.2.2
2026-09-09T00:30:55:   ▲ Next.js 14.2.2
2026-09-09T00:30:55:   - Local:        http://localhost:3000
2026-09-09T00:30:55: 
2026-09-09T00:30:55:  ✓ Starting...
2026-09-09T00:30:55: Error: Could not find a production build in the '.next' directory. Try building your app with 'next build' before starting the production server. https://nextjs.org/docs/messages/production-start-no-build-id
    at setupFsCheck (D:\project\web\admin-panel\node_modules\next\src\server\lib\router-utils\filesystem.ts:157:13)
    at initialize (D:\project\web\admin-panel\node_modules\next\src\server\lib\router-server.ts:93:21)
    at Server.<anonymous> (D:\project\web\admin-panel\node_modules\next\src\server\lib\start-server.ts:293:28)
2026-09-09T00:30:55:   - Local:        http://localhost:3000
2026-09-09T00:30:55: 
2026-09-09T00:30:55:  ✓ Starting...
2026-09-09T00:30:55:   - Local:        http://localhost:3000
2026-09-09T00:30:55: 
2026-09-09T00:30:55:  ✓ Starting...
2026-09-09T00:30:55:   - Local:        http://localhost:3000
2026-09-09T00:30:55: 
2026-09-09T00:30:55:  ✓ Starting...
2026-09-09T00:30:55: Error: Could not find a production build in the '.next' directory. Try building your app with 'next build' before starting the production server. https://nextjs.org/docs/messages/production-start-no-build-id
    at setupFsCheck (D:\project\web\admin-panel\node_modules\next\src\server\lib\router-utils\filesystem.ts:157:13)
    at initialize (D:\project\web\admin-panel\node_modules\next\src\server\lib\router-server.ts:93:21)
    at Server.<anonymous> (D:\project\web\admin-panel\node_modules\next\src\server\lib\start-server.ts:293:28)
2026-09-09T00:30:55: Error: Could not find a production build in the '.next' directory. Try building your app with 'next build' before starting the production server. https://nextjs.org/docs/messages/production-start-no-build-id
    at setupFsCheck (D:\project\web\admin-panel\node_modules\next\src\server\lib\router-utils\filesystem.ts:157:13)
    at initialize (D:\project\web\admin-panel\node_modules\next\src\server\lib\router-server.ts:93:21)
    at Server.<anonymous> (D:\project\web\admin-panel\node_modules\next\src\server\lib\start-server.ts:293:28)
2026-09-09T00:30:56: Error: Could not find a production build in the '.next' directory. Try building your app with 'next build' before starting the production server. https://nextjs.org/docs/messages/production-start-no-build-id
    at setupFsCheck (D:\project\web\admin-panel\node_modules\next\src\server\lib\router-utils\filesystem.ts:157:13)
    at initialize (D:\project\web\admin-panel\node_modules\next\src\server\lib\router-server.ts:93:21)
    at Server.<anonymous> (D:\project\web\admin-panel\node_modules\next\src\server\lib\start-server.ts:293:28)
2026-09-09T00:30:56:   ▲ Next.js 14.2.2
2026-09-09T00:30:56:   ▲ Next.js 14.2.2
2026-09-09T00:30:56:   - Local:        http://localhost:3000
2026-09-09T00:30:56: 
2026-09-09T00:30:56:  ✓ Starting...
2026-09-09T00:30:56: Error: Could not find a production build in the '.next' directory. Try building your app with 'next build' before starting the production server. https://nextjs.org/docs/messages/production-start-no-build-id
    at setupFsCheck (D:\project\web\admin-panel\node_modules\next\src\server\lib\router-utils\filesystem.ts:157:13)
    at initialize (D:\project\web\admin-panel\node_modules\next\src\server\lib\router-server.ts:93:21)
    at Server.<anonymous> (D:\project\web\admin-panel\node_modules\next\src\server\lib\start-server.ts:293:28)
2026-09-09T00:30:57:   ▲ Next.js 14.2.2
2026-09-09T00:30:56:   - Local:        http://localhost:3000
2026-09-09T00:30:56: 
2026-09-09T00:30:56:  ✓ Starting...
2026-09-09T00:30:57:   ▲ Next.js 14.2.2
2026-09-09T00:30:57: Error: Could not find a production build in the '.next' directory. Try building your app with 'next build' before starting the production server. https://nextjs.org/docs/messages/production-start-no-build-id
    at setupFsCheck (D:\project\web\admin-panel\node_modules\next\src\server\lib\router-utils\filesystem.ts:157:13)
    at initialize (D:\project\web\admin-panel\node_modules\next\src\server\lib\router-server.ts:93:21)
    at Server.<anonymous> (D:\project\web\admin-panel\node_modules\next\src\server\lib\start-server.ts:293:28)
2026-09-09T00:30:57:   - Local:        http://localhost:3000
2026-09-09T00:30:57: 
2026-09-09T00:30:57:  ✓ Starting...
2026-09-09T00:30:57:   ▲ Next.js 14.2.2
2026-09-09T00:30:57: Error: Could not find a production build in the '.next' directory. Try building your app with 'next build' before starting the production server. https://nextjs.org/docs/messages/production-start-no-build-id
    at setupFsCheck (D:\project\web\admin-panel\node_modules\next\src\server\lib\router-utils\filesystem.ts:157:13)
    at initialize (D:\project\web\admin-panel\node_modules\next\src\server\lib\router-server.ts:93:21)
    at Server.<anonymous> (D:\project\web\admin-panel\node_modules\next\src\server\lib\start-server.ts:293:28)
2026-09-09T00:30:57:   - Local:        http://localhost:3000
2026-09-09T00:30:57: 
2026-09-09T00:30:57:  ✓ Starting...
2026-09-09T00:30:57:   ▲ Next.js 14.2.2
2026-09-09T00:30:57:   ▲ Next.js 14.2.2
2026-09-09T00:30:57: Error: Could not find a production build in the '.next' directory. Try building your app with 'next build' before starting the production server. https://nextjs.org/docs/messages/production-start-no-build-id
    at setupFsCheck (D:\project\web\admin-panel\node_modules\next\src\server\lib\router-utils\filesystem.ts:157:13)
    at initialize (D:\project\web\admin-panel\node_modules\next\src\server\lib\router-server.ts:93:21)
    at Server.<anonymous> (D:\project\web\admin-panel\node_modules\next\src\server\lib\start-server.ts:293:28)
2026-09-09T00:30:57:   ▲ Next.js 14.2.2
2026-09-09T00:30:57:   - Local:        http://localhost:3000
2026-09-09T00:30:57: 
2026-09-09T00:30:57:  ✓ Starting...
2026-09-09T00:30:58: Error: Could not find a production build in the '.next' directory. Try building your app with 'next build' before starting the production server. https://nextjs.org/docs/messages/production-start-no-build-id
    at setupFsCheck (D:\project\web\admin-panel\node_modules\next\src\server\lib\router-utils\filesystem.ts:157:13)
    at initialize (D:\project\web\admin-panel\node_modules\next\src\server\lib\router-server.ts:93:21)
    at Server.<anonymous> (D:\project\web\admin-panel\node_modules\next\src\server\lib\start-server.ts:293:28)
2026-09-09T00:30:57:   - Local:        http://localhost:3000
2026-09-09T00:30:57: 
2026-09-09T00:30:57:  ✓ Starting...
2026-09-09T00:30:57:   - Local:        http://localhost:3000
2026-09-09T00:30:57: 
2026-09-09T00:30:57:  ✓ Starting...
2026-09-09T00:30:57:   - Local:        http://localhost:3000
2026-09-09T00:30:57: 
2026-09-09T00:30:57:  ✓ Starting...
2026-09-09T00:30:58: Error: Could not find a production build in the '.next' directory. Try building your app with 'next build' before starting the production server. https://nextjs.org/docs/messages/production-start-no-build-id
    at setupFsCheck (D:\project\web\admin-panel\node_modules\next\src\server\lib\router-utils\filesystem.ts:157:13)
    at initialize (D:\project\web\admin-panel\node_modules\next\src\server\lib\router-server.ts:93:21)
    at Server.<anonymous> (D:\project\web\admin-panel\node_modules\next\src\server\lib\start-server.ts:293:28)
2026-09-09T00:30:58: Error: Could not find a production build in the '.next' directory. Try building your app with 'next build' before starting the production server. https://nextjs.org/docs/messages/production-start-no-build-id
    at setupFsCheck (D:\project\web\admin-panel\node_modules\next\src\server\lib\router-utils\filesystem.ts:157:13)
    at initialize (D:\project\web\admin-panel\node_modules\next\src\server\lib\router-server.ts:93:21)
    at Server.<anonymous> (D:\project\web\admin-panel\node_modules\next\src\server\lib\start-server.ts:293:28)
2026-09-09T00:30:58: Error: Could not find a production build in the '.next' directory. Try building your app with 'next build' before starting the production server. https://nextjs.org/docs/messages/production-start-no-build-id
    at setupFsCheck (D:\project\web\admin-panel\node_modules\next\src\server\lib\router-utils\filesystem.ts:157:13)
    at initialize (D:\project\web\admin-panel\node_modules\next\src\server\lib\router-server.ts:93:21)
    at Server.<anonymous> (D:\project\web\admin-panel\node_modules\next\src\server\lib\start-server.ts:293:28)
2026-09-09T00:30:59:   ▲ Next.js 14.2.2
2026-09-09T00:30:59:   ▲ Next.js 14.2.2
2026-09-09T00:30:59:   - Local:        http://localhost:3000
2026-09-09T00:30:59: 
2026-09-09T00:30:59:  ✓ Starting...
2026-09-09T00:30:59: Error: Could not find a production build in the '.next' directory. Try building your app with 'next build' before starting the production server. https://nextjs.org/docs/messages/production-start-no-build-id
    at setupFsCheck (D:\project\web\admin-panel\node_modules\next\src\server\lib\router-utils\filesystem.ts:157:13)
    at initialize (D:\project\web\admin-panel\node_modules\next\src\server\lib\router-server.ts:93:21)
    at Server.<anonymous> (D:\project\web\admin-panel\node_modules\next\src\server\lib\start-server.ts:293:28)
2026-09-09T00:30:59:   - Local:        http://localhost:3000
2026-09-09T00:30:59: 
2026-09-09T00:30:59:  ✓ Starting...
2026-09-09T00:30:59:   ▲ Next.js 14.2.2
2026-09-09T00:31:00:   ▲ Next.js 14.2.2
2026-09-09T00:31:00: Error: Could not find a production build in the '.next' directory. Try building your app with 'next build' before starting the production server. https://nextjs.org/docs/messages/production-start-no-build-id
    at setupFsCheck (D:\project\web\admin-panel\node_modules\next\src\server\lib\router-utils\filesystem.ts:157:13)
    at initialize (D:\project\web\admin-panel\node_modules\next\src\server\lib\router-server.ts:93:21)
    at Server.<anonymous> (D:\project\web\admin-panel\node_modules\next\src\server\lib\start-server.ts:293:28)
2026-09-09T00:31:00:   ▲ Next.js 14.2.2
2026-09-09T00:30:59:   - Local:        http://localhost:3000
2026-09-09T00:30:59: 
2026-09-09T00:30:59:  ✓ Starting...
2026-09-09T00:31:00:   - Local:        http://localhost:3000
2026-09-09T00:31:00: 
2026-09-09T00:31:00:  ✓ Starting...
2026-09-09T00:31:00: Error: Could not find a production build in the '.next' directory. Try building your app with 'next build' before starting the production server. https://nextjs.org/docs/messages/production-start-no-build-id
    at setupFsCheck (D:\project\web\admin-panel\node_modules\next\src\server\lib\router-utils\filesystem.ts:157:13)
    at initialize (D:\project\web\admin-panel\node_modules\next\src\server\lib\router-server.ts:93:21)
    at Server.<anonymous> (D:\project\web\admin-panel\node_modules\next\src\server\lib\start-server.ts:293:28)
2026-09-09T00:31:00:   ▲ Next.js 14.2.2
2026-09-09T00:31:00: Error: Could not find a production build in the '.next' directory. Try building your app with 'next build' before starting the production server. https://nextjs.org/docs/messages/production-start-no-build-id
    at setupFsCheck (D:\project\web\admin-panel\node_modules\next\src\server\lib\router-utils\filesystem.ts:157:13)
    at initialize (D:\project\web\admin-panel\node_modules\next\src\server\lib\router-server.ts:93:21)
    at Server.<anonymous> (D:\project\web\admin-panel\node_modules\next\src\server\lib\start-server.ts:293:28)
2026-09-09T00:31:00:   - Local:        http://localhost:3000
2026-09-09T00:31:00: 
2026-09-09T00:31:00:  ✓ Starting...
2026-09-09T00:31:00: Error: Could not find a production build in the '.next' directory. Try building your app with 'next build' before starting the production server. https://nextjs.org/docs/messages/production-start-no-build-id
    at setupFsCheck (D:\project\web\admin-panel\node_modules\next\src\server\lib\router-utils\filesystem.ts:157:13)
    at initialize (D:\project\web\admin-panel\node_modules\next\src\server\lib\router-server.ts:93:21)
    at Server.<anonymous> (D:\project\web\admin-panel\node_modules\next\src\server\lib\start-server.ts:293:28)
2026-09-09T00:31:00:   - Local:        http://localhost:3000
2026-09-09T00:31:00: 
2026-09-09T00:31:00:  ✓ Starting...
2026-09-09T00:31:01: Error: Could not find a production build in the '.next' directory. Try building your app with 'next build' before starting the production server. https://nextjs.org/docs/messages/production-start-no-build-id
    at setupFsCheck (D:\project\web\admin-panel\node_modules\next\src\server\lib\router-utils\filesystem.ts:157:13)
    at initialize (D:\project\web\admin-panel\node_modules\next\src\server\lib\router-server.ts:93:21)
    at Server.<anonymous> (D:\project\web\admin-panel\node_modules\next\src\server\lib\start-server.ts:293:28)
2026-09-09T00:42:28:   ▲ Next.js 14.2.2
2026-09-09T00:42:28:   ▲ Next.js 14.2.2
2026-09-09T00:42:28:   ▲ Next.js 14.2.2
2026-09-09T00:42:28:   ▲ Next.js 14.2.2
2026-09-09T00:42:29:   ▲ Next.js 14.2.2
2026-09-09T00:42:29:   ▲ Next.js 14.2.2
2026-09-09T00:42:29:   ▲ Next.js 14.2.2
2026-09-09T00:42:29:   ▲ Next.js 14.2.2
2026-09-09T00:42:28:   - Local:        http://localhost:3000
2026-09-09T00:42:28: 
2026-09-09T00:42:28:  ✓ Starting...
2026-09-09T00:42:29:   - Local:        http://localhost:3000
2026-09-09T00:42:29: 
2026-09-09T00:42:29:  ✓ Starting...
2026-09-09T00:42:29:   - Local:        http://localhost:3000
2026-09-09T00:42:29: 
2026-09-09T00:42:29:  ✓ Starting...
2026-09-09T00:42:29:   - Local:        http://localhost:3000
2026-09-09T00:42:29: 
2026-09-09T00:42:29:  ✓ Starting...
2026-09-09T00:42:28:   - Local:        http://localhost:3000
2026-09-09T00:42:28: 
2026-09-09T00:42:28:  ✓ Starting...
2026-09-09T00:42:29:   - Local:        http://localhost:3000
2026-09-09T00:42:29: 
2026-09-09T00:42:29:  ✓ Starting...
2026-09-09T00:42:29:   - Local:        http://localhost:3000
2026-09-09T00:42:29: 
2026-09-09T00:42:29:  ✓ Starting...
2026-09-09T00:42:29:   - Local:        http://localhost:3000
2026-09-09T00:42:29: 
2026-09-09T00:42:29:  ✓ Starting...
2026-09-09T00:42:29:  ✓ Ready in 1708ms
2026-09-09T00:42:29:  ✓ Ready in 1728ms
2026-09-09T00:42:29:  ✓ Ready in 1747ms
2026-09-09T00:42:29:  ✓ Ready in 1785ms
2026-09-09T00:42:29:  ✓ Ready in 1933ms
2026-09-09T00:42:29:  ✓ Ready in 1945ms
2026-09-09T00:42:29:  ✓ Ready in 1953ms
2026-09-09T00:42:29:  ✓ Ready in 1954ms
2026-09-09T00:43:45:  ⨯ upstream image response failed for https://dl.harfhesab.com/package-game-icon/2026/5/15/1778798659271_icon.png 404
2026-09-09T00:43:45:  ⨯ upstream image response failed for https://dl.harfhesab.com/package-game-season/2026/5/18/1779096449593_se-1.png 404
2026-09-09T00:43:45:  ⨯ upstream image response failed for https://dl.harfhesab.com/package-game-season/2026/5/15/1778799502772_se-1.png 404
2026-09-09T00:43:45:  ⨯ upstream image response failed for https://dl.harfhesab.com/package-game-season/2026/5/15/1778834086759_se-3.png 404
2026-09-09T00:43:45:  ⨯ upstream image response failed for https://dl.harfhesab.com/package-game-icon/2026/5/18/1779095719841_icon.png 404
2026-09-09T00:43:45:  ⨯ upstream image response failed for https://dl.harfhesab.com/package-game-season/2026/5/15/1778833292531_se-2.png 404
2026-09-09T00:43:45:  ⨯ upstream image response failed for https://dl.harfhesab.com/package-game-season/2026/5/18/1779097592819_se-3.png 404
2026-09-09T00:43:45:  ⨯ upstream image response failed for https://dl.harfhesab.com/package-game-season/2026/5/18/1779097039936_se-2.png 404
2026-09-09T00:43:45:  ⨯ upstream image response failed for https://dl.harfhesab.com/package-game-icon/2026/6/23/1782177015815_icon.png 404
2026-09-09T00:43:45:  ⨯ upstream image response failed for https://dl.harfhesab.com/package-game-icon/2026/8/23/1787445315077_icon.png 404
2026-09-09T00:43:45:  ⨯ upstream image response failed for https://dl.harfhesab.com/package-game-icon/2026/6/28/1782601847822_icon.png 404
2026-09-09T00:43:46:  ⨯ upstream image response failed for https://dl.harfhesab.com/package-game-icon/2026/9/3/1788472872127_icon.png 404
2026-09-09T00:43:46:  ⨯ upstream image response failed for https://dl.harfhesab.com/package-game-icon/2026/8/22/1787443039229_on-1.png 404
2026-09-09T00:43:46:  ⨯ upstream image response failed for https://dl.harfhesab.com/package-game-season/2026/6/24/1782249277422_se-2.png 404
2026-09-09T00:43:46:  ⨯ upstream image response failed for https://dl.harfhesab.com/package-game-season/2026/6/24/1782249524015_se-3.png 404
2026-09-09T00:43:46:  ⨯ upstream image response failed for https://dl.harfhesab.com/package-game-season/2026/6/24/1782248879350_se-1.png 404
2026-09-09T00:43:49:  ⨯ upstream image response failed for https://dl.harfhesab.com/package-game-season/2026/9/5/1788628695169_se-2.png 404
2026-09-09T00:43:55:  ⨯ upstream image response failed for https://dl.harfhesab.com/package-game-season/2026/5/18/1779096449593_se-1.png 404
2026-09-09T00:43:55:  ⨯ upstream image response failed for https://dl.harfhesab.com/package-game-season/2026/5/15/1778799502772_se-1.png 404
2026-09-09T00:43:55:  ⨯ upstream image response failed for https://dl.harfhesab.com/package-game-icon/2026/5/18/1779095719841_icon.png 404
2026-09-09T00:43:56:  ⨯ upstream image response failed for https://dl.harfhesab.com/package-game-season/2026/5/15/1778834086759_se-3.png 404
2026-09-09T00:43:56:  ⨯ upstream image response failed for https://dl.harfhesab.com/package-game-icon/2026/5/15/1778798659271_icon.png 404
2026-09-09T00:43:56:  ⨯ upstream image response failed for https://dl.harfhesab.com/package-game-season/2026/5/15/1778833292531_se-2.png 404
2026-09-09T00:43:56:  ⨯ upstream image response failed for https://dl.harfhesab.com/package-game-season/2026/5/18/1779097592819_se-3.png 404
2026-09-09T00:43:56:  ⨯ upstream image response failed for https://dl.harfhesab.com/package-game-season/2026/5/18/1779097039936_se-2.png 404
2026-09-09T00:43:57:  ⨯ upstream image response failed for https://dl.harfhesab.com/package-game-season/2026/6/24/1782248879350_se-1.png 404
2026-09-09T00:43:57:  ⨯ upstream image response failed for https://dl.harfhesab.com/package-game-icon/2026/9/3/1788472872127_icon.png 404
2026-09-09T00:43:57:  ⨯ upstream image response failed for https://dl.harfhesab.com/package-game-icon/2026/6/23/1782177015815_icon.png 404
2026-09-09T00:43:57:  ⨯ upstream image response failed for https://dl.harfhesab.com/package-game-season/2026/6/24/1782249277422_se-2.png 404
2026-09-09T00:43:57:  ⨯ upstream image response failed for https://dl.harfhesab.com/package-game-icon/2026/6/28/1782601847822_icon.png 404
2026-09-09T00:43:57:  ⨯ upstream image response failed for https://dl.harfhesab.com/package-game-season/2026/6/24/1782249524015_se-3.png 404
2026-09-09T00:43:57:  ⨯ upstream image response failed for https://dl.harfhesab.com/package-game-icon/2026/8/23/1787445315077_icon.png 404
2026-09-09T00:43:57:  ⨯ upstream image response failed for https://dl.harfhesab.com/package-game-icon/2026/5/15/1778798659271_icon.png 404
2026-09-09T00:43:57:  ⨯ upstream image response failed for https://dl.harfhesab.com/package-game-icon/2026/5/18/1779095719841_icon.png 404
2026-09-09T00:43:57:  ⨯ upstream image response failed for https://dl.harfhesab.com/package-game-icon/2026/8/22/1787443039229_on-1.png 404
2026-09-09T00:44:01:  ⨯ upstream image response failed for https://dl.harfhesab.com/package-game-season/2026/9/5/1788628695169_se-2.png 404
2026-09-09T00:47:49:  ⨯ upstream image response failed for https://dl.harfhesab.com/package-game-icon/2026/5/15/1778798659271_icon.png 404
2026-09-09T00:47:49:  ⨯ upstream image response failed for https://dl.harfhesab.com/package-game-season/2026/5/18/1779096449593_se-1.png 404
2026-09-09T00:47:49:  ⨯ upstream image response failed for https://dl.harfhesab.com/package-game-season/2026/5/15/1778834086759_se-3.png 404
2026-09-09T00:47:49:  ⨯ upstream image response failed for https://dl.harfhesab.com/package-game-season/2026/5/15/1778833292531_se-2.png 404
2026-09-09T00:47:49:  ⨯ upstream image response failed for https://dl.harfhesab.com/package-game-season/2026/5/15/1778799502772_se-1.png 404
2026-09-09T00:47:49:  ⨯ upstream image response failed for https://dl.harfhesab.com/package-game-icon/2026/5/18/1779095719841_icon.png 404
2026-09-09T00:47:49:  ⨯ upstream image response failed for https://dl.harfhesab.com/package-game-season/2026/5/18/1779097039936_se-2.png 404
2026-09-09T00:47:49:  ⨯ upstream image response failed for https://dl.harfhesab.com/package-game-season/2026/5/18/1779097592819_se-3.png 404
2026-09-09T00:47:49:  ⨯ upstream image response failed for https://dl.harfhesab.com/package-game-season/2026/6/24/1782248879350_se-1.png 404
2026-09-09T00:47:49:  ⨯ upstream image response failed for https://dl.harfhesab.com/package-game-icon/2026/6/23/1782177015815_icon.png 404
2026-09-09T00:47:49:  ⨯ upstream image response failed for https://dl.harfhesab.com/package-game-season/2026/6/24/1782249277422_se-2.png 404
2026-09-09T00:47:49:  ⨯ upstream image response failed for https://dl.harfhesab.com/package-game-season/2026/6/24/1782249524015_se-3.png 404
2026-09-09T00:47:51:  ⨯ upstream image response failed for https://dl.harfhesab.com/package-game-icon/2026/6/28/1782601847822_icon.png 404
2026-09-09T00:47:51:  ⨯ upstream image response failed for https://dl.harfhesab.com/package-game-icon/2026/8/23/1787445315077_icon.png 404
2026-09-09T00:47:51:  ⨯ upstream image response failed for https://dl.harfhesab.com/package-game-icon/2026/9/3/1788472872127_icon.png 404
2026-09-09T00:47:51:  ⨯ upstream image response failed for https://dl.harfhesab.com/package-game-icon/2026/6/23/1782177015815_icon.png 404
2026-09-09T00:47:51:  ⨯ upstream image response failed for https://dl.harfhesab.com/package-game-icon/2026/8/22/1787443039229_on-1.png 404
2026-09-09T00:47:51:  ⨯ upstream image response failed for https://dl.harfhesab.com/package-game-icon/2026/5/18/1779095719841_icon.png 404
2026-09-09T00:47:51:  ⨯ upstream image response failed for https://dl.harfhesab.com/package-game-icon/2026/5/15/1778798659271_icon.png 404
2026-09-09T00:47:53:  ⨯ upstream image response failed for https://dl.harfhesab.com/package-game-season/2026/9/5/1788628695169_se-2.png 404
2026-09-09T00:48:20:  ⨯ upstream image response failed for https://dl.harfhesab.com/package-game-season/2026/5/15/1778799502772_se-1.png 404
2026-09-09T00:48:20:  ⨯ upstream image response failed for https://dl.harfhesab.com/package-game-icon/2026/5/18/1779095719841_icon.png 404
2026-09-09T00:48:20:  ⨯ upstream image response failed for https://dl.harfhesab.com/package-game-season/2026/5/18/1779096449593_se-1.png 404
2026-09-09T00:48:20:  ⨯ upstream image response failed for https://dl.harfhesab.com/package-game-season/2026/5/15/1778834086759_se-3.png 404
2026-09-09T00:48:20:  ⨯ upstream image response failed for https://dl.harfhesab.com/package-game-season/2026/5/15/1778833292531_se-2.png 404
2026-09-09T00:48:20:  ⨯ upstream image response failed for https://dl.harfhesab.com/package-game-icon/2026/5/15/1778798659271_icon.png 404
2026-09-09T00:48:20:  ⨯ upstream image response failed for https://dl.harfhesab.com/package-game-season/2026/5/18/1779097039936_se-2.png 404
2026-09-09T00:48:20:  ⨯ upstream image response failed for https://dl.harfhesab.com/package-game-season/2026/5/18/1779097592819_se-3.png 404
2026-09-09T00:48:20:  ⨯ upstream image response failed for https://dl.harfhesab.com/package-game-season/2026/6/24/1782248879350_se-1.png 404
2026-09-09T00:48:21:  ⨯ upstream image response failed for https://dl.harfhesab.com/package-game-icon/2026/6/23/1782177015815_icon.png 404
2026-09-09T00:48:21:  ⨯ upstream image response failed for https://dl.harfhesab.com/package-game-season/2026/6/24/1782249277422_se-2.png 404
2026-09-09T00:48:21:  ⨯ upstream image response failed for https://dl.harfhesab.com/package-game-season/2026/6/24/1782249524015_se-3.png 404
2026-09-09T00:48:23:  ⨯ upstream image response failed for https://dl.harfhesab.com/package-game-icon/2026/6/23/1782177015815_icon.png 404
2026-09-09T00:48:23:  ⨯ upstream image response failed for https://dl.harfhesab.com/package-game-icon/2026/6/28/1782601847822_icon.png 404
2026-09-09T00:48:24:  ⨯ upstream image response failed for https://dl.harfhesab.com/package-game-icon/2026/9/3/1788472872127_icon.png 404
2026-09-09T00:48:24:  ⨯ upstream image response failed for https://dl.harfhesab.com/package-game-icon/2026/8/22/1787443039229_on-1.png 404
2026-09-09T00:48:24:  ⨯ upstream image response failed for https://dl.harfhesab.com/package-game-icon/2026/8/23/1787445315077_icon.png 404
2026-09-09T00:48:24:  ⨯ upstream image response failed for https://dl.harfhesab.com/package-game-icon/2026/5/18/1779095719841_icon.png 404
2026-09-09T00:48:24:  ⨯ upstream image response failed for https://dl.harfhesab.com/package-game-icon/2026/5/15/1778798659271_icon.png 404
2026-09-09T00:48:26:  ⨯ upstream image response failed for https://dl.harfhesab.com/package-game-season/2026/9/5/1788628695169_se-2.png 404
2026-09-09T00:55:25:  ⨯ upstream image response failed for https://dl.harfhesab.com/package-game-season/2026/9/5/1788628695169_se-2.png 404
2026-09-09T00:55:42:  ⨯ upstream image response failed for https://dl.harfhesab.com/package-game-season/2026/5/18/1779096449593_se-1.png 404
2026-09-09T00:55:42:  ⨯ upstream image response failed for https://dl.harfhesab.com/package-game-season/2026/5/15/1778834086759_se-3.png 404
2026-09-09T00:55:42:  ⨯ upstream image response failed for https://dl.harfhesab.com/package-game-icon/2026/5/15/1778798659271_icon.png 404
2026-09-09T00:55:42:  ⨯ upstream image response failed for https://dl.harfhesab.com/package-game-season/2026/5/15/1778799502772_se-1.png 404
2026-09-09T00:55:42:  ⨯ upstream image response failed for https://dl.harfhesab.com/package-game-season/2026/5/15/1778833292531_se-2.png 404
2026-09-09T00:55:42:  ⨯ upstream image response failed for https://dl.harfhesab.com/package-game-season/2026/5/18/1779097592819_se-3.png 404
2026-09-09T00:55:42:  ⨯ upstream image response failed for https://dl.harfhesab.com/package-game-icon/2026/5/18/1779095719841_icon.png 404
2026-09-09T00:55:42:  ⨯ upstream image response failed for https://dl.harfhesab.com/package-game-season/2026/5/18/1779097039936_se-2.png 404
2026-09-09T00:55:42:  ⨯ upstream image response failed for https://dl.harfhesab.com/package-game-season/2026/6/24/1782248879350_se-1.png 404
2026-09-09T00:55:42:  ⨯ upstream image response failed for https://dl.harfhesab.com/package-game-icon/2026/6/23/1782177015815_icon.png 404
2026-09-09T00:55:42:  ⨯ upstream image response failed for https://dl.harfhesab.com/package-game-season/2026/6/24/1782249524015_se-3.png 404
2026-09-09T00:55:42:  ⨯ upstream image response failed for https://dl.harfhesab.com/package-game-season/2026/6/24/1782249277422_se-2.png 404
2026-09-09T00:55:44:  ⨯ upstream image response failed for https://dl.harfhesab.com/package-game-icon/2026/6/28/1782601847822_icon.png 404
2026-09-09T00:55:44:  ⨯ upstream image response failed for https://dl.harfhesab.com/package-game-icon/2026/6/23/1782177015815_icon.png 404
2026-09-09T00:55:44:  ⨯ upstream image response failed for https://dl.harfhesab.com/package-game-icon/2026/9/3/1788472872127_icon.png 404
2026-09-09T00:55:44:  ⨯ upstream image response failed for https://dl.harfhesab.com/package-game-icon/2026/8/22/1787443039229_on-1.png 404
2026-09-09T00:55:44:  ⨯ upstream image response failed for https://dl.harfhesab.com/package-game-icon/2026/8/23/1787445315077_icon.png 404
2026-09-09T00:55:44:  ⨯ upstream image response failed for https://dl.harfhesab.com/package-game-icon/2026/5/15/1778798659271_icon.png 404
2026-09-09T00:55:44:  ⨯ upstream image response failed for https://dl.harfhesab.com/package-game-icon/2026/5/18/1779095719841_icon.png 404
2026-09-09T00:56:06:  ⨯ upstream image response failed for https://dl.harfhesab.com/package-game-season/2026/5/15/1778799502772_se-1.png 404
2026-09-09T00:56:07:  ⨯ upstream image response failed for https://dl.harfhesab.com/package-game-season/2026/5/18/1779097592819_se-3.png 404
2026-09-09T00:56:07:  ⨯ upstream image response failed for https://dl.harfhesab.com/package-game-icon/2026/5/18/1779095719841_icon.png 404
2026-09-09T00:56:07:  ⨯ upstream image response failed for https://dl.harfhesab.com/package-game-icon/2026/5/15/1778798659271_icon.png 404
2026-09-09T00:56:07:  ⨯ upstream image response failed for https://dl.harfhesab.com/package-game-season/2026/5/15/1778834086759_se-3.png 404
2026-09-09T00:56:07:  ⨯ upstream image response failed for https://dl.harfhesab.com/package-game-season/2026/5/18/1779096449593_se-1.png 404
2026-09-09T00:56:07:  ⨯ upstream image response failed for https://dl.harfhesab.com/package-game-season/2026/5/15/1778833292531_se-2.png 404
2026-09-09T00:56:07:  ⨯ upstream image response failed for https://dl.harfhesab.com/package-game-season/2026/5/18/1779097039936_se-2.png 404
2026-09-09T00:56:07:  ⨯ upstream image response failed for https://dl.harfhesab.com/package-game-season/2026/6/24/1782248879350_se-1.png 404
2026-09-09T00:56:07:  ⨯ upstream image response failed for https://dl.harfhesab.com/package-game-icon/2026/6/23/1782177015815_icon.png 404
2026-09-09T00:56:07:  ⨯ upstream image response failed for https://dl.harfhesab.com/package-game-season/2026/6/24/1782249524015_se-3.png 404
2026-09-09T00:56:07:  ⨯ upstream image response failed for https://dl.harfhesab.com/package-game-season/2026/6/24/1782249277422_se-2.png 404
2026-09-09T00:56:08:  ⨯ upstream image response failed for https://dl.harfhesab.com/package-game-icon/2026/5/18/1779095719841_icon.png 404
2026-09-09T00:56:08:  ⨯ upstream image response failed for https://dl.harfhesab.com/package-game-icon/2026/6/28/1782601847822_icon.png 404
2026-09-09T00:56:08:  ⨯ upstream image response failed for https://dl.harfhesab.com/package-game-icon/2026/9/3/1788472872127_icon.png 404
2026-09-09T00:56:08:  ⨯ upstream image response failed for https://dl.harfhesab.com/package-game-icon/2026/8/22/1787443039229_on-1.png 404
2026-09-09T00:56:08:  ⨯ upstream image response failed for https://dl.harfhesab.com/package-game-icon/2026/6/23/1782177015815_icon.png 404
2026-09-09T00:56:08:  ⨯ upstream image response failed for https://dl.harfhesab.com/package-game-icon/2026/8/23/1787445315077_icon.png 404
2026-09-09T00:56:08:  ⨯ upstream image response failed for https://dl.harfhesab.com/package-game-icon/2026/5/15/1778798659271_icon.png 404
2026-09-09T00:56:21:  ⨯ upstream image response failed for https://dl.harfhesab.com/package-game-icon/2026/8/23/1787445315077_icon.png 404
2026-09-09T00:56:21:  ⨯ upstream image response failed for https://dl.harfhesab.com/package-game-banner/2026/9/3/1788472872157_nner.png 404
2026-09-09T00:56:21:  ⨯ upstream image response failed for https://dl.harfhesab.com/package-game-icon/2026/9/3/1788472872127_icon.png 404
2026-09-09T00:56:21:  ⨯ upstream image response failed for https://dl.harfhesab.com/package-game-banner/2026/8/16/1786896376637_er-1.png 404
2026-09-09T00:56:21:  ⨯ upstream image response failed for https://dl.harfhesab.com/package-game-icon/2026/6/23/1782177015815_icon.png 404
2026-09-09T00:56:21:  ⨯ upstream image response failed for https://dl.harfhesab.com/package-game-banner/2026/6/28/1782601849502_nner.png 404
2026-09-09T00:56:21:  ⨯ upstream image response failed for https://dl.harfhesab.com/package-game-icon/2026/6/28/1782601847822_icon.png 404
2026-09-09T00:56:21:  ⨯ upstream image response failed for https://dl.harfhesab.com/package-game-banner/2026/6/23/1782177016234_nner.png 404
2026-09-09T00:56:22:  ⨯ upstream image response failed for https://dl.harfhesab.com/package-game-banner/2026/8/23/1787445315106_nner.png 404
2026-09-09T00:56:22:  ⨯ upstream image response failed for https://dl.harfhesab.com/package-game-icon/2026/8/22/1787443039229_on-1.png 404
2026-09-09T00:56:22:  ⨯ upstream image response failed for https://dl.harfhesab.com/package-game-icon/2026/5/18/1779095719841_icon.png 404
2026-09-09T00:56:22:  ⨯ upstream image response failed for https://dl.harfhesab.com/package-game-banner/2026/5/18/1779095719866_nner.png 404
2026-09-09T00:56:22:  ⨯ upstream image response failed for https://dl.harfhesab.com/package-game-icon/2026/5/15/1778798659271_icon.png 404
2026-09-09T00:56:22:  ⨯ upstream image response failed for https://dl.harfhesab.com/package-game-banner/2026/5/15/1778798660901_nner.png 404
2026-09-09T01:00:10:  ⨯ upstream image response failed for https://dl.harfhesab.com/package-game-banner/2026/8/16/1786896376637_er-1.png 404
2026-09-09T01:00:10:  ⨯ upstream image response failed for https://dl.harfhesab.com/package-game-icon/2026/8/22/1787443039229_on-1.png 404
2026-09-09T01:00:10:  ⨯ upstream image response failed for https://dl.harfhesab.com/package-game-icon/2026/6/28/1782601847822_icon.png 404
2026-09-09T01:00:10:  ⨯ upstream image response failed for https://dl.harfhesab.com/package-game-icon/2026/9/3/1788472872127_icon.png 404
2026-09-09T01:00:10:  ⨯ upstream image response failed for https://dl.harfhesab.com/package-game-icon/2026/8/23/1787445315077_icon.png 404
2026-09-09T01:00:10:  ⨯ upstream image response failed for https://dl.harfhesab.com/package-game-banner/2026/9/3/1788472872157_nner.png 404
2026-09-09T01:00:10:  ⨯ upstream image response failed for https://dl.harfhesab.com/package-game-icon/2026/5/18/1779095719841_icon.png 404
2026-09-09T01:00:11:  ⨯ upstream image response failed for https://dl.harfhesab.com/package-game-banner/2026/5/18/1779095719866_nner.png 404
2026-09-09T01:00:10:  ⨯ upstream image response failed for https://dl.harfhesab.com/package-game-banner/2026/8/23/1787445315106_nner.png 404
2026-09-09T01:00:10:  ⨯ upstream image response failed for https://dl.harfhesab.com/package-game-banner/2026/6/28/1782601849502_nner.png 404
2026-09-09T01:00:10:  ⨯ upstream image response failed for https://dl.harfhesab.com/package-game-icon/2026/6/23/1782177015815_icon.png 404
2026-09-09T01:00:11:  ⨯ upstream image response failed for https://dl.harfhesab.com/package-game-banner/2026/6/23/1782177016234_nner.png 404
2026-09-09T01:00:11:  ⨯ upstream image response failed for https://dl.harfhesab.com/package-game-icon/2026/5/15/1778798659271_icon.png 404
2026-09-09T01:00:11:  ⨯ upstream image response failed for https://dl.harfhesab.com/package-game-banner/2026/5/15/1778798660901_nner.png 404
2026-09-09T01:00:12:  ⨯ upstream image response failed for https://dl.harfhesab.com/package-game-icon/2026/9/3/1788472872127_icon.png 404
2026-09-09T01:00:12:  ⨯ upstream image response failed for https://dl.harfhesab.com/package-game-banner/2026/9/3/1788472872157_nner.png 404
2026-09-09T01:01:16:  ⨯ upstream image response failed for https://dl.harfhesab.com/package-game-icon/2026/8/23/1787445315077_icon.png 404
2026-09-09T01:01:16:  ⨯ upstream image response failed for https://dl.harfhesab.com/package-game-icon/2026/6/23/1782177015815_icon.png 404
2026-09-09T01:01:16:  ⨯ upstream image response failed for https://dl.harfhesab.com/package-game-banner/2026/8/23/1787445315106_nner.png 404
2026-09-09T01:01:16:  ⨯ upstream image response failed for https://dl.harfhesab.com/package-game-icon/2026/6/28/1782601847822_icon.png 404
2026-09-09T01:01:16:  ⨯ upstream image response failed for https://dl.harfhesab.com/package-game-banner/2026/6/23/1782177016234_nner.png 404
2026-09-09T01:01:16:  ⨯ upstream image response failed for https://dl.harfhesab.com/package-game-banner/2026/6/28/1782601849502_nner.png 404
2026-09-09T01:01:16:  ⨯ upstream image response failed for https://dl.harfhesab.com/package-game-icon/2026/8/22/1787443039229_on-1.png 404
2026-09-09T01:01:16:  ⨯ upstream image response failed for https://dl.harfhesab.com/package-game-banner/2026/8/16/1786896376637_er-1.png 404
2026-09-09T01:01:16:  ⨯ upstream image response failed for https://dl.harfhesab.com/package-game-banner/2026/5/18/1779095719866_nner.png 404
2026-09-09T01:01:16:  ⨯ upstream image response failed for https://dl.harfhesab.com/package-game-icon/2026/5/18/1779095719841_icon.png 404
2026-09-09T01:01:16:  ⨯ upstream image response failed for https://dl.harfhesab.com/package-game-icon/2026/5/15/1778798659271_icon.png 404
2026-09-09T01:01:16:  ⨯ upstream image response failed for https://dl.harfhesab.com/package-game-banner/2026/5/15/1778798660901_nner.png 404
2026-09-09T01:02:14:  ⨯ upstream image response failed for https://dl.harfhesab.com/package-game-season/2026/5/18/1779096449593_se-1.png 404
2026-09-09T01:02:14:  ⨯ upstream image response failed for https://dl.harfhesab.com/package-game-icon/2026/5/18/1779095719841_icon.png 404
2026-09-09T01:02:14:  ⨯ upstream image response failed for https://dl.harfhesab.com/package-game-season/2026/5/15/1778834086759_se-3.png 404
2026-09-09T01:02:14:  ⨯ upstream image response failed for https://dl.harfhesab.com/package-game-season/2026/5/18/1779097592819_se-3.png 404
2026-09-09T01:02:14:  ⨯ upstream image response failed for https://dl.harfhesab.com/package-game-season/2026/5/18/1779097039936_se-2.png 404
2026-09-09T01:02:14:  ⨯ upstream image response failed for https://dl.harfhesab.com/package-game-season/2026/5/15/1778799502772_se-1.png 404
2026-09-09T01:02:14:  ⨯ upstream image response failed for https://dl.harfhesab.com/package-game-season/2026/5/15/1778833292531_se-2.png 404
2026-09-09T01:02:14:  ⨯ upstream image response failed for https://dl.harfhesab.com/package-game-season/2026/6/24/1782249524015_se-3.png 404
2026-09-09T01:02:14:  ⨯ upstream image response failed for https://dl.harfhesab.com/package-game-season/2026/6/24/1782249277422_se-2.png 404
2026-09-09T01:02:14:  ⨯ upstream image response failed for https://dl.harfhesab.com/package-game-icon/2026/5/15/1778798659271_icon.png 404
2026-09-09T01:02:14:  ⨯ upstream image response failed for https://dl.harfhesab.com/package-game-icon/2026/6/23/1782177015815_icon.png 404
2026-09-09T01:02:14:  ⨯ upstream image response failed for https://dl.harfhesab.com/package-game-season/2026/6/24/1782248879350_se-1.png 404
2026-09-09T01:02:15:  ⨯ upstream image response failed for https://dl.harfhesab.com/package-game-icon/2026/6/23/1782177015815_icon.png 404
2026-09-09T01:02:15:  ⨯ upstream image response failed for https://dl.harfhesab.com/package-game-icon/2026/5/18/1779095719841_icon.png 404
2026-09-09T01:02:15:  ⨯ upstream image response failed for https://dl.harfhesab.com/package-game-icon/2026/6/28/1782601847822_icon.png 404
2026-09-09T01:02:15:  ⨯ upstream image response failed for https://dl.harfhesab.com/package-game-icon/2026/8/22/1787443039229_on-1.png 404
2026-09-09T01:02:15:  ⨯ upstream image response failed for https://dl.harfhesab.com/package-game-icon/2026/8/23/1787445315077_icon.png 404
2026-09-09T01:02:15:  ⨯ upstream image response failed for https://dl.harfhesab.com/package-game-icon/2026/5/15/1778798659271_icon.png 404
2026-09-09T01:02:19:  ⨯ upstream image response failed for https://dl.harfhesab.com/package-game-season/2026/9/3/1788477191317_se-1.png 404
2026-09-09T01:02:19:  ⨯ upstream image response failed for https://dl.harfhesab.com/package-game-season/2026/9/3/1788477386739_se-2.png 404
2026-09-09T01:02:57:  ⨯ upstream image response failed for https://dl.harfhesab.com/package-game-season/2026/9/3/1788477191317_se-1.png 404
2026-09-09T01:03:26:  ⨯ upstream image response failed for https://dl.harfhesab.com/package-game-icon/2026/5/15/1778798659271_icon.png 404
2026-09-09T01:03:26:  ⨯ upstream image response failed for https://dl.harfhesab.com/package-game-season/2026/5/15/1778799502772_se-1.png 404
2026-09-09T01:03:26:  ⨯ upstream image response failed for https://dl.harfhesab.com/package-game-season/2026/5/15/1778834086759_se-3.png 404
2026-09-09T01:03:26:  ⨯ upstream image response failed for https://dl.harfhesab.com/package-game-icon/2026/5/18/1779095719841_icon.png 404
2026-09-09T01:03:26:  ⨯ upstream image response failed for https://dl.harfhesab.com/package-game-season/2026/5/15/1778833292531_se-2.png 404
2026-09-09T01:03:26:  ⨯ upstream image response failed for https://dl.harfhesab.com/package-game-season/2026/5/18/1779096449593_se-1.png 404
2026-09-09T01:03:26:  ⨯ upstream image response failed for https://dl.harfhesab.com/package-game-icon/2026/6/23/1782177015815_icon.png 404
2026-09-09T01:03:26:  ⨯ upstream image response failed for https://dl.harfhesab.com/package-game-season/2026/5/18/1779097592819_se-3.png 404
2026-09-09T01:03:27:  ⨯ upstream image response failed for https://dl.harfhesab.com/package-game-season/2026/5/18/1779097039936_se-2.png 404
2026-09-09T01:03:27:  ⨯ upstream image response failed for https://dl.harfhesab.com/package-game-season/2026/6/24/1782249277422_se-2.png 404
2026-09-09T01:03:27:  ⨯ upstream image response failed for https://dl.harfhesab.com/package-game-season/2026/6/24/1782249524015_se-3.png 404
2026-09-09T01:03:27:  ⨯ upstream image response failed for https://dl.harfhesab.com/package-game-season/2026/6/24/1782248879350_se-1.png 404
2026-09-09T01:03:29:  ⨯ upstream image response failed for https://dl.harfhesab.com/package-game-icon/2026/5/18/1779095719841_icon.png 404
2026-09-09T01:03:29:  ⨯ upstream image response failed for https://dl.harfhesab.com/package-game-icon/2026/6/23/1782177015815_icon.png 404
2026-09-09T01:03:29:  ⨯ upstream image response failed for https://dl.harfhesab.com/package-game-icon/2026/8/22/1787443039229_on-1.png 404
2026-09-09T01:03:29:  ⨯ upstream image response failed for https://dl.harfhesab.com/package-game-icon/2026/8/23/1787445315077_icon.png 404
2026-09-09T01:03:29:  ⨯ upstream image response failed for https://dl.harfhesab.com/package-game-icon/2026/6/28/1782601847822_icon.png 404
2026-09-09T01:03:29:  ⨯ upstream image response failed for https://dl.harfhesab.com/package-game-icon/2026/5/15/1778798659271_icon.png 404
2026-09-09T01:03:33:  ⨯ upstream image response failed for https://dl.harfhesab.com/package-game-season/2026/9/3/1788477386739_se-2.png 404
2026-09-09T01:03:38:  ⨯ upstream image response failed for https://dl.harfhesab.com/package-game-season/2026/9/3/1788477386739_se-2.png 404
2026-09-09T01:04:36:  ⨯ upstream image response failed for https://dl.harfhesab.com/package-game-season/2026/5/15/1778799502772_se-1.png 404
2026-09-09T01:04:36:  ⨯ upstream image response failed for https://dl.harfhesab.com/package-game-season/2026/5/18/1779097039936_se-2.png 404
2026-09-09T01:04:36:  ⨯ upstream image response failed for https://dl.harfhesab.com/package-game-season/2026/5/15/1778834086759_se-3.png 404
2026-09-09T01:04:36:  ⨯ upstream image response failed for https://dl.harfhesab.com/package-game-season/2026/5/15/1778833292531_se-2.png 404
2026-09-09T01:04:36:  ⨯ upstream image response failed for https://dl.harfhesab.com/package-game-season/2026/5/18/1779097592819_se-3.png 404
2026-09-09T01:04:36:  ⨯ upstream image response failed for https://dl.harfhesab.com/package-game-icon/2026/5/15/1778798659271_icon.png 404
2026-09-09T01:04:36:  ⨯ upstream image response failed for https://dl.harfhesab.com/package-game-season/2026/5/18/1779096449593_se-1.png 404
2026-09-09T01:04:36:  ⨯ upstream image response failed for https://dl.harfhesab.com/package-game-icon/2026/5/18/1779095719841_icon.png 404
2026-09-09T01:04:36:  ⨯ upstream image response failed for https://dl.harfhesab.com/package-game-season/2026/6/24/1782248879350_se-1.png 404
2026-09-09T01:04:36:  ⨯ upstream image response failed for https://dl.harfhesab.com/package-game-icon/2026/6/23/1782177015815_icon.png 404
2026-09-09T01:04:36:  ⨯ upstream image response failed for https://dl.harfhesab.com/package-game-season/2026/6/24/1782249277422_se-2.png 404
2026-09-09T01:04:36:  ⨯ upstream image response failed for https://dl.harfhesab.com/package-game-season/2026/6/24/1782249524015_se-3.png 404
2026-09-09T01:04:38:  ⨯ upstream image response failed for https://dl.harfhesab.com/package-game-icon/2026/6/28/1782601847822_icon.png 404
2026-09-09T01:04:38:  ⨯ upstream image response failed for https://dl.harfhesab.com/package-game-icon/2026/8/23/1787445315077_icon.png 404
2026-09-09T01:04:38:  ⨯ upstream image response failed for https://dl.harfhesab.com/package-game-icon/2026/6/23/1782177015815_icon.png 404
2026-09-09T01:04:38:  ⨯ upstream image response failed for https://dl.harfhesab.com/package-game-icon/2026/5/18/1779095719841_icon.png 404
2026-09-09T01:04:38:  ⨯ upstream image response failed for https://dl.harfhesab.com/package-game-icon/2026/8/22/1787443039229_on-1.png 404
2026-09-09T01:04:38:  ⨯ upstream image response failed for https://dl.harfhesab.com/package-game-icon/2026/5/15/1778798659271_icon.png 404
2026-09-09T01:05:08:  ⨯ upstream image response failed for https://dl.harfhesab.com/package-game-banner/2026/8/16/1786896376637_er-1.png 404
2026-09-09T01:05:08:  ⨯ upstream image response failed for https://dl.harfhesab.com/package-game-icon/2026/8/23/1787445315077_icon.png 404
2026-09-09T01:05:08:  ⨯ upstream image response failed for https://dl.harfhesab.com/package-game-banner/2026/8/23/1787445315106_nner.png 404
2026-09-09T01:05:08:  ⨯ upstream image response failed for https://dl.harfhesab.com/package-game-icon/2026/8/22/1787443039229_on-1.png 404
2026-09-09T01:05:08:  ⨯ upstream image response failed for https://dl.harfhesab.com/package-game-icon/2026/6/28/1782601847822_icon.png 404
2026-09-09T01:05:08:  ⨯ upstream image response failed for https://dl.harfhesab.com/package-game-icon/2026/6/23/1782177015815_icon.png 404
2026-09-09T01:05:08:  ⨯ upstream image response failed for https://dl.harfhesab.com/package-game-banner/2026/6/23/1782177016234_nner.png 404
2026-09-09T01:05:08:  ⨯ upstream image response failed for https://dl.harfhesab.com/package-game-banner/2026/6/28/1782601849502_nner.png 404
2026-09-09T01:05:08:  ⨯ upstream image response failed for https://dl.harfhesab.com/package-game-banner/2026/5/18/1779095719866_nner.png 404
2026-09-09T01:05:08:  ⨯ upstream image response failed for https://dl.harfhesab.com/package-game-icon/2026/5/18/1779095719841_icon.png 404
2026-09-09T01:05:08:  ⨯ upstream image response failed for https://dl.harfhesab.com/package-game-icon/2026/5/15/1778798659271_icon.png 404
2026-09-09T01:05:08:  ⨯ upstream image response failed for https://dl.harfhesab.com/package-game-banner/2026/5/15/1778798660901_nner.png 404
2026-09-09T01:13:33:  ⨯ upstream image response failed for https://dl.harfhesab.com/package-game-icon/2026/8/23/1787445315077_icon.png 404
2026-09-09T01:13:33:  ⨯ upstream image response failed for https://dl.harfhesab.com/package-game-banner/2026/8/23/1787445315106_nner.png 404
2026-09-09T01:14:13:  ⨯ upstream image response failed for https://dl.harfhesab.com/package-game-icon/2026/8/22/1787443039229_on-1.png 404
2026-09-09T01:14:14:  ⨯ upstream image response failed for https://dl.harfhesab.com/package-game-icon/2026/5/18/1779095719841_icon.png 404
2026-09-09T01:14:15:  ⨯ upstream image response failed for https://dl.harfhesab.com/package-game-banner/2026/5/18/1779095719866_nner.png 404
2026-09-09T01:14:15:  ⨯ upstream image response failed for https://dl.harfhesab.com/package-game-icon/2026/6/28/1782601847822_icon.png 404
2026-09-09T01:14:15:  ⨯ upstream image response failed for https://dl.harfhesab.com/package-game-banner/2026/6/23/1782177016234_nner.png 404
2026-09-09T01:14:16:  ⨯ upstream image response failed for https://dl.harfhesab.com/package-game-banner/2026/6/28/1782601849502_nner.png 404
2026-09-09T01:14:16:  ⨯ upstream image response failed for https://dl.harfhesab.com/package-game-banner/2026/8/16/1786896376637_er-1.png 404
2026-09-09T01:14:16:  ⨯ upstream image response failed for https://dl.harfhesab.com/package-game-icon/2026/5/15/1778798659271_icon.png 404
2026-09-09T01:14:16:  ⨯ upstream image response failed for https://dl.harfhesab.com/package-game-icon/2026/6/23/1782177015815_icon.png 404
2026-09-09T01:14:17:  ⨯ upstream image response failed for https://dl.harfhesab.com/package-game-banner/2026/5/15/1778798660901_nner.png 404
2026-09-09T01:17:07:  ⨯ upstream image response failed for https://dl.harfhesab.com/package-game-icon/2026/8/22/1787443039229_on-1.png 404
2026-09-09T01:17:08:  ⨯ upstream image response failed for https://dl.harfhesab.com/package-game-banner/2026/6/28/1782601849502_nner.png 404
2026-09-09T01:17:08:  ⨯ upstream image response failed for https://dl.harfhesab.com/package-game-icon/2026/5/18/1779095719841_icon.png 404
2026-09-09T01:17:08:  ⨯ upstream image response failed for https://dl.harfhesab.com/package-game-banner/2026/6/23/1782177016234_nner.png 404
2026-09-09T01:17:08:  ⨯ upstream image response failed for https://dl.harfhesab.com/package-game-banner/2026/8/16/1786896376637_er-1.png 404
2026-09-09T01:17:08:  ⨯ upstream image response failed for https://dl.harfhesab.com/package-game-icon/2026/6/23/1782177015815_icon.png 404
2026-09-09T01:17:08:  ⨯ upstream image response failed for https://dl.harfhesab.com/package-game-banner/2026/5/15/1778798660901_nner.png 404
2026-09-09T01:17:08:  ⨯ upstream image response failed for https://dl.harfhesab.com/package-game-icon/2026/5/15/1778798659271_icon.png 404
2026-09-09T01:17:08:  ⨯ upstream image response failed for https://dl.harfhesab.com/package-game-banner/2026/5/18/1779095719866_nner.png 404
2026-09-09T01:17:08:  ⨯ upstream image response failed for https://dl.harfhesab.com/package-game-icon/2026/6/28/1782601847822_icon.png 404
2026-09-09T01:19:58:  ⨯ upstream image response failed for https://dl.harfhesab.com/package-game-icon/2026/6/28/1782601847822_icon.png 404
2026-09-09T01:19:58:  ⨯ upstream image response failed for https://dl.harfhesab.com/package-game-banner/2026/8/16/1786896376637_er-1.png 404
2026-09-09T01:19:58:  ⨯ upstream image response failed for https://dl.harfhesab.com/package-game-icon/2026/8/22/1787443039229_on-1.png 404
2026-09-09T01:19:58:  ⨯ upstream image response failed for https://dl.harfhesab.com/package-game-banner/2026/6/23/1782177016234_nner.png 404
2026-09-09T01:19:58:  ⨯ upstream image response failed for https://dl.harfhesab.com/package-game-banner/2026/6/28/1782601849502_nner.png 404
2026-09-09T01:19:58:  ⨯ upstream image response failed for https://dl.harfhesab.com/package-game-icon/2026/6/23/1782177015815_icon.png 404
2026-09-09T01:19:58:  ⨯ upstream image response failed for https://dl.harfhesab.com/package-game-icon/2026/5/18/1779095719841_icon.png 404
2026-09-09T01:19:58:  ⨯ upstream image response failed for https://dl.harfhesab.com/package-game-banner/2026/5/18/1779095719866_nner.png 404
2026-09-09T01:19:58:  ⨯ upstream image response failed for https://dl.harfhesab.com/package-game-icon/2026/5/15/1778798659271_icon.png 404
2026-09-09T01:19:58:  ⨯ upstream image response failed for https://dl.harfhesab.com/package-game-banner/2026/5/15/1778798660901_nner.png 404
2026-09-09T01:20:02:  ⨯ upstream image response failed for https://dl.harfhesab.com/package-game-icon/2026/5/15/1778798659271_icon.png 404
2026-09-09T01:20:02:  ⨯ upstream image response failed for https://dl.harfhesab.com/package-game-season/2026/5/15/1778834086759_se-3.png 404
2026-09-09T01:20:02:  ⨯ upstream image response failed for https://dl.harfhesab.com/package-game-season/2026/5/18/1779097039936_se-2.png 404
2026-09-09T01:20:02:  ⨯ upstream image response failed for https://dl.harfhesab.com/package-game-season/2026/5/18/1779097592819_se-3.png 404
2026-09-09T01:20:02:  ⨯ upstream image response failed for https://dl.harfhesab.com/package-game-season/2026/6/24/1782248879350_se-1.png 404
2026-09-09T01:20:02:  ⨯ upstream image response failed for https://dl.harfhesab.com/package-game-season/2026/5/15/1778833292531_se-2.png 404
2026-09-09T01:20:02:  ⨯ upstream image response failed for https://dl.harfhesab.com/package-game-icon/2026/6/23/1782177015815_icon.png 404
2026-09-09T01:20:02:  ⨯ upstream image response failed for https://dl.harfhesab.com/package-game-season/2026/5/18/1779096449593_se-1.png 404
2026-09-09T01:20:02:  ⨯ upstream image response failed for https://dl.harfhesab.com/package-game-icon/2026/5/18/1779095719841_icon.png 404
2026-09-09T01:20:02:  ⨯ upstream image response failed for https://dl.harfhesab.com/package-game-season/2026/5/15/1778799502772_se-1.png 404
2026-09-09T01:20:02:  ⨯ upstream image response failed for https://dl.harfhesab.com/package-game-season/2026/6/24/1782249524015_se-3.png 404
2026-09-09T01:20:03:  ⨯ upstream image response failed for https://dl.harfhesab.com/package-game-season/2026/6/24/1782249277422_se-2.png 404
2026-09-09T01:20:04:  ⨯ upstream image response failed for https://dl.harfhesab.com/package-game-icon/2026/6/28/1782601847822_icon.png 404
2026-09-09T01:20:04:  ⨯ upstream image response failed for https://dl.harfhesab.com/package-game-icon/2026/5/15/1778798659271_icon.png 404
2026-09-09T01:20:04:  ⨯ upstream image response failed for https://dl.harfhesab.com/package-game-icon/2026/8/22/1787443039229_on-1.png 404
2026-09-09T01:20:04:  ⨯ upstream image response failed for https://dl.harfhesab.com/package-game-icon/2026/6/23/1782177015815_icon.png 404
2026-09-09T01:20:04:  ⨯ upstream image response failed for https://dl.harfhesab.com/package-game-icon/2026/5/18/1779095719841_icon.png 404
2026-09-09T01:20:54:  ⨯ upstream image response failed for https://dl.harfhesab.com/package-game-icon/2026/8/22/1787443039229_on-1.png 404
2026-09-09T01:20:54:  ⨯ upstream image response failed for https://dl.harfhesab.com/package-game-banner/2026/8/16/1786896376637_er-1.png 404
2026-09-09T01:20:54:  ⨯ upstream image response failed for https://dl.harfhesab.com/package-game-banner/2026/6/28/1782601849502_nner.png 404
2026-09-09T01:20:54:  ⨯ upstream image response failed for https://dl.harfhesab.com/package-game-banner/2026/6/23/1782177016234_nner.png 404
2026-09-09T01:20:54:  ⨯ upstream image response failed for https://dl.harfhesab.com/package-game-icon/2026/5/18/1779095719841_icon.png 404
2026-09-09T01:20:54:  ⨯ upstream image response failed for https://dl.harfhesab.com/package-game-banner/2026/5/15/1778798660901_nner.png 404
2026-09-09T01:20:54:  ⨯ upstream image response failed for https://dl.harfhesab.com/package-game-banner/2026/5/18/1779095719866_nner.png 404
2026-09-09T01:20:54:  ⨯ upstream image response failed for https://dl.harfhesab.com/package-game-icon/2026/6/28/1782601847822_icon.png 404
2026-09-09T01:20:54:  ⨯ upstream image response failed for https://dl.harfhesab.com/package-game-icon/2026/5/15/1778798659271_icon.png 404
2026-09-09T01:20:54:  ⨯ upstream image response failed for https://dl.harfhesab.com/package-game-icon/2026/6/23/1782177015815_icon.png 404
2026-09-09T01:24:25:  ⨯ upstream image response failed for https://dl.harfhesab.com/package-game-banner/2026/8/16/1786896376637_er-1.png 404
2026-09-09T01:24:26:  ⨯ upstream image response failed for https://dl.harfhesab.com/package-game-icon/2026/8/22/1787443039229_on-1.png 404
2026-09-09T01:24:49:  ⨯ upstream image response failed for https://dl.harfhesab.com/package-game-banner/2026/8/16/1786896376637_er-1.png 404
2026-09-09T01:25:11:  ⨯ upstream image response failed for https://dl.harfhesab.com/package-game-banner/2026/6/28/1782601849502_nner.png 404
2026-09-09T01:25:11:  ⨯ upstream image response failed for https://dl.harfhesab.com/package-game-banner/2026/5/18/1779095719866_nner.png 404
2026-09-09T01:25:11:  ⨯ upstream image response failed for https://dl.harfhesab.com/package-game-icon/2026/6/23/1782177015815_icon.png 404
2026-09-09T01:25:12:  ⨯ upstream image response failed for https://dl.harfhesab.com/package-game-icon/2026/5/18/1779095719841_icon.png 404
2026-09-09T01:25:12:  ⨯ upstream image response failed for https://dl.harfhesab.com/package-game-banner/2026/6/23/1782177016234_nner.png 404
2026-09-09T01:25:12:  ⨯ upstream image response failed for https://dl.harfhesab.com/package-game-icon/2026/6/28/1782601847822_icon.png 404
2026-09-09T01:25:13:  ⨯ upstream image response failed for https://dl.harfhesab.com/package-game-banner/2026/5/15/1778798660901_nner.png 404
2026-09-09T01:25:13:  ⨯ upstream image response failed for https://dl.harfhesab.com/package-game-icon/2026/5/15/1778798659271_icon.png 404
2026-09-09T01:25:20:  ⨯ upstream image response failed for https://dl.harfhesab.com/package-game-season/2026/5/15/1778799502772_se-1.png 404
2026-09-09T01:25:20:  ⨯ upstream image response failed for https://dl.harfhesab.com/package-game-season/2026/5/18/1779097039936_se-2.png 404
2026-09-09T01:25:21:  ⨯ upstream image response failed for https://dl.harfhesab.com/package-game-icon/2026/5/18/1779095719841_icon.png 404
2026-09-09T01:25:21:  ⨯ upstream image response failed for https://dl.harfhesab.com/package-game-season/2026/5/15/1778833292531_se-2.png 404
2026-09-09T01:25:21:  ⨯ upstream image response failed for https://dl.harfhesab.com/package-game-icon/2026/5/15/1778798659271_icon.png 404
2026-09-09T01:25:21:  ⨯ upstream image response failed for https://dl.harfhesab.com/package-game-season/2026/5/15/1778834086759_se-3.png 404
2026-09-09T01:25:21:  ⨯ upstream image response failed for https://dl.harfhesab.com/package-game-season/2026/5/18/1779096449593_se-1.png 404
2026-09-09T01:25:21:  ⨯ upstream image response failed for https://dl.harfhesab.com/package-game-season/2026/5/18/1779097592819_se-3.png 404
2026-09-09T01:25:21:  ⨯ upstream image response failed for https://dl.harfhesab.com/package-game-icon/2026/6/23/1782177015815_icon.png 404
2026-09-09T01:25:21:  ⨯ upstream image response failed for https://dl.harfhesab.com/package-game-season/2026/6/24/1782248879350_se-1.png 404
2026-09-09T01:25:21:  ⨯ upstream image response failed for https://dl.harfhesab.com/package-game-season/2026/6/24/1782249277422_se-2.png 404
2026-09-09T01:25:21:  ⨯ upstream image response failed for https://dl.harfhesab.com/package-game-season/2026/6/24/1782249524015_se-3.png 404
2026-09-09T01:25:23:  ⨯ upstream image response failed for https://dl.harfhesab.com/package-game-icon/2026/5/18/1779095719841_icon.png 404
2026-09-09T01:25:23:  ⨯ upstream image response failed for https://dl.harfhesab.com/package-game-icon/2026/6/28/1782601847822_icon.png 404
2026-09-09T01:25:23:  ⨯ upstream image response failed for https://dl.harfhesab.com/package-game-icon/2026/6/23/1782177015815_icon.png 404
2026-09-09T01:25:23:  ⨯ upstream image response failed for https://dl.harfhesab.com/package-game-icon/2026/5/15/1778798659271_icon.png 404
2026-09-09T01:25:28:  ⨯ upstream image response failed for https://dl.harfhesab.com/package-game-season/2026/8/18/1787049026184_se-6.png 404
2026-09-09T01:25:28:  ⨯ upstream image response failed for https://dl.harfhesab.com/package-game-season/2026/8/17/1786964538900_se-1.png 404
2026-09-09T01:25:28:  ⨯ upstream image response failed for https://dl.harfhesab.com/package-game-season/2026/8/18/1787036635740_se-3.png 404
2026-09-09T01:25:28:  ⨯ upstream image response failed for https://dl.harfhesab.com/package-game-season/2026/8/18/1787036398685_se-2.png 404
2026-09-09T01:25:28:  ⨯ upstream image response failed for https://dl.harfhesab.com/package-game-season/2026/8/18/1787036789891_se-4.png 404
2026-09-09T01:25:28:  ⨯ upstream image response failed for https://dl.harfhesab.com/package-game-season/2026/8/18/1787041115419_se-5.png 404
2026-09-09T01:25:28:  ⨯ upstream image response failed for https://dl.harfhesab.com/package-game-season/2026/8/21/1787317202716_se-7.png 404
2026-09-09T01:25:28:  ⨯ upstream image response failed for https://dl.harfhesab.com/package-game-season/2026/8/21/1787318692470_se-8.png 404
2026-09-09T01:25:39:  ⨯ upstream image response failed for https://dl.harfhesab.com/package-game-season/2026/8/17/1786964538900_se-1.png 404
2026-09-09T01:26:16:  ⨯ upstream image response failed for https://dl.harfhesab.com/package-game-season/2026/5/15/1778799502772_se-1.png 404
2026-09-09T01:26:16:  ⨯ upstream image response failed for https://dl.harfhesab.com/package-game-season/2026/5/15/1778834086759_se-3.png 404
2026-09-09T01:26:16:  ⨯ upstream image response failed for https://dl.harfhesab.com/package-game-season/2026/5/18/1779096449593_se-1.png 404
2026-09-09T01:26:16:  ⨯ upstream image response failed for https://dl.harfhesab.com/package-game-season/2026/5/15/1778833292531_se-2.png 404
2026-09-09T01:26:16:  ⨯ upstream image response failed for https://dl.harfhesab.com/package-game-icon/2026/5/15/1778798659271_icon.png 404
2026-09-09T01:26:16:  ⨯ upstream image response failed for https://dl.harfhesab.com/package-game-season/2026/5/18/1779097592819_se-3.png 404
2026-09-09T01:26:16:  ⨯ upstream image response failed for https://dl.harfhesab.com/package-game-icon/2026/5/18/1779095719841_icon.png 404
2026-09-09T01:26:16:  ⨯ upstream image response failed for https://dl.harfhesab.com/package-game-season/2026/5/18/1779097039936_se-2.png 404
2026-09-09T01:26:16:  ⨯ upstream image response failed for https://dl.harfhesab.com/package-game-season/2026/6/24/1782248879350_se-1.png 404
2026-09-09T01:26:16:  ⨯ upstream image response failed for https://dl.harfhesab.com/package-game-icon/2026/6/23/1782177015815_icon.png 404
2026-09-09T01:26:16:  ⨯ upstream image response failed for https://dl.harfhesab.com/package-game-season/2026/6/24/1782249277422_se-2.png 404
2026-09-09T01:26:17:  ⨯ upstream image response failed for https://dl.harfhesab.com/package-game-season/2026/6/24/1782249524015_se-3.png 404
2026-09-09T01:26:17:  ⨯ upstream image response failed for https://dl.harfhesab.com/package-game-icon/2026/6/28/1782601847822_icon.png 404
2026-09-09T01:26:17:  ⨯ upstream image response failed for https://dl.harfhesab.com/package-game-icon/2026/6/23/1782177015815_icon.png 404
2026-09-09T01:26:17:  ⨯ upstream image response failed for https://dl.harfhesab.com/package-game-icon/2026/5/18/1779095719841_icon.png 404
2026-09-09T01:26:17:  ⨯ upstream image response failed for https://dl.harfhesab.com/package-game-icon/2026/5/15/1778798659271_icon.png 404
2026-09-09T01:26:20:  ⨯ upstream image response failed for https://dl.harfhesab.com/package-game-season/2026/8/18/1787036398685_se-2.png 404
2026-09-09T01:26:20:  ⨯ upstream image response failed for https://dl.harfhesab.com/package-game-season/2026/8/18/1787036635740_se-3.png 404
2026-09-09T01:26:20:  ⨯ upstream image response failed for https://dl.harfhesab.com/package-game-season/2026/8/18/1787036789891_se-4.png 404
2026-09-09T01:26:20:  ⨯ upstream image response failed for https://dl.harfhesab.com/package-game-season/2026/8/18/1787041115419_se-5.png 404
2026-09-09T01:26:20:  ⨯ upstream image response failed for https://dl.harfhesab.com/package-game-season/2026/8/18/1787049026184_se-6.png 404
2026-09-09T01:26:20:  ⨯ upstream image response failed for https://dl.harfhesab.com/package-game-season/2026/8/21/1787317202716_se-7.png 404
2026-09-09T01:26:20:  ⨯ upstream image response failed for https://dl.harfhesab.com/package-game-season/2026/8/21/1787318692470_se-8.png 404
2026-09-09T01:26:24:  ⨯ upstream image response failed for https://dl.harfhesab.com/package-game-season/2026/8/18/1787036398685_se-2.png 404
2026-09-09T01:26:50:  ⨯ upstream image response failed for https://dl.harfhesab.com/package-game-season/2026/5/15/1778833292531_se-2.png 404
2026-09-09T01:26:50:  ⨯ upstream image response failed for https://dl.harfhesab.com/package-game-season/2026/5/15/1778799502772_se-1.png 404
2026-09-09T01:26:50:  ⨯ upstream image response failed for https://dl.harfhesab.com/package-game-icon/2026/5/15/1778798659271_icon.png 404
2026-09-09T01:26:50:  ⨯ upstream image response failed for https://dl.harfhesab.com/package-game-icon/2026/5/18/1779095719841_icon.png 404
2026-09-09T01:26:50:  ⨯ upstream image response failed for https://dl.harfhesab.com/package-game-season/2026/5/18/1779096449593_se-1.png 404
2026-09-09T01:26:50:  ⨯ upstream image response failed for https://dl.harfhesab.com/package-game-season/2026/5/15/1778834086759_se-3.png 404
2026-09-09T01:26:50:  ⨯ upstream image response failed for https://dl.harfhesab.com/package-game-season/2026/5/18/1779097592819_se-3.png 404
2026-09-09T01:26:50:  ⨯ upstream image response failed for https://dl.harfhesab.com/package-game-icon/2026/6/23/1782177015815_icon.png 404
2026-09-09T01:26:50:  ⨯ upstream image response failed for https://dl.harfhesab.com/package-game-season/2026/6/24/1782248879350_se-1.png 404
2026-09-09T01:26:50:  ⨯ upstream image response failed for https://dl.harfhesab.com/package-game-season/2026/5/18/1779097039936_se-2.png 404
2026-09-09T01:26:50:  ⨯ upstream image response failed for https://dl.harfhesab.com/package-game-season/2026/6/24/1782249524015_se-3.png 404
2026-09-09T01:26:50:  ⨯ upstream image response failed for https://dl.harfhesab.com/package-game-season/2026/6/24/1782249277422_se-2.png 404
2026-09-09T01:26:56:  ⨯ upstream image response failed for https://dl.harfhesab.com/package-game-icon/2026/6/23/1782177015815_icon.png 404
2026-09-09T01:26:56:  ⨯ upstream image response failed for https://dl.harfhesab.com/package-game-icon/2026/6/28/1782601847822_icon.png 404
2026-09-09T01:26:56:  ⨯ upstream image response failed for https://dl.harfhesab.com/package-game-icon/2026/5/15/1778798659271_icon.png 404
2026-09-09T01:26:56:  ⨯ upstream image response failed for https://dl.harfhesab.com/package-game-icon/2026/5/18/1779095719841_icon.png 404
2026-09-09T01:26:59:  ⨯ upstream image response failed for https://dl.harfhesab.com/package-game-season/2026/8/18/1787036635740_se-3.png 404
2026-09-09T01:27:00:  ⨯ upstream image response failed for https://dl.harfhesab.com/package-game-season/2026/8/18/1787041115419_se-5.png 404
2026-09-09T01:27:00:  ⨯ upstream image response failed for https://dl.harfhesab.com/package-game-season/2026/8/18/1787049026184_se-6.png 404
2026-09-09T01:27:00:  ⨯ upstream image response failed for https://dl.harfhesab.com/package-game-season/2026/8/18/1787036789891_se-4.png 404
2026-09-09T01:27:00:  ⨯ upstream image response failed for https://dl.harfhesab.com/package-game-season/2026/8/21/1787318692470_se-8.png 404
2026-09-09T01:27:00:  ⨯ upstream image response failed for https://dl.harfhesab.com/package-game-season/2026/8/21/1787317202716_se-7.png 404
2026-09-09T01:27:10:  ⨯ upstream image response failed for https://dl.harfhesab.com/package-game-icon/2026/5/18/1779095719841_icon.png 404
2026-09-09T01:27:10:  ⨯ upstream image response failed for https://dl.harfhesab.com/package-game-season/2026/5/15/1778799502772_se-1.png 404
2026-09-09T01:27:10:  ⨯ upstream image response failed for https://dl.harfhesab.com/package-game-season/2026/5/18/1779096449593_se-1.png 404
2026-09-09T01:27:10:  ⨯ upstream image response failed for https://dl.harfhesab.com/package-game-season/2026/5/15/1778833292531_se-2.png 404
2026-09-09T01:27:10:  ⨯ upstream image response failed for https://dl.harfhesab.com/package-game-season/2026/5/18/1779097039936_se-2.png 404
2026-09-09T01:27:10:  ⨯ upstream image response failed for https://dl.harfhesab.com/package-game-season/2026/5/15/1778834086759_se-3.png 404
2026-09-09T01:27:10:  ⨯ upstream image response failed for https://dl.harfhesab.com/package-game-icon/2026/5/15/1778798659271_icon.png 404
2026-09-09T01:27:10:  ⨯ upstream image response failed for https://dl.harfhesab.com/package-game-season/2026/6/24/1782248879350_se-1.png 404
2026-09-09T01:27:10:  ⨯ upstream image response failed for https://dl.harfhesab.com/package-game-season/2026/5/18/1779097592819_se-3.png 404
2026-09-09T01:27:11:  ⨯ upstream image response failed for https://dl.harfhesab.com/package-game-icon/2026/6/23/1782177015815_icon.png 404
2026-09-09T01:27:11:  ⨯ upstream image response failed for https://dl.harfhesab.com/package-game-season/2026/6/24/1782249277422_se-2.png 404
2026-09-09T01:27:11:  ⨯ upstream image response failed for https://dl.harfhesab.com/package-game-season/2026/6/24/1782249524015_se-3.png 404
2026-09-09T01:27:11:  ⨯ upstream image response failed for https://dl.harfhesab.com/package-game-icon/2026/6/28/1782601847822_icon.png 404
2026-09-09T01:27:11:  ⨯ upstream image response failed for https://dl.harfhesab.com/package-game-icon/2026/5/18/1779095719841_icon.png 404
2026-09-09T01:27:11:  ⨯ upstream image response failed for https://dl.harfhesab.com/package-game-icon/2026/6/23/1782177015815_icon.png 404
2026-09-09T01:27:11:  ⨯ upstream image response failed for https://dl.harfhesab.com/package-game-icon/2026/5/15/1778798659271_icon.png 404
2026-09-09T01:27:15:  ⨯ upstream image response failed for https://dl.harfhesab.com/package-game-season/2026/8/18/1787041115419_se-5.png 404
2026-09-09T01:27:15:  ⨯ upstream image response failed for https://dl.harfhesab.com/package-game-season/2026/8/18/1787036635740_se-3.png 404
2026-09-09T01:27:15:  ⨯ upstream image response failed for https://dl.harfhesab.com/package-game-season/2026/8/18/1787036789891_se-4.png 404
2026-09-09T01:27:15:  ⨯ upstream image response failed for https://dl.harfhesab.com/package-game-season/2026/8/18/1787049026184_se-6.png 404
2026-09-09T01:27:15:  ⨯ upstream image response failed for https://dl.harfhesab.com/package-game-season/2026/8/21/1787317202716_se-7.png 404
2026-09-09T01:27:15:  ⨯ upstream image response failed for https://dl.harfhesab.com/package-game-season/2026/8/21/1787318692470_se-8.png 404
2026-09-09T01:27:18:  ⨯ upstream image response failed for https://dl.harfhesab.com/package-game-season/2026/8/18/1787036635740_se-3.png 404
2026-09-09T01:27:43:  ⨯ upstream image response failed for https://dl.harfhesab.com/package-game-season/2026/5/15/1778799502772_se-1.png 404
2026-09-09T01:27:43:  ⨯ upstream image response failed for https://dl.harfhesab.com/package-game-season/2026/5/18/1779097592819_se-3.png 404
2026-09-09T01:27:43:  ⨯ upstream image response failed for https://dl.harfhesab.com/package-game-season/2026/5/18/1779097039936_se-2.png 404
2026-09-09T01:27:43:  ⨯ upstream image response failed for https://dl.harfhesab.com/package-game-season/2026/5/15/1778833292531_se-2.png 404
2026-09-09T01:27:43:  ⨯ upstream image response failed for https://dl.harfhesab.com/package-game-season/2026/5/15/1778834086759_se-3.png 404
2026-09-09T01:27:43:  ⨯ upstream image response failed for https://dl.harfhesab.com/package-game-icon/2026/5/18/1779095719841_icon.png 404
2026-09-09T01:27:43:  ⨯ upstream image response failed for https://dl.harfhesab.com/package-game-icon/2026/5/15/1778798659271_icon.png 404
2026-09-09T01:27:43:  ⨯ upstream image response failed for https://dl.harfhesab.com/package-game-season/2026/5/18/1779096449593_se-1.png 404
2026-09-09T01:27:44:  ⨯ upstream image response failed for https://dl.harfhesab.com/package-game-season/2026/6/24/1782249277422_se-2.png 404
2026-09-09T01:27:44:  ⨯ upstream image response failed for https://dl.harfhesab.com/package-game-icon/2026/6/23/1782177015815_icon.png 404
2026-09-09T01:27:44:  ⨯ upstream image response failed for https://dl.harfhesab.com/package-game-season/2026/6/24/1782249524015_se-3.png 404
2026-09-09T01:27:44:  ⨯ upstream image response failed for https://dl.harfhesab.com/package-game-season/2026/6/24/1782248879350_se-1.png 404
2026-09-09T01:27:45:  ⨯ upstream image response failed for https://dl.harfhesab.com/package-game-icon/2026/6/23/1782177015815_icon.png 404
2026-09-09T01:27:45:  ⨯ upstream image response failed for https://dl.harfhesab.com/package-game-icon/2026/5/18/1779095719841_icon.png 404
2026-09-09T01:27:45:  ⨯ upstream image response failed for https://dl.harfhesab.com/package-game-icon/2026/6/28/1782601847822_icon.png 404
2026-09-09T01:27:45:  ⨯ upstream image response failed for https://dl.harfhesab.com/package-game-icon/2026/5/15/1778798659271_icon.png 404
2026-09-09T01:27:48:  ⨯ upstream image response failed for https://dl.harfhesab.com/package-game-season/2026/8/18/1787049026184_se-6.png 404
2026-09-09T01:27:48:  ⨯ upstream image response failed for https://dl.harfhesab.com/package-game-season/2026/8/18/1787036789891_se-4.png 404
2026-09-09T01:27:48:  ⨯ upstream image response failed for https://dl.harfhesab.com/package-game-season/2026/8/18/1787041115419_se-5.png 404
2026-09-09T01:27:48:  ⨯ upstream image response failed for https://dl.harfhesab.com/package-game-season/2026/8/21/1787318692470_se-8.png 404
2026-09-09T01:27:48:  ⨯ upstream image response failed for https://dl.harfhesab.com/package-game-season/2026/8/21/1787317202716_se-7.png 404
2026-09-09T01:27:52:  ⨯ upstream image response failed for https://dl.harfhesab.com/package-game-season/2026/8/18/1787036789891_se-4.png 404
2026-09-09T01:29:00:  ⨯ upstream image response failed for https://dl.harfhesab.com/package-game-icon/2026/5/18/1779095719841_icon.png 404
2026-09-09T01:29:00:  ⨯ upstream image response failed for https://dl.harfhesab.com/package-game-season/2026/5/18/1779096449593_se-1.png 404
2026-09-09T01:29:00:  ⨯ upstream image response failed for https://dl.harfhesab.com/package-game-season/2026/5/15/1778833292531_se-2.png 404
2026-09-09T01:29:00:  ⨯ upstream image response failed for https://dl.harfhesab.com/package-game-icon/2026/5/15/1778798659271_icon.png 404
2026-09-09T01:29:00:  ⨯ upstream image response failed for https://dl.harfhesab.com/package-game-season/2026/5/18/1779097039936_se-2.png 404
2026-09-09T01:29:00:  ⨯ upstream image response failed for https://dl.harfhesab.com/package-game-season/2026/5/15/1778834086759_se-3.png 404
2026-09-09T01:29:00:  ⨯ upstream image response failed for https://dl.harfhesab.com/package-game-season/2026/5/18/1779097592819_se-3.png 404
2026-09-09T01:29:00:  ⨯ upstream image response failed for https://dl.harfhesab.com/package-game-season/2026/5/15/1778799502772_se-1.png 404
2026-09-09T01:29:00:  ⨯ upstream image response failed for https://dl.harfhesab.com/package-game-icon/2026/6/23/1782177015815_icon.png 404
2026-09-09T01:29:00:  ⨯ upstream image response failed for https://dl.harfhesab.com/package-game-season/2026/6/24/1782248879350_se-1.png 404
2026-09-09T01:29:00:  ⨯ upstream image response failed for https://dl.harfhesab.com/package-game-season/2026/6/24/1782249277422_se-2.png 404
2026-09-09T01:29:00:  ⨯ upstream image response failed for https://dl.harfhesab.com/package-game-season/2026/6/24/1782249524015_se-3.png 404
2026-09-09T01:29:02:  ⨯ upstream image response failed for https://dl.harfhesab.com/package-game-icon/2026/6/28/1782601847822_icon.png 404
2026-09-09T01:29:02:  ⨯ upstream image response failed for https://dl.harfhesab.com/package-game-icon/2026/6/23/1782177015815_icon.png 404
2026-09-09T01:29:03:  ⨯ upstream image response failed for https://dl.harfhesab.com/package-game-icon/2026/5/15/1778798659271_icon.png 404
2026-09-09T01:29:03:  ⨯ upstream image response failed for https://dl.harfhesab.com/package-game-icon/2026/5/18/1779095719841_icon.png 404
2026-09-09T01:29:05:  ⨯ upstream image response failed for https://dl.harfhesab.com/package-game-season/2026/8/18/1787049026184_se-6.png 404
2026-09-09T01:29:05:  ⨯ upstream image response failed for https://dl.harfhesab.com/package-game-season/2026/8/18/1787041115419_se-5.png 404
2026-09-09T01:29:05:  ⨯ upstream image response failed for https://dl.harfhesab.com/package-game-season/2026/8/21/1787318692470_se-8.png 404
2026-09-09T01:29:05:  ⨯ upstream image response failed for https://dl.harfhesab.com/package-game-season/2026/8/21/1787317202716_se-7.png 404
2026-09-09T01:29:17:  ⨯ upstream image response failed for https://dl.harfhesab.com/package-game-season/2026/8/18/1787041115419_se-5.png 404
2026-09-09T01:30:01:  ⨯ upstream image response failed for https://dl.harfhesab.com/package-game-season/2026/5/15/1778799502772_se-1.png 404
2026-09-09T01:30:01:  ⨯ upstream image response failed for https://dl.harfhesab.com/package-game-season/2026/5/18/1779097592819_se-3.png 404
2026-09-09T01:30:01:  ⨯ upstream image response failed for https://dl.harfhesab.com/package-game-season/2026/5/18/1779096449593_se-1.png 404
2026-09-09T01:30:01:  ⨯ upstream image response failed for https://dl.harfhesab.com/package-game-season/2026/5/18/1779097039936_se-2.png 404
2026-09-09T01:30:01:  ⨯ upstream image response failed for https://dl.harfhesab.com/package-game-icon/2026/5/18/1779095719841_icon.png 404
2026-09-09T01:30:01:  ⨯ upstream image response failed for https://dl.harfhesab.com/package-game-icon/2026/5/15/1778798659271_icon.png 404
2026-09-09T01:30:01:  ⨯ upstream image response failed for https://dl.harfhesab.com/package-game-season/2026/5/15/1778834086759_se-3.png 404
2026-09-09T01:30:01:  ⨯ upstream image response failed for https://dl.harfhesab.com/package-game-season/2026/5/15/1778833292531_se-2.png 404
2026-09-09T01:30:01:  ⨯ upstream image response failed for https://dl.harfhesab.com/package-game-icon/2026/6/23/1782177015815_icon.png 404
2026-09-09T01:30:01:  ⨯ upstream image response failed for https://dl.harfhesab.com/package-game-season/2026/6/24/1782248879350_se-1.png 404
2026-09-09T01:30:01:  ⨯ upstream image response failed for https://dl.harfhesab.com/package-game-season/2026/6/24/1782249277422_se-2.png 404
2026-09-09T01:30:01:  ⨯ upstream image response failed for https://dl.harfhesab.com/package-game-season/2026/6/24/1782249524015_se-3.png 404
2026-09-09T01:30:05:  ⨯ upstream image response failed for https://dl.harfhesab.com/package-game-icon/2026/6/28/1782601847822_icon.png 404
2026-09-09T01:30:05:  ⨯ upstream image response failed for https://dl.harfhesab.com/package-game-icon/2026/5/18/1779095719841_icon.png 404
2026-09-09T01:30:05:  ⨯ upstream image response failed for https://dl.harfhesab.com/package-game-icon/2026/6/23/1782177015815_icon.png 404
2026-09-09T01:30:05:  ⨯ upstream image response failed for https://dl.harfhesab.com/package-game-icon/2026/5/15/1778798659271_icon.png 404
2026-09-09T01:30:08:  ⨯ upstream image response failed for https://dl.harfhesab.com/package-game-season/2026/8/18/1787049026184_se-6.png 404
2026-09-09T01:30:08:  ⨯ upstream image response failed for https://dl.harfhesab.com/package-game-season/2026/8/21/1787318692470_se-8.png 404
2026-09-09T01:30:08:  ⨯ upstream image response failed for https://dl.harfhesab.com/package-game-season/2026/8/21/1787317202716_se-7.png 404
2026-09-09T01:30:24:  ⨯ upstream image response failed for https://dl.harfhesab.com/package-game-season/2026/8/18/1787049026184_se-6.png 404
2026-09-09T01:30:43:  ⨯ upstream image response failed for https://dl.harfhesab.com/package-game-season/2026/5/15/1778799502772_se-1.png 404
2026-09-09T01:30:43:  ⨯ upstream image response failed for https://dl.harfhesab.com/package-game-season/2026/5/18/1779097592819_se-3.png 404
2026-09-09T01:30:43:  ⨯ upstream image response failed for https://dl.harfhesab.com/package-game-season/2026/5/15/1778834086759_se-3.png 404
2026-09-09T01:30:43:  ⨯ upstream image response failed for https://dl.harfhesab.com/package-game-icon/2026/5/18/1779095719841_icon.png 404
2026-09-09T01:30:43:  ⨯ upstream image response failed for https://dl.harfhesab.com/package-game-season/2026/5/18/1779096449593_se-1.png 404
2026-09-09T01:30:43:  ⨯ upstream image response failed for https://dl.harfhesab.com/package-game-season/2026/5/15/1778833292531_se-2.png 404
2026-09-09T01:30:43:  ⨯ upstream image response failed for https://dl.harfhesab.com/package-game-icon/2026/5/15/1778798659271_icon.png 404
2026-09-09T01:30:43:  ⨯ upstream image response failed for https://dl.harfhesab.com/package-game-season/2026/5/18/1779097039936_se-2.png 404
2026-09-09T01:30:43:  ⨯ upstream image response failed for https://dl.harfhesab.com/package-game-season/2026/6/24/1782248879350_se-1.png 404
2026-09-09T01:30:43:  ⨯ upstream image response failed for https://dl.harfhesab.com/package-game-icon/2026/6/23/1782177015815_icon.png 404
2026-09-09T01:30:43:  ⨯ upstream image response failed for https://dl.harfhesab.com/package-game-season/2026/6/24/1782249524015_se-3.png 404
2026-09-09T01:30:43:  ⨯ upstream image response failed for https://dl.harfhesab.com/package-game-season/2026/6/24/1782249277422_se-2.png 404
2026-09-09T01:30:46:  ⨯ upstream image response failed for https://dl.harfhesab.com/package-game-icon/2026/6/23/1782177015815_icon.png 404
2026-09-09T01:30:46:  ⨯ upstream image response failed for https://dl.harfhesab.com/package-game-icon/2026/6/28/1782601847822_icon.png 404
2026-09-09T01:30:46:  ⨯ upstream image response failed for https://dl.harfhesab.com/package-game-icon/2026/5/15/1778798659271_icon.png 404
2026-09-09T01:30:46:  ⨯ upstream image response failed for https://dl.harfhesab.com/package-game-icon/2026/5/18/1779095719841_icon.png 404
2026-09-09T01:30:49:  ⨯ upstream image response failed for https://dl.harfhesab.com/package-game-season/2026/8/21/1787317202716_se-7.png 404
2026-09-09T01:30:49:  ⨯ upstream image response failed for https://dl.harfhesab.com/package-game-season/2026/8/21/1787318692470_se-8.png 404
2026-09-09T01:31:01:  ⨯ upstream image response failed for https://dl.harfhesab.com/package-game-season/2026/8/21/1787317202716_se-7.png 404
2026-09-09T01:31:34:  ⨯ upstream image response failed for https://dl.harfhesab.com/package-game-season/2026/5/15/1778799502772_se-1.png 404
2026-09-09T01:31:34:  ⨯ upstream image response failed for https://dl.harfhesab.com/package-game-season/2026/5/18/1779097039936_se-2.png 404
2026-09-09T01:31:34:  ⨯ upstream image response failed for https://dl.harfhesab.com/package-game-icon/2026/5/18/1779095719841_icon.png 404
2026-09-09T01:31:34:  ⨯ upstream image response failed for https://dl.harfhesab.com/package-game-season/2026/5/15/1778834086759_se-3.png 404
2026-09-09T01:31:34:  ⨯ upstream image response failed for https://dl.harfhesab.com/package-game-season/2026/5/15/1778833292531_se-2.png 404
2026-09-09T01:31:34:  ⨯ upstream image response failed for https://dl.harfhesab.com/package-game-icon/2026/5/15/1778798659271_icon.png 404
2026-09-09T01:31:34:  ⨯ upstream image response failed for https://dl.harfhesab.com/package-game-season/2026/5/18/1779096449593_se-1.png 404
2026-09-09T01:31:34:  ⨯ upstream image response failed for https://dl.harfhesab.com/package-game-season/2026/5/18/1779097592819_se-3.png 404
2026-09-09T01:31:35:  ⨯ upstream image response failed for https://dl.harfhesab.com/package-game-season/2026/6/24/1782248879350_se-1.png 404
2026-09-09T01:31:35:  ⨯ upstream image response failed for https://dl.harfhesab.com/package-game-icon/2026/6/23/1782177015815_icon.png 404
2026-09-09T01:31:35:  ⨯ upstream image response failed for https://dl.harfhesab.com/package-game-season/2026/6/24/1782249277422_se-2.png 404
2026-09-09T01:31:35:  ⨯ upstream image response failed for https://dl.harfhesab.com/package-game-season/2026/6/24/1782249524015_se-3.png 404
2026-09-09T01:31:41:  ⨯ upstream image response failed for https://dl.harfhesab.com/package-game-season/2026/8/21/1787318692470_se-8.png 404
2026-09-09T01:31:48:  ⨯ upstream image response failed for https://dl.harfhesab.com/package-game-season/2026/8/21/1787318692470_se-8.png 404
2026-09-09T01:32:20:  ⨯ upstream image response failed for https://dl.harfhesab.com/package-game-season/2026/5/15/1778799502772_se-1.png 404
2026-09-09T01:32:20:  ⨯ upstream image response failed for https://dl.harfhesab.com/package-game-season/2026/5/18/1779097592819_se-3.png 404
2026-09-09T01:32:20:  ⨯ upstream image response failed for https://dl.harfhesab.com/package-game-icon/2026/5/18/1779095719841_icon.png 404
2026-09-09T01:32:20:  ⨯ upstream image response failed for https://dl.harfhesab.com/package-game-season/2026/5/18/1779096449593_se-1.png 404
2026-09-09T01:32:20:  ⨯ upstream image response failed for https://dl.harfhesab.com/package-game-season/2026/5/18/1779097039936_se-2.png 404
2026-09-09T01:32:20:  ⨯ upstream image response failed for https://dl.harfhesab.com/package-game-icon/2026/5/15/1778798659271_icon.png 404
2026-09-09T01:32:20:  ⨯ upstream image response failed for https://dl.harfhesab.com/package-game-season/2026/5/15/1778833292531_se-2.png 404
2026-09-09T01:32:20:  ⨯ upstream image response failed for https://dl.harfhesab.com/package-game-season/2026/6/24/1782248879350_se-1.png 404
2026-09-09T01:32:20:  ⨯ upstream image response failed for https://dl.harfhesab.com/package-game-season/2026/5/15/1778834086759_se-3.png 404
2026-09-09T01:32:20:  ⨯ upstream image response failed for https://dl.harfhesab.com/package-game-icon/2026/6/23/1782177015815_icon.png 404
2026-09-09T01:32:20:  ⨯ upstream image response failed for https://dl.harfhesab.com/package-game-season/2026/6/24/1782249277422_se-2.png 404
2026-09-09T01:32:20:  ⨯ upstream image response failed for https://dl.harfhesab.com/package-game-season/2026/6/24/1782249524015_se-3.png 404
2026-09-09T01:32:22:  ⨯ upstream image response failed for https://dl.harfhesab.com/package-game-icon/2026/6/23/1782177015815_icon.png 404
2026-09-09T01:32:22:  ⨯ upstream image response failed for https://dl.harfhesab.com/package-game-icon/2026/6/28/1782601847822_icon.png 404
2026-09-09T01:32:22:  ⨯ upstream image response failed for https://dl.harfhesab.com/package-game-icon/2026/5/18/1779095719841_icon.png 404
2026-09-09T01:32:22:  ⨯ upstream image response failed for https://dl.harfhesab.com/package-game-icon/2026/5/15/1778798659271_icon.png 404
2026-09-09T01:32:46:  ⨯ upstream image response failed for https://dl.harfhesab.com/package-game-icon/2026/5/18/1779095719841_icon.png 404
2026-09-09T01:32:46:  ⨯ upstream image response failed for https://dl.harfhesab.com/package-game-banner/2026/6/28/1782601849502_nner.png 404
2026-09-09T01:32:46:  ⨯ upstream image response failed for https://dl.harfhesab.com/package-game-banner/2026/5/18/1779095719866_nner.png 404
2026-09-09T01:32:46:  ⨯ upstream image response failed for https://dl.harfhesab.com/package-game-icon/2026/6/23/1782177015815_icon.png 404
2026-09-09T01:32:46:  ⨯ upstream image response failed for https://dl.harfhesab.com/package-game-icon/2026/6/28/1782601847822_icon.png 404
2026-09-09T01:32:46:  ⨯ upstream image response failed for https://dl.harfhesab.com/package-game-banner/2026/6/23/1782177016234_nner.png 404
2026-09-09T01:32:47:  ⨯ upstream image response failed for https://dl.harfhesab.com/package-game-banner/2026/5/15/1778798660901_nner.png 404
2026-09-09T01:32:47:  ⨯ upstream image response failed for https://dl.harfhesab.com/package-game-icon/2026/5/15/1778798659271_icon.png 404
2026-09-09T01:52:34:  ⨯ upstream image response failed for https://dl.harfhesab.com/package-game-banner/2026/6/28/1782601849502_nner.png 404
2026-09-09T01:52:34:  ⨯ upstream image response failed for https://dl.harfhesab.com/package-game-icon/2026/6/28/1782601847822_icon.png 404
2026-09-09T01:53:08:  ⨯ upstream image response failed for https://dl.harfhesab.com/package-game-banner/2026/6/23/1782177016234_nner.png 404
2026-09-09T01:53:08:  ⨯ upstream image response failed for https://dl.harfhesab.com/package-game-icon/2026/6/23/1782177015815_icon.png 404
2026-09-09T01:53:08:  ⨯ upstream image response failed for https://dl.harfhesab.com/package-game-banner/2026/5/15/1778798660901_nner.png 404
2026-09-09T01:53:08:  ⨯ upstream image response failed for https://dl.harfhesab.com/package-game-icon/2026/5/15/1778798659271_icon.png 404
2026-09-09T01:53:08:  ⨯ upstream image response failed for https://dl.harfhesab.com/package-game-banner/2026/5/18/1779095719866_nner.png 404
2026-09-09T01:53:08:  ⨯ upstream image response failed for https://dl.harfhesab.com/package-game-icon/2026/5/18/1779095719841_icon.png 404
2026-09-09T02:02:39:  ⨯ upstream image response failed for https://dl.harfhesab.com/package-game-season/2026/5/18/1779096449593_se-1.png 404
2026-09-09T02:02:39:  ⨯ upstream image response failed for https://dl.harfhesab.com/package-game-season/2026/5/15/1778799502772_se-1.png 404
2026-09-09T02:02:39:  ⨯ upstream image response failed for https://dl.harfhesab.com/package-game-icon/2026/5/15/1778798659271_icon.png 404
2026-09-09T02:02:39:  ⨯ upstream image response failed for https://dl.harfhesab.com/package-game-season/2026/5/15/1778833292531_se-2.png 404
2026-09-09T02:02:39:  ⨯ upstream image response failed for https://dl.harfhesab.com/package-game-season/2026/5/15/1778834086759_se-3.png 404
2026-09-09T02:02:39:  ⨯ upstream image response failed for https://dl.harfhesab.com/package-game-season/2026/5/18/1779097039936_se-2.png 404
2026-09-09T02:02:39:  ⨯ upstream image response failed for https://dl.harfhesab.com/package-game-icon/2026/5/18/1779095719841_icon.png 404
2026-09-09T02:02:39:  ⨯ upstream image response failed for https://dl.harfhesab.com/package-game-season/2026/5/18/1779097592819_se-3.png 404
2026-09-09T02:02:39:  ⨯ upstream image response failed for https://dl.harfhesab.com/package-game-season/2026/6/24/1782249524015_se-3.png 404
2026-09-09T02:02:39:  ⨯ upstream image response failed for https://dl.harfhesab.com/package-game-season/2026/6/24/1782249277422_se-2.png 404
2026-09-09T02:02:39:  ⨯ upstream image response failed for https://dl.harfhesab.com/package-game-icon/2026/6/23/1782177015815_icon.png 404
2026-09-09T02:02:39:  ⨯ upstream image response failed for https://dl.harfhesab.com/package-game-season/2026/6/24/1782248879350_se-1.png 404
2026-09-09T02:02:40:  ⨯ upstream image response failed for https://dl.harfhesab.com/package-game-icon/2026/6/23/1782177015815_icon.png 404
2026-09-09T02:02:41:  ⨯ upstream image response failed for https://dl.harfhesab.com/package-game-icon/2026/5/15/1778798659271_icon.png 404
2026-09-09T02:02:41:  ⨯ upstream image response failed for https://dl.harfhesab.com/package-game-icon/2026/5/18/1779095719841_icon.png 404
2026-09-09T02:02:46:  ⨯ upstream image response failed for https://dl.harfhesab.com/package-game-icon/2026/6/28/1782601847822_icon.png 404
2026-09-09T02:02:46:  ⨯ upstream image response failed for https://dl.harfhesab.com/package-game-season/2026/6/28/1782603643684_se-1.png 404
2026-09-09T02:02:46:  ⨯ upstream image response failed for https://dl.harfhesab.com/package-game-season/2026/6/28/1782604060714_se-3.png 404
2026-09-09T02:02:46:  ⨯ upstream image response failed for https://dl.harfhesab.com/package-game-season/2026/6/28/1782604514775_se-5.png 404
2026-09-09T02:02:46:  ⨯ upstream image response failed for https://dl.harfhesab.com/package-game-season/2026/6/28/1782603899524_se-2.png 404
2026-09-09T02:02:46:  ⨯ upstream image response failed for https://dl.harfhesab.com/package-game-season/2026/6/28/1782604289318_se-4.png 404
2026-09-09T02:02:46:  ⨯ upstream image response failed for https://dl.harfhesab.com/package-game-season/2026/6/28/1782604641570_se-6.png 404
2026-09-09T02:02:51:  ⨯ upstream image response failed for https://dl.harfhesab.com/package-game-season/2026/6/28/1782603643684_se-1.png 404
2026-09-09T02:02:51:  ⨯ upstream image response failed for https://dl.harfhesab.com/package-game-icon/2026/6/28/1782601847822_icon.png 404
2026-09-09T02:03:10:  ⨯ upstream image response failed for https://dl.harfhesab.com/package-game-season/2026/5/15/1778799502772_se-1.png 404
2026-09-09T02:03:11:  ⨯ upstream image response failed for https://dl.harfhesab.com/package-game-season/2026/5/18/1779097592819_se-3.png 404
2026-09-09T02:03:11:  ⨯ upstream image response failed for https://dl.harfhesab.com/package-game-season/2026/5/18/1779096449593_se-1.png 404
2026-09-09T02:03:11:  ⨯ upstream image response failed for https://dl.harfhesab.com/package-game-season/2026/5/15/1778833292531_se-2.png 404
2026-09-09T02:03:11:  ⨯ upstream image response failed for https://dl.harfhesab.com/package-game-icon/2026/5/15/1778798659271_icon.png 404
2026-09-09T02:03:11:  ⨯ upstream image response failed for https://dl.harfhesab.com/package-game-season/2026/5/15/1778834086759_se-3.png 404
2026-09-09T02:03:11:  ⨯ upstream image response failed for https://dl.harfhesab.com/package-game-icon/2026/5/18/1779095719841_icon.png 404
2026-09-09T02:03:11:  ⨯ upstream image response failed for https://dl.harfhesab.com/package-game-season/2026/5/18/1779097039936_se-2.png 404
2026-09-09T02:03:11:  ⨯ upstream image response failed for https://dl.harfhesab.com/package-game-season/2026/6/24/1782248879350_se-1.png 404
2026-09-09T02:03:11:  ⨯ upstream image response failed for https://dl.harfhesab.com/package-game-season/2026/6/24/1782249277422_se-2.png 404
2026-09-09T02:03:11:  ⨯ upstream image response failed for https://dl.harfhesab.com/package-game-icon/2026/6/23/1782177015815_icon.png 404
2026-09-09T02:03:11:  ⨯ upstream image response failed for https://dl.harfhesab.com/package-game-season/2026/6/24/1782249524015_se-3.png 404
2026-09-09T02:03:12:  ⨯ upstream image response failed for https://dl.harfhesab.com/package-game-icon/2026/5/18/1779095719841_icon.png 404
2026-09-09T02:03:12:  ⨯ upstream image response failed for https://dl.harfhesab.com/package-game-icon/2026/6/23/1782177015815_icon.png 404
2026-09-09T02:03:12:  ⨯ upstream image response failed for https://dl.harfhesab.com/package-game-icon/2026/5/15/1778798659271_icon.png 404
2026-09-09T02:03:15:  ⨯ upstream image response failed for https://dl.harfhesab.com/package-game-icon/2026/6/28/1782601847822_icon.png 404
2026-09-09T02:03:15:  ⨯ upstream image response failed for https://dl.harfhesab.com/package-game-season/2026/6/28/1782604060714_se-3.png 404
2026-09-09T02:03:15:  ⨯ upstream image response failed for https://dl.harfhesab.com/package-game-season/2026/6/28/1782603899524_se-2.png 404
2026-09-09T02:03:16:  ⨯ upstream image response failed for https://dl.harfhesab.com/package-game-season/2026/6/28/1782604641570_se-6.png 404
2026-09-09T02:03:16:  ⨯ upstream image response failed for https://dl.harfhesab.com/package-game-season/2026/6/28/1782604289318_se-4.png 404
2026-09-09T02:03:16:  ⨯ upstream image response failed for https://dl.harfhesab.com/package-game-season/2026/6/28/1782604514775_se-5.png 404
2026-09-09T02:03:19:  ⨯ upstream image response failed for https://dl.harfhesab.com/package-game-icon/2026/6/28/1782601847822_icon.png 404
2026-09-09T02:03:19:  ⨯ upstream image response failed for https://dl.harfhesab.com/package-game-season/2026/6/28/1782603899524_se-2.png 404
2026-09-09T02:03:39:  ⨯ upstream image response failed for https://dl.harfhesab.com/package-game-season/2026/5/15/1778799502772_se-1.png 404
2026-09-09T02:03:39:  ⨯ upstream image response failed for https://dl.harfhesab.com/package-game-season/2026/5/18/1779097592819_se-3.png 404
2026-09-09T02:03:39:  ⨯ upstream image response failed for https://dl.harfhesab.com/package-game-season/2026/5/18/1779096449593_se-1.png 404
2026-09-09T02:03:39:  ⨯ upstream image response failed for https://dl.harfhesab.com/package-game-icon/2026/5/18/1779095719841_icon.png 404
2026-09-09T02:03:39:  ⨯ upstream image response failed for https://dl.harfhesab.com/package-game-icon/2026/5/15/1778798659271_icon.png 404
2026-09-09T02:03:39:  ⨯ upstream image response failed for https://dl.harfhesab.com/package-game-season/2026/5/15/1778833292531_se-2.png 404
2026-09-09T02:03:39:  ⨯ upstream image response failed for https://dl.harfhesab.com/package-game-season/2026/5/15/1778834086759_se-3.png 404
2026-09-09T02:03:39:  ⨯ upstream image response failed for https://dl.harfhesab.com/package-game-season/2026/6/24/1782248879350_se-1.png 404
2026-09-09T02:03:39:  ⨯ upstream image response failed for https://dl.harfhesab.com/package-game-season/2026/5/18/1779097039936_se-2.png 404
2026-09-09T02:03:39:  ⨯ upstream image response failed for https://dl.harfhesab.com/package-game-icon/2026/6/23/1782177015815_icon.png 404
2026-09-09T02:03:39:  ⨯ upstream image response failed for https://dl.harfhesab.com/package-game-season/2026/6/24/1782249277422_se-2.png 404
2026-09-09T02:03:39:  ⨯ upstream image response failed for https://dl.harfhesab.com/package-game-season/2026/6/24/1782249524015_se-3.png 404
2026-09-09T02:03:44:  ⨯ upstream image response failed for https://dl.harfhesab.com/package-game-icon/2026/6/23/1782177015815_icon.png 404
2026-09-09T02:03:44:  ⨯ upstream image response failed for https://dl.harfhesab.com/package-game-icon/2026/5/18/1779095719841_icon.png 404
2026-09-09T02:03:44:  ⨯ upstream image response failed for https://dl.harfhesab.com/package-game-icon/2026/5/15/1778798659271_icon.png 404
2026-09-09T02:03:47:  ⨯ upstream image response failed for https://dl.harfhesab.com/package-game-season/2026/6/28/1782604060714_se-3.png 404
2026-09-09T02:03:47:  ⨯ upstream image response failed for https://dl.harfhesab.com/package-game-icon/2026/6/28/1782601847822_icon.png 404
2026-09-09T02:03:47:  ⨯ upstream image response failed for https://dl.harfhesab.com/package-game-season/2026/6/28/1782604514775_se-5.png 404
2026-09-09T02:03:47:  ⨯ upstream image response failed for https://dl.harfhesab.com/package-game-season/2026/6/28/1782604289318_se-4.png 404
2026-09-09T02:03:47:  ⨯ upstream image response failed for https://dl.harfhesab.com/package-game-season/2026/6/28/1782604641570_se-6.png 404
2026-09-09T02:03:54:  ⨯ upstream image response failed for https://dl.harfhesab.com/package-game-season/2026/6/28/1782604060714_se-3.png 404
2026-09-09T02:03:54:  ⨯ upstream image response failed for https://dl.harfhesab.com/package-game-icon/2026/6/28/1782601847822_icon.png 404
2026-09-09T02:04:26:  ⨯ upstream image response failed for https://dl.harfhesab.com/package-game-season/2026/5/15/1778799502772_se-1.png 404
2026-09-09T02:04:26:  ⨯ upstream image response failed for https://dl.harfhesab.com/package-game-season/2026/5/18/1779097039936_se-2.png 404
2026-09-09T02:04:27:  ⨯ upstream image response failed for https://dl.harfhesab.com/package-game-icon/2026/5/15/1778798659271_icon.png 404
2026-09-09T02:04:27:  ⨯ upstream image response failed for https://dl.harfhesab.com/package-game-season/2026/5/15/1778833292531_se-2.png 404
2026-09-09T02:04:27:  ⨯ upstream image response failed for https://dl.harfhesab.com/package-game-season/2026/5/18/1779096449593_se-1.png 404
2026-09-09T02:04:27:  ⨯ upstream image response failed for https://dl.harfhesab.com/package-game-season/2026/5/18/1779097592819_se-3.png 404
2026-09-09T02:04:27:  ⨯ upstream image response failed for https://dl.harfhesab.com/package-game-icon/2026/5/18/1779095719841_icon.png 404
2026-09-09T02:04:27:  ⨯ upstream image response failed for https://dl.harfhesab.com/package-game-season/2026/5/15/1778834086759_se-3.png 404
2026-09-09T02:04:27:  ⨯ upstream image response failed for https://dl.harfhesab.com/package-game-season/2026/6/24/1782248879350_se-1.png 404
2026-09-09T02:04:27:  ⨯ upstream image response failed for https://dl.harfhesab.com/package-game-icon/2026/6/23/1782177015815_icon.png 404
2026-09-09T02:04:27:  ⨯ upstream image response failed for https://dl.harfhesab.com/package-game-season/2026/6/24/1782249277422_se-2.png 404
2026-09-09T02:04:27:  ⨯ upstream image response failed for https://dl.harfhesab.com/package-game-season/2026/6/24/1782249524015_se-3.png 404
2026-09-09T02:04:37:  ⨯ upstream image response failed for https://dl.harfhesab.com/package-game-icon/2026/5/18/1779095719841_icon.png 404
2026-09-09T02:04:37:  ⨯ upstream image response failed for https://dl.harfhesab.com/package-game-icon/2026/5/15/1778798659271_icon.png 404
2026-09-09T02:04:37:  ⨯ upstream image response failed for https://dl.harfhesab.com/package-game-icon/2026/6/23/1782177015815_icon.png 404
2026-09-09T02:04:42:  ⨯ upstream image response failed for https://dl.harfhesab.com/package-game-icon/2026/6/28/1782601847822_icon.png 404
2026-09-09T02:04:42:  ⨯ upstream image response failed for https://dl.harfhesab.com/package-game-season/2026/6/28/1782604289318_se-4.png 404
2026-09-09T02:04:42:  ⨯ upstream image response failed for https://dl.harfhesab.com/package-game-season/2026/6/28/1782604641570_se-6.png 404
2026-09-09T02:04:42:  ⨯ upstream image response failed for https://dl.harfhesab.com/package-game-season/2026/6/28/1782604514775_se-5.png 404
2026-09-09T02:04:47:  ⨯ upstream image response failed for https://dl.harfhesab.com/package-game-icon/2026/6/28/1782601847822_icon.png 404
2026-09-09T02:04:47:  ⨯ upstream image response failed for https://dl.harfhesab.com/package-game-season/2026/6/28/1782604289318_se-4.png 404
2026-09-09T02:05:13:  ⨯ upstream image response failed for https://dl.harfhesab.com/package-game-season/2026/5/15/1778799502772_se-1.png 404
2026-09-09T02:05:13:  ⨯ upstream image response failed for https://dl.harfhesab.com/package-game-season/2026/5/18/1779097592819_se-3.png 404
2026-09-09T02:05:13:  ⨯ upstream image response failed for https://dl.harfhesab.com/package-game-icon/2026/5/15/1778798659271_icon.png 404
2026-09-09T02:05:13:  ⨯ upstream image response failed for https://dl.harfhesab.com/package-game-season/2026/5/15/1778834086759_se-3.png 404
2026-09-09T02:05:13:  ⨯ upstream image response failed for https://dl.harfhesab.com/package-game-season/2026/5/18/1779097039936_se-2.png 404
2026-09-09T02:05:13:  ⨯ upstream image response failed for https://dl.harfhesab.com/package-game-season/2026/5/15/1778833292531_se-2.png 404
2026-09-09T02:05:13:  ⨯ upstream image response failed for https://dl.harfhesab.com/package-game-season/2026/6/24/1782248879350_se-1.png 404
2026-09-09T02:05:13:  ⨯ upstream image response failed for https://dl.harfhesab.com/package-game-season/2026/6/24/1782249277422_se-2.png 404
2026-09-09T02:05:13:  ⨯ upstream image response failed for https://dl.harfhesab.com/package-game-icon/2026/6/23/1782177015815_icon.png 404
2026-09-09T02:05:13:  ⨯ upstream image response failed for https://dl.harfhesab.com/package-game-season/2026/6/24/1782249524015_se-3.png 404
2026-09-09T02:05:13:  ⨯ upstream image response failed for https://dl.harfhesab.com/package-game-season/2026/5/18/1779096449593_se-1.png 404
2026-09-09T02:05:15:  ⨯ upstream image response failed for https://dl.harfhesab.com/package-game-icon/2026/5/18/1779095719841_icon.png 404
2026-09-09T02:05:15:  ⨯ upstream image response failed for https://dl.harfhesab.com/package-game-icon/2026/6/23/1782177015815_icon.png 404
2026-09-09T02:05:16:  ⨯ upstream image response failed for https://dl.harfhesab.com/package-game-icon/2026/5/18/1779095719841_icon.png 404
2026-09-09T02:05:16:  ⨯ upstream image response failed for https://dl.harfhesab.com/package-game-icon/2026/5/15/1778798659271_icon.png 404
2026-09-09T02:05:18:  ⨯ upstream image response failed for https://dl.harfhesab.com/package-game-icon/2026/6/28/1782601847822_icon.png 404
2026-09-09T02:05:18:  ⨯ upstream image response failed for https://dl.harfhesab.com/package-game-season/2026/6/28/1782604641570_se-6.png 404
2026-09-09T02:05:18:  ⨯ upstream image response failed for https://dl.harfhesab.com/package-game-season/2026/6/28/1782604514775_se-5.png 404
2026-09-09T02:05:33:  ⨯ upstream image response failed for https://dl.harfhesab.com/package-game-icon/2026/5/18/1779095719841_icon.png 404
2026-09-09T02:05:33:  ⨯ upstream image response failed for https://dl.harfhesab.com/package-game-icon/2026/6/23/1782177015815_icon.png 404
2026-09-09T02:05:33:  ⨯ upstream image response failed for https://dl.harfhesab.com/package-game-icon/2026/5/15/1778798659271_icon.png 404
2026-09-09T02:05:43:  ⨯ upstream image response failed for https://dl.harfhesab.com/package-game-icon/2026/5/18/1779095719841_icon.png 404
2026-09-09T02:05:43:  ⨯ upstream image response failed for https://dl.harfhesab.com/package-game-icon/2026/6/23/1782177015815_icon.png 404
2026-09-09T02:05:43:  ⨯ upstream image response failed for https://dl.harfhesab.com/package-game-icon/2026/5/15/1778798659271_icon.png 404
2026-09-09T02:05:46:  ⨯ upstream image response failed for https://dl.harfhesab.com/package-game-season/2026/6/28/1782604641570_se-6.png 404
2026-09-09T02:05:46:  ⨯ upstream image response failed for https://dl.harfhesab.com/package-game-season/2026/6/28/1782604514775_se-5.png 404
2026-09-09T02:05:46:  ⨯ upstream image response failed for https://dl.harfhesab.com/package-game-icon/2026/6/28/1782601847822_icon.png 404
2026-09-09T02:05:50:  ⨯ upstream image response failed for https://dl.harfhesab.com/package-game-icon/2026/6/23/1782177015815_icon.png 404
2026-09-09T02:05:50:  ⨯ upstream image response failed for https://dl.harfhesab.com/package-game-banner/2026/6/23/1782177016234_nner.png 404
2026-09-09T02:05:50:  ⨯ upstream image response failed for https://dl.harfhesab.com/package-game-icon/2026/5/18/1779095719841_icon.png 404
2026-09-09T02:05:50:  ⨯ upstream image response failed for https://dl.harfhesab.com/package-game-banner/2026/5/18/1779095719866_nner.png 404
2026-09-09T02:05:50:  ⨯ upstream image response failed for https://dl.harfhesab.com/package-game-icon/2026/5/15/1778798659271_icon.png 404
2026-09-09T02:05:51:  ⨯ upstream image response failed for https://dl.harfhesab.com/package-game-banner/2026/5/15/1778798660901_nner.png 404
2026-09-09T02:06:06:  ⨯ upstream image response failed for https://dl.harfhesab.com/package-game-season/2026/5/15/1778834086759_se-3.png 404
2026-09-09T02:06:06:  ⨯ upstream image response failed for https://dl.harfhesab.com/package-game-icon/2026/5/15/1778798659271_icon.png 404
2026-09-09T02:06:06:  ⨯ upstream image response failed for https://dl.harfhesab.com/package-game-season/2026/5/18/1779096449593_se-1.png 404
2026-09-09T02:06:06:  ⨯ upstream image response failed for https://dl.harfhesab.com/package-game-season/2026/5/15/1778833292531_se-2.png 404
2026-09-09T02:06:06:  ⨯ upstream image response failed for https://dl.harfhesab.com/package-game-icon/2026/5/18/1779095719841_icon.png 404
2026-09-09T02:06:06:  ⨯ upstream image response failed for https://dl.harfhesab.com/package-game-season/2026/5/15/1778799502772_se-1.png 404
2026-09-09T02:06:07:  ⨯ upstream image response failed for https://dl.harfhesab.com/package-game-season/2026/5/18/1779097039936_se-2.png 404
2026-09-09T02:06:07:  ⨯ upstream image response failed for https://dl.harfhesab.com/package-game-season/2026/5/18/1779097592819_se-3.png 404
2026-09-09T02:06:07:  ⨯ upstream image response failed for https://dl.harfhesab.com/package-game-icon/2026/6/23/1782177015815_icon.png 404
2026-09-09T02:06:07:  ⨯ upstream image response failed for https://dl.harfhesab.com/package-game-season/2026/6/24/1782249277422_se-2.png 404
2026-09-09T02:06:07:  ⨯ upstream image response failed for https://dl.harfhesab.com/package-game-season/2026/6/24/1782249524015_se-3.png 404
2026-09-09T02:06:07:  ⨯ upstream image response failed for https://dl.harfhesab.com/package-game-season/2026/6/24/1782248879350_se-1.png 404
2026-09-09T02:06:27:  ⨯ upstream image response failed for https://dl.harfhesab.com/package-game-icon/2026/5/18/1779095719841_icon.png 404
2026-09-09T02:06:27:  ⨯ upstream image response failed for https://dl.harfhesab.com/package-game-icon/2026/5/15/1778798659271_icon.png 404
2026-09-09T02:06:27:  ⨯ upstream image response failed for https://dl.harfhesab.com/package-game-icon/2026/6/23/1782177015815_icon.png 404
2026-09-09T02:06:31:  ⨯ upstream image response failed for https://dl.harfhesab.com/package-game-icon/2026/6/28/1782601847822_icon.png 404
2026-09-09T02:06:31:  ⨯ upstream image response failed for https://dl.harfhesab.com/package-game-season/2026/6/28/1782604514775_se-5.png 404
2026-09-09T02:06:31:  ⨯ upstream image response failed for https://dl.harfhesab.com/package-game-season/2026/6/28/1782604641570_se-6.png 404
2026-09-09T02:07:09:  ⨯ upstream image response failed for https://dl.harfhesab.com/package-game-season/2026/5/15/1778833292531_se-2.png 404
2026-09-09T02:07:09:  ⨯ upstream image response failed for https://dl.harfhesab.com/package-game-season/2026/5/15/1778834086759_se-3.png 404
2026-09-09T02:07:09:  ⨯ upstream image response failed for https://dl.harfhesab.com/package-game-season/2026/5/18/1779096449593_se-1.png 404
2026-09-09T02:07:09:  ⨯ upstream image response failed for https://dl.harfhesab.com/package-game-season/2026/5/18/1779097039936_se-2.png 404
2026-09-09T02:07:09:  ⨯ upstream image response failed for https://dl.harfhesab.com/package-game-icon/2026/5/18/1779095719841_icon.png 404
2026-09-09T02:07:09:  ⨯ upstream image response failed for https://dl.harfhesab.com/package-game-season/2026/5/18/1779097592819_se-3.png 404
2026-09-09T02:07:09:  ⨯ upstream image response failed for https://dl.harfhesab.com/package-game-icon/2026/5/15/1778798659271_icon.png 404
2026-09-09T02:07:09:  ⨯ upstream image response failed for https://dl.harfhesab.com/package-game-season/2026/5/15/1778799502772_se-1.png 404
2026-09-09T02:07:09:  ⨯ upstream image response failed for https://dl.harfhesab.com/package-game-season/2026/6/24/1782248879350_se-1.png 404
2026-09-09T02:07:09:  ⨯ upstream image response failed for https://dl.harfhesab.com/package-game-season/2026/6/24/1782249277422_se-2.png 404
2026-09-09T02:07:09:  ⨯ upstream image response failed for https://dl.harfhesab.com/package-game-icon/2026/6/23/1782177015815_icon.png 404
2026-09-09T02:07:09:  ⨯ upstream image response failed for https://dl.harfhesab.com/package-game-season/2026/6/24/1782249524015_se-3.png 404
2026-09-09T02:07:11:  ⨯ upstream image response failed for https://dl.harfhesab.com/package-game-icon/2026/6/23/1782177015815_icon.png 404
2026-09-09T02:07:11:  ⨯ upstream image response failed for https://dl.harfhesab.com/package-game-icon/2026/5/18/1779095719841_icon.png 404
2026-09-09T02:07:11:  ⨯ upstream image response failed for https://dl.harfhesab.com/package-game-icon/2026/5/15/1778798659271_icon.png 404
2026-09-09T02:07:16:  ⨯ upstream image response failed for https://dl.harfhesab.com/package-game-season/2026/6/28/1782604514775_se-5.png 404
2026-09-09T02:07:16:  ⨯ upstream image response failed for https://dl.harfhesab.com/package-game-season/2026/6/28/1782604641570_se-6.png 404
2026-09-09T02:07:52:  ⨯ upstream image response failed for https://dl.harfhesab.com/package-game-season/2026/6/28/1782604514775_se-5.png 404
2026-09-09T02:08:19:  ⨯ upstream image response failed for https://dl.harfhesab.com/package-game-season/2026/5/15/1778799502772_se-1.png 404
2026-09-09T02:08:19:  ⨯ upstream image response failed for https://dl.harfhesab.com/package-game-season/2026/5/18/1779097592819_se-3.png 404
2026-09-09T02:08:19:  ⨯ upstream image response failed for https://dl.harfhesab.com/package-game-season/2026/5/18/1779097039936_se-2.png 404
2026-09-09T02:08:19:  ⨯ upstream image response failed for https://dl.harfhesab.com/package-game-season/2026/5/15/1778834086759_se-3.png 404
2026-09-09T02:08:19:  ⨯ upstream image response failed for https://dl.harfhesab.com/package-game-icon/2026/5/15/1778798659271_icon.png 404
2026-09-09T02:08:19:  ⨯ upstream image response failed for https://dl.harfhesab.com/package-game-season/2026/5/15/1778833292531_se-2.png 404
2026-09-09T02:08:19:  ⨯ upstream image response failed for https://dl.harfhesab.com/package-game-icon/2026/5/18/1779095719841_icon.png 404
2026-09-09T02:08:19:  ⨯ upstream image response failed for https://dl.harfhesab.com/package-game-season/2026/6/24/1782248879350_se-1.png 404
2026-09-09T02:08:19:  ⨯ upstream image response failed for https://dl.harfhesab.com/package-game-icon/2026/6/23/1782177015815_icon.png 404
2026-09-09T02:08:20:  ⨯ upstream image response failed for https://dl.harfhesab.com/package-game-season/2026/5/18/1779096449593_se-1.png 404
2026-09-09T02:08:20:  ⨯ upstream image response failed for https://dl.harfhesab.com/package-game-season/2026/6/24/1782249277422_se-2.png 404
2026-09-09T02:08:20:  ⨯ upstream image response failed for https://dl.harfhesab.com/package-game-season/2026/6/24/1782249524015_se-3.png 404
2026-09-09T02:08:21:  ⨯ upstream image response failed for https://dl.harfhesab.com/package-game-icon/2026/6/23/1782177015815_icon.png 404
2026-09-09T02:08:21:  ⨯ upstream image response failed for https://dl.harfhesab.com/package-game-icon/2026/5/18/1779095719841_icon.png 404
2026-09-09T02:08:22:  ⨯ upstream image response failed for https://dl.harfhesab.com/package-game-icon/2026/5/15/1778798659271_icon.png 404
2026-09-09T02:08:24:  ⨯ upstream image response failed for https://dl.harfhesab.com/package-game-season/2026/6/28/1782604641570_se-6.png 404
2026-09-09T02:08:40:  ⨯ upstream image response failed for https://dl.harfhesab.com/package-game-season/2026/6/28/1782604641570_se-6.png 404
2026-09-09T02:09:03:  ⨯ upstream image response failed for https://dl.harfhesab.com/package-game-season/2026/5/15/1778799502772_se-1.png 404
2026-09-09T02:09:03:  ⨯ upstream image response failed for https://dl.harfhesab.com/package-game-season/2026/5/18/1779097039936_se-2.png 404
2026-09-09T02:09:03:  ⨯ upstream image response failed for https://dl.harfhesab.com/package-game-icon/2026/5/15/1778798659271_icon.png 404
2026-09-09T02:09:03:  ⨯ upstream image response failed for https://dl.harfhesab.com/package-game-season/2026/5/15/1778833292531_se-2.png 404
2026-09-09T02:09:03:  ⨯ upstream image response failed for https://dl.harfhesab.com/package-game-icon/2026/5/18/1779095719841_icon.png 404
2026-09-09T02:09:03:  ⨯ upstream image response failed for https://dl.harfhesab.com/package-game-season/2026/5/15/1778834086759_se-3.png 404
2026-09-09T02:09:03:  ⨯ upstream image response failed for https://dl.harfhesab.com/package-game-season/2026/5/18/1779096449593_se-1.png 404
2026-09-09T02:09:03:  ⨯ upstream image response failed for https://dl.harfhesab.com/package-game-season/2026/5/18/1779097592819_se-3.png 404
2026-09-09T02:09:03:  ⨯ upstream image response failed for https://dl.harfhesab.com/package-game-season/2026/6/24/1782248879350_se-1.png 404
2026-09-09T02:09:03:  ⨯ upstream image response failed for https://dl.harfhesab.com/package-game-icon/2026/6/23/1782177015815_icon.png 404
2026-09-09T02:09:04:  ⨯ upstream image response failed for https://dl.harfhesab.com/package-game-season/2026/6/24/1782249277422_se-2.png 404
2026-09-09T02:09:04:  ⨯ upstream image response failed for https://dl.harfhesab.com/package-game-season/2026/6/24/1782249524015_se-3.png 404
2026-09-09T02:09:23:  ⨯ upstream image response failed for https://dl.harfhesab.com/package-game-icon/2026/6/23/1782177015815_icon.png 404
2026-09-09T02:09:24:  ⨯ upstream image response failed for https://dl.harfhesab.com/package-game-banner/2026/6/23/1782177016234_nner.png 404
2026-09-09T02:09:24:  ⨯ upstream image response failed for https://dl.harfhesab.com/package-game-icon/2026/5/15/1778798659271_icon.png 404
2026-09-09T02:09:24:  ⨯ upstream image response failed for https://dl.harfhesab.com/package-game-banner/2026/5/18/1779095719866_nner.png 404
2026-09-09T02:09:24:  ⨯ upstream image response failed for https://dl.harfhesab.com/package-game-icon/2026/5/18/1779095719841_icon.png 404
2026-09-09T02:09:24:  ⨯ upstream image response failed for https://dl.harfhesab.com/package-game-banner/2026/5/15/1778798660901_nner.png 404
2026-09-09T02:16:00:  ⨯ upstream image response failed for https://dl.harfhesab.com/package-game-banner/2026/6/23/1782177016234_nner.png 404
2026-09-09T02:16:00:  ⨯ upstream image response failed for https://dl.harfhesab.com/package-game-icon/2026/6/23/1782177015815_icon.png 404
2026-09-09T02:16:32:  ⨯ upstream image response failed for https://dl.harfhesab.com/package-game-icon/2026/5/18/1779095719841_icon.png 404
2026-09-09T02:16:32:  ⨯ upstream image response failed for https://dl.harfhesab.com/package-game-banner/2026/5/15/1778798660901_nner.png 404
2026-09-09T02:16:32:  ⨯ upstream image response failed for https://dl.harfhesab.com/package-game-banner/2026/5/18/1779095719866_nner.png 404
2026-09-09T02:16:32:  ⨯ upstream image response failed for https://dl.harfhesab.com/package-game-icon/2026/5/15/1778798659271_icon.png 404
2026-09-09T02:16:47:  ⨯ upstream image response failed for https://dl.harfhesab.com/package-game-icon/2026/5/15/1778798659271_icon.png 404
2026-09-09T02:16:47:  ⨯ upstream image response failed for https://dl.harfhesab.com/package-game-season/2026/5/15/1778833292531_se-2.png 404
2026-09-09T02:16:47:  ⨯ upstream image response failed for https://dl.harfhesab.com/package-game-season/2026/5/15/1778799502772_se-1.png 404
2026-09-09T02:16:47:  ⨯ upstream image response failed for https://dl.harfhesab.com/package-game-season/2026/5/15/1778834086759_se-3.png 404
2026-09-09T02:16:47:  ⨯ upstream image response failed for https://dl.harfhesab.com/package-game-icon/2026/5/18/1779095719841_icon.png 404
2026-09-09T02:16:47:  ⨯ upstream image response failed for https://dl.harfhesab.com/package-game-season/2026/5/18/1779096449593_se-1.png 404
2026-09-09T02:16:47:  ⨯ upstream image response failed for https://dl.harfhesab.com/package-game-season/2026/5/18/1779097039936_se-2.png 404
2026-09-09T02:16:47:  ⨯ upstream image response failed for https://dl.harfhesab.com/package-game-season/2026/5/18/1779097592819_se-3.png 404
2026-09-09T02:16:47:  ⨯ upstream image response failed for https://dl.harfhesab.com/package-game-season/2026/6/24/1782248879350_se-1.png 404
2026-09-09T02:16:47:  ⨯ upstream image response failed for https://dl.harfhesab.com/package-game-season/2026/6/24/1782249277422_se-2.png 404
2026-09-09T02:16:47:  ⨯ upstream image response failed for https://dl.harfhesab.com/package-game-icon/2026/6/23/1782177015815_icon.png 404
2026-09-09T02:16:47:  ⨯ upstream image response failed for https://dl.harfhesab.com/package-game-season/2026/6/24/1782249524015_se-3.png 404
2026-09-09T02:16:49:  ⨯ upstream image response failed for https://dl.harfhesab.com/package-game-icon/2026/5/18/1779095719841_icon.png 404
2026-09-09T02:16:49:  ⨯ upstream image response failed for https://dl.harfhesab.com/package-game-icon/2026/5/15/1778798659271_icon.png 404
2026-09-09T02:16:52:  ⨯ upstream image response failed for https://dl.harfhesab.com/package-game-icon/2026/6/23/1782177015815_icon.png 404
2026-09-09T02:16:52:  ⨯ upstream image response failed for https://dl.harfhesab.com/package-game-season/2026/6/24/1782248879350_se-1.png 404
2026-09-09T02:16:53:  ⨯ upstream image response failed for https://dl.harfhesab.com/package-game-season/2026/6/24/1782249524015_se-3.png 404
2026-09-09T02:16:53:  ⨯ upstream image response failed for https://dl.harfhesab.com/package-game-season/2026/6/24/1782249277422_se-2.png 404
2026-09-09T02:17:26:  ⨯ upstream image response failed for https://dl.harfhesab.com/package-game-season/2026/6/24/1782248879350_se-1.png 404
2026-09-09T02:17:27:  ⨯ upstream image response failed for https://dl.harfhesab.com/package-game-icon/2026/6/23/1782177015815_icon.png 404
2026-09-09T02:17:43:  ⨯ upstream image response failed for https://dl.harfhesab.com/package-game-season/2026/5/15/1778799502772_se-1.png 404
2026-09-09T02:17:43:  ⨯ upstream image response failed for https://dl.harfhesab.com/package-game-season/2026/5/18/1779097039936_se-2.png 404
2026-09-09T02:17:43:  ⨯ upstream image response failed for https://dl.harfhesab.com/package-game-season/2026/5/18/1779096449593_se-1.png 404
2026-09-09T02:17:43:  ⨯ upstream image response failed for https://dl.harfhesab.com/package-game-icon/2026/5/18/1779095719841_icon.png 404
2026-09-09T02:17:43:  ⨯ upstream image response failed for https://dl.harfhesab.com/package-game-season/2026/5/15/1778834086759_se-3.png 404
2026-09-09T02:17:43:  ⨯ upstream image response failed for https://dl.harfhesab.com/package-game-season/2026/5/15/1778833292531_se-2.png 404
2026-09-09T02:17:43:  ⨯ upstream image response failed for https://dl.harfhesab.com/package-game-icon/2026/5/15/1778798659271_icon.png 404
2026-09-09T02:17:43:  ⨯ upstream image response failed for https://dl.harfhesab.com/package-game-season/2026/5/18/1779097592819_se-3.png 404
2026-09-09T02:17:43:  ⨯ upstream image response failed for https://dl.harfhesab.com/package-game-icon/2026/6/23/1782177015815_icon.png 404
2026-09-09T02:17:43:  ⨯ upstream image response failed for https://dl.harfhesab.com/package-game-season/2026/6/24/1782249277422_se-2.png 404
2026-09-09T02:17:43:  ⨯ upstream image response failed for https://dl.harfhesab.com/package-game-season/2026/6/24/1782249524015_se-3.png 404
2026-09-09T02:17:57:  ⨯ upstream image response failed for https://dl.harfhesab.com/package-game-icon/2026/5/18/1779095719841_icon.png 404
2026-09-09T02:17:58:  ⨯ upstream image response failed for https://dl.harfhesab.com/package-game-icon/2026/5/15/1778798659271_icon.png 404
2026-09-09T02:18:02:  ⨯ upstream image response failed for https://dl.harfhesab.com/package-game-season/2026/6/24/1782249524015_se-3.png 404
2026-09-09T02:18:02:  ⨯ upstream image response failed for https://dl.harfhesab.com/package-game-season/2026/6/24/1782249277422_se-2.png 404
2026-09-09T02:18:06:  ⨯ upstream image response failed for https://dl.harfhesab.com/package-game-season/2026/6/24/1782249277422_se-2.png 404
2026-09-09T02:18:25:  ⨯ upstream image response failed for https://dl.harfhesab.com/package-game-season/2026/5/15/1778799502772_se-1.png 404
2026-09-09T02:18:25:  ⨯ upstream image response failed for https://dl.harfhesab.com/package-game-season/2026/5/18/1779097592819_se-3.png 404
2026-09-09T02:18:25:  ⨯ upstream image response failed for https://dl.harfhesab.com/package-game-season/2026/5/15/1778833292531_se-2.png 404
2026-09-09T02:18:25:  ⨯ upstream image response failed for https://dl.harfhesab.com/package-game-icon/2026/5/18/1779095719841_icon.png 404
2026-09-09T02:18:25:  ⨯ upstream image response failed for https://dl.harfhesab.com/package-game-icon/2026/5/15/1778798659271_icon.png 404
2026-09-09T02:18:25:  ⨯ upstream image response failed for https://dl.harfhesab.com/package-game-season/2026/5/15/1778834086759_se-3.png 404
2026-09-09T02:18:25:  ⨯ upstream image response failed for https://dl.harfhesab.com/package-game-season/2026/5/18/1779096449593_se-1.png 404
2026-09-09T02:18:25:  ⨯ upstream image response failed for https://dl.harfhesab.com/package-game-season/2026/6/24/1782249524015_se-3.png 404
2026-09-09T02:18:25:  ⨯ upstream image response failed for https://dl.harfhesab.com/package-game-season/2026/5/18/1779097039936_se-2.png 404
2026-09-09T02:18:27:  ⨯ upstream image response failed for https://dl.harfhesab.com/package-game-icon/2026/5/18/1779095719841_icon.png 404
2026-09-09T02:18:27:  ⨯ upstream image response failed for https://dl.harfhesab.com/package-game-icon/2026/5/15/1778798659271_icon.png 404
2026-09-09T02:18:33:  ⨯ upstream image response failed for https://dl.harfhesab.com/package-game-season/2026/6/24/1782249524015_se-3.png 404
2026-09-09T02:18:39:  ⨯ upstream image response failed for https://dl.harfhesab.com/package-game-season/2026/6/24/1782249524015_se-3.png 404
2026-09-09T02:19:01:  ⨯ upstream image response failed for https://dl.harfhesab.com/package-game-season/2026/5/15/1778799502772_se-1.png 404
2026-09-09T02:19:01:  ⨯ upstream image response failed for https://dl.harfhesab.com/package-game-season/2026/5/18/1779097592819_se-3.png 404
2026-09-09T02:19:01:  ⨯ upstream image response failed for https://dl.harfhesab.com/package-game-season/2026/5/18/1779096449593_se-1.png 404
2026-09-09T02:19:01:  ⨯ upstream image response failed for https://dl.harfhesab.com/package-game-icon/2026/5/18/1779095719841_icon.png 404
2026-09-09T02:19:01:  ⨯ upstream image response failed for https://dl.harfhesab.com/package-game-season/2026/5/15/1778834086759_se-3.png 404
2026-09-09T02:19:01:  ⨯ upstream image response failed for https://dl.harfhesab.com/package-game-season/2026/5/15/1778833292531_se-2.png 404
2026-09-09T02:19:01:  ⨯ upstream image response failed for https://dl.harfhesab.com/package-game-icon/2026/5/15/1778798659271_icon.png 404
2026-09-09T02:19:01:  ⨯ upstream image response failed for https://dl.harfhesab.com/package-game-season/2026/5/18/1779097039936_se-2.png 404
2026-09-09T02:19:04:  ⨯ upstream image response failed for https://dl.harfhesab.com/package-game-icon/2026/5/18/1779095719841_icon.png 404
2026-09-09T02:19:04:  ⨯ upstream image response failed for https://dl.harfhesab.com/package-game-icon/2026/5/15/1778798659271_icon.png 404
2026-09-09T02:45:40:  ⨯ upstream image response failed for https://dl.harfhesab.com/package-game-icon/2026/5/18/1779095719841_icon.png 404
2026-09-09T02:45:40:  ⨯ upstream image response failed for https://dl.harfhesab.com/package-game-icon/2026/5/15/1778798659271_icon.png 404
2026-09-09T02:45:40:  ⨯ upstream image response failed for https://dl.harfhesab.com/package-game-banner/2026/5/18/1779095719866_nner.png 404
2026-09-09T02:45:40:  ⨯ upstream image response failed for https://dl.harfhesab.com/package-game-banner/2026/5/15/1778798660901_nner.png 404
2026-09-09T03:04:10:  ⨯ upstream image response failed for https://dl.harfhesab.com/package-game-icon/2026/5/18/1779095719841_icon.png 404
2026-09-09T03:04:10:  ⨯ upstream image response failed for https://dl.harfhesab.com/package-game-banner/2026/5/18/1779095719866_nner.png 404
2026-09-09T03:04:45:  ⨯ upstream image response failed for https://dl.harfhesab.com/package-game-icon/2026/5/15/1778798659271_icon.png 404
2026-09-09T03:04:45:  ⨯ upstream image response failed for https://dl.harfhesab.com/package-game-banner/2026/5/15/1778798660901_nner.png 404
2026-09-09T03:05:03:  ⨯ upstream image response failed for https://dl.harfhesab.com/package-game-season/2026/5/15/1778799502772_se-1.png 404
2026-09-09T03:05:03:  ⨯ upstream image response failed for https://dl.harfhesab.com/package-game-season/2026/5/18/1779096449593_se-1.png 404
2026-09-09T03:05:03:  ⨯ upstream image response failed for https://dl.harfhesab.com/package-game-icon/2026/5/15/1778798659271_icon.png 404
2026-09-09T03:05:04:  ⨯ upstream image response failed for https://dl.harfhesab.com/package-game-season/2026/5/15/1778833292531_se-2.png 404
2026-09-09T03:05:04:  ⨯ upstream image response failed for https://dl.harfhesab.com/package-game-season/2026/5/15/1778834086759_se-3.png 404
2026-09-09T03:05:04:  ⨯ upstream image response failed for https://dl.harfhesab.com/package-game-season/2026/5/18/1779097039936_se-2.png 404
2026-09-09T03:05:04:  ⨯ upstream image response failed for https://dl.harfhesab.com/package-game-season/2026/5/18/1779097592819_se-3.png 404
2026-09-09T03:05:11:  ⨯ upstream image response failed for https://dl.harfhesab.com/package-game-icon/2026/5/15/1778798659271_icon.png 404
2026-09-09T03:05:18:  ⨯ upstream image response failed for https://dl.harfhesab.com/package-game-season/2026/5/18/1779097039936_se-2.png 404
2026-09-09T03:05:18:  ⨯ upstream image response failed for https://dl.harfhesab.com/package-game-season/2026/5/18/1779097592819_se-3.png 404
2026-09-09T03:05:18:  ⨯ upstream image response failed for https://dl.harfhesab.com/package-game-season/2026/5/18/1779096449593_se-1.png 404
2026-09-09T03:05:25:  ⨯ upstream image response failed for https://dl.harfhesab.com/package-game-season/2026/5/18/1779096449593_se-1.png 404
2026-09-09T03:05:44:  ⨯ upstream image response failed for https://dl.harfhesab.com/package-game-season/2026/5/15/1778799502772_se-1.png 404
2026-09-09T03:05:45:  ⨯ upstream image response failed for https://dl.harfhesab.com/package-game-season/2026/5/18/1779097592819_se-3.png 404
2026-09-09T03:05:45:  ⨯ upstream image response failed for https://dl.harfhesab.com/package-game-icon/2026/5/15/1778798659271_icon.png 404
2026-09-09T03:05:45:  ⨯ upstream image response failed for https://dl.harfhesab.com/package-game-season/2026/5/18/1779097039936_se-2.png 404
2026-09-09T03:05:45:  ⨯ upstream image response failed for https://dl.harfhesab.com/package-game-season/2026/5/15/1778834086759_se-3.png 404
2026-09-09T03:05:45:  ⨯ upstream image response failed for https://dl.harfhesab.com/package-game-season/2026/5/15/1778833292531_se-2.png 404
2026-09-09T03:05:46:  ⨯ upstream image response failed for https://dl.harfhesab.com/package-game-icon/2026/5/15/1778798659271_icon.png 404
2026-09-09T03:05:53:  ⨯ upstream image response failed for https://dl.harfhesab.com/package-game-season/2026/5/18/1779097592819_se-3.png 404
2026-09-09T03:05:53:  ⨯ upstream image response failed for https://dl.harfhesab.com/package-game-season/2026/5/18/1779097039936_se-2.png 404
2026-09-09T03:06:00:  ⨯ upstream image response failed for https://dl.harfhesab.com/package-game-season/2026/5/18/1779097039936_se-2.png 404
2026-09-09T03:06:23:  ⨯ upstream image response failed for https://dl.harfhesab.com/package-game-season/2026/5/15/1778799502772_se-1.png 404
2026-09-09T03:06:23:  ⨯ upstream image response failed for https://dl.harfhesab.com/package-game-season/2026/5/18/1779097592819_se-3.png 404
2026-09-09T03:06:23:  ⨯ upstream image response failed for https://dl.harfhesab.com/package-game-season/2026/5/15/1778834086759_se-3.png 404
2026-09-09T03:06:23:  ⨯ upstream image response failed for https://dl.harfhesab.com/package-game-icon/2026/5/15/1778798659271_icon.png 404
2026-09-09T03:06:23:  ⨯ upstream image response failed for https://dl.harfhesab.com/package-game-season/2026/5/15/1778833292531_se-2.png 404
2026-09-09T03:06:38:  ⨯ upstream image response failed for https://dl.harfhesab.com/package-game-season/2026/5/18/1779097592819_se-3.png 404
2026-09-09T03:06:54:  ⨯ upstream image response failed for https://dl.harfhesab.com/package-game-season/2026/5/15/1778799502772_se-1.png 404
2026-09-09T03:06:54:  ⨯ upstream image response failed for https://dl.harfhesab.com/package-game-season/2026/5/15/1778833292531_se-2.png 404
2026-09-09T03:06:54:  ⨯ upstream image response failed for https://dl.harfhesab.com/package-game-icon/2026/5/15/1778798659271_icon.png 404
2026-09-09T03:06:54:  ⨯ upstream image response failed for https://dl.harfhesab.com/package-game-season/2026/5/15/1778834086759_se-3.png 404
2026-09-09T03:07:01:  ⨯ upstream image response failed for https://dl.harfhesab.com/package-game-icon/2026/5/15/1778798659271_icon.png 404
2026-09-09T03:07:01:  ⨯ upstream image response failed for https://dl.harfhesab.com/package-game-banner/2026/5/15/1778798660901_nner.png 404
2026-09-09T03:11:39:  ⨯ upstream image response failed for https://dl.harfhesab.com/package-game-banner/2026/5/15/1778798660901_nner.png 404
2026-09-09T03:11:39:  ⨯ upstream image response failed for https://dl.harfhesab.com/package-game-icon/2026/5/15/1778798659271_icon.png 404
2026-09-09T03:13:01:  ⨯ TypeError: fetch failed
    at node:internal/deps/undici/undici:13510:13
    at processTicksAndRejections (node:internal/process/task_queues:105:5)
    at runNextTicks (node:internal/process/task_queues:69:3)
    at processImmediate (node:internal/timers:453:9)
    at process.callbackTrampoline (node:internal/async_hooks:130:17)
    at fetchExternalImage (D:\project\web\admin-panel\node_modules\next\src\server\image-optimizer.ts:528:15)
    at NextNodeServer.imageOptimizer (D:\project\web\admin-panel\node_modules\next\src\server\next-server.ts:629:11)
    at cacheEntry.imageResponseCache.get.incrementalCache (D:\project\web\admin-panel\node_modules\next\src\server\next-server.ts:879:53)
    at D:\project\web\admin-panel\node_modules\next\src\server\response-cache\index.ts:115:30
    at D:\project\web\admin-panel\node_modules\next\src\lib\batcher.ts:78:24 {
  [cause]: ConnectTimeoutError: Connect Timeout Error (attempted address: dl.harfhesab.com:443, timeout: 10000ms)
      at onConnectTimeout (node:internal/deps/undici/undici:2602:28)
      at Immediate._onImmediate (node:internal/deps/undici/undici:2568:35)
      at processImmediate (node:internal/timers:485:21)
      at process.callbackTrampoline (node:internal/async_hooks:130:17) {
    code: 'UND_ERR_CONNECT_TIMEOUT'
  }
}
2026-09-09T03:13:01: TypeError: fetch failed
    at node:internal/deps/undici/undici:13510:13
    at processTicksAndRejections (node:internal/process/task_queues:105:5)
    at runNextTicks (node:internal/process/task_queues:69:3)
    at processImmediate (node:internal/timers:453:9)
    at process.callbackTrampoline (node:internal/async_hooks:130:17)
    at fetchExternalImage (D:\project\web\admin-panel\node_modules\next\src\server\image-optimizer.ts:528:15)
    at NextNodeServer.imageOptimizer (D:\project\web\admin-panel\node_modules\next\src\server\next-server.ts:629:11)
    at cacheEntry.imageResponseCache.get.incrementalCache (D:\project\web\admin-panel\node_modules\next\src\server\next-server.ts:879:53)
    at D:\project\web\admin-panel\node_modules\next\src\server\response-cache\index.ts:115:30
    at D:\project\web\admin-panel\node_modules\next\src\lib\batcher.ts:78:24 {
  [cause]: ConnectTimeoutError: Connect Timeout Error (attempted address: dl.harfhesab.com:443, timeout: 10000ms)
      at onConnectTimeout (node:internal/deps/undici/undici:2602:28)
      at Immediate._onImmediate (node:internal/deps/undici/undici:2568:35)
      at processImmediate (node:internal/timers:485:21)
      at process.callbackTrampoline (node:internal/async_hooks:130:17) {
    code: 'UND_ERR_CONNECT_TIMEOUT'
  }
}
2026-09-09T03:13:01: TypeError: fetch failed
    at node:internal/deps/undici/undici:13510:13
    at processTicksAndRejections (node:internal/process/task_queues:105:5)
    at runNextTicks (node:internal/process/task_queues:69:3)
    at processImmediate (node:internal/timers:453:9)
    at process.callbackTrampoline (node:internal/async_hooks:130:17)
    at fetchExternalImage (D:\project\web\admin-panel\node_modules\next\src\server\image-optimizer.ts:528:15)
    at NextNodeServer.imageOptimizer (D:\project\web\admin-panel\node_modules\next\src\server\next-server.ts:629:11)
    at cacheEntry.imageResponseCache.get.incrementalCache (D:\project\web\admin-panel\node_modules\next\src\server\next-server.ts:879:53)
    at D:\project\web\admin-panel\node_modules\next\src\server\response-cache\index.ts:115:30
    at D:\project\web\admin-panel\node_modules\next\src\lib\batcher.ts:78:24 {
  [cause]: ConnectTimeoutError: Connect Timeout Error (attempted address: dl.harfhesab.com:443, timeout: 10000ms)
      at onConnectTimeout (node:internal/deps/undici/undici:2602:28)
      at Immediate._onImmediate (node:internal/deps/undici/undici:2568:35)
      at processImmediate (node:internal/timers:485:21)
      at process.callbackTrampoline (node:internal/async_hooks:130:17) {
    code: 'UND_ERR_CONNECT_TIMEOUT'
  }
}
2026-09-09T03:13:01: TypeError: fetch failed
    at node:internal/deps/undici/undici:13510:13
    at processTicksAndRejections (node:internal/process/task_queues:105:5)
    at fetchExternalImage (D:\project\web\admin-panel\node_modules\next\src\server\image-optimizer.ts:528:15)
    at NextNodeServer.imageOptimizer (D:\project\web\admin-panel\node_modules\next\src\server\next-server.ts:629:11)
    at cacheEntry.imageResponseCache.get.incrementalCache (D:\project\web\admin-panel\node_modules\next\src\server\next-server.ts:879:53)
    at D:\project\web\admin-panel\node_modules\next\src\server\response-cache\index.ts:115:30
    at D:\project\web\admin-panel\node_modules\next\src\lib\batcher.ts:78:24 {
  [cause]: ConnectTimeoutError: Connect Timeout Error (attempted address: dl.harfhesab.com:443, timeout: 10000ms)
      at onConnectTimeout (node:internal/deps/undici/undici:2602:28)
      at Immediate._onImmediate (node:internal/deps/undici/undici:2568:35)
      at processImmediate (node:internal/timers:485:21)
      at process.callbackTrampoline (node:internal/async_hooks:130:17) {
    code: 'UND_ERR_CONNECT_TIMEOUT'
  }
}
2026-09-09T03:13:01: TypeError: fetch failed
    at node:internal/deps/undici/undici:13510:13
    at processTicksAndRejections (node:internal/process/task_queues:105:5)
    at runNextTicks (node:internal/process/task_queues:69:3)
    at processImmediate (node:internal/timers:453:9)
    at process.callbackTrampoline (node:internal/async_hooks:130:17)
    at fetchExternalImage (D:\project\web\admin-panel\node_modules\next\src\server\image-optimizer.ts:528:15)
    at NextNodeServer.imageOptimizer (D:\project\web\admin-panel\node_modules\next\src\server\next-server.ts:629:11)
    at cacheEntry.imageResponseCache.get.incrementalCache (D:\project\web\admin-panel\node_modules\next\src\server\next-server.ts:879:53)
    at D:\project\web\admin-panel\node_modules\next\src\server\response-cache\index.ts:115:30
    at D:\project\web\admin-panel\node_modules\next\src\lib\batcher.ts:78:24 {
  [cause]: ConnectTimeoutError: Connect Timeout Error (attempted address: dl.harfhesab.com:443, timeout: 10000ms)
      at onConnectTimeout (node:internal/deps/undici/undici:2602:28)
      at Immediate._onImmediate (node:internal/deps/undici/undici:2568:35)
      at processImmediate (node:internal/timers:485:21)
      at process.callbackTrampoline (node:internal/async_hooks:130:17) {
    code: 'UND_ERR_CONNECT_TIMEOUT'
  }
}
2026-09-09T03:13:01:  ⨯ TypeError: fetch failed
    at node:internal/deps/undici/undici:13510:13
    at processTicksAndRejections (node:internal/process/task_queues:105:5)
    at runNextTicks (node:internal/process/task_queues:69:3)
    at processImmediate (node:internal/timers:453:9)
    at process.callbackTrampoline (node:internal/async_hooks:130:17)
    at fetchExternalImage (D:\project\web\admin-panel\node_modules\next\src\server\image-optimizer.ts:528:15)
    at NextNodeServer.imageOptimizer (D:\project\web\admin-panel\node_modules\next\src\server\next-server.ts:629:11)
    at cacheEntry.imageResponseCache.get.incrementalCache (D:\project\web\admin-panel\node_modules\next\src\server\next-server.ts:879:53)
    at D:\project\web\admin-panel\node_modules\next\src\server\response-cache\index.ts:115:30
    at D:\project\web\admin-panel\node_modules\next\src\lib\batcher.ts:78:24 {
  [cause]: ConnectTimeoutError: Connect Timeout Error (attempted address: dl.harfhesab.com:443, timeout: 10000ms)
      at onConnectTimeout (node:internal/deps/undici/undici:2602:28)
      at Immediate._onImmediate (node:internal/deps/undici/undici:2568:35)
      at processImmediate (node:internal/timers:485:21)
      at process.callbackTrampoline (node:internal/async_hooks:130:17) {
    code: 'UND_ERR_CONNECT_TIMEOUT'
  }
}
2026-09-09T03:13:01:  ⨯ TypeError: fetch failed
    at node:internal/deps/undici/undici:13510:13
    at processTicksAndRejections (node:internal/process/task_queues:105:5)
    at fetchExternalImage (D:\project\web\admin-panel\node_modules\next\src\server\image-optimizer.ts:528:15)
    at NextNodeServer.imageOptimizer (D:\project\web\admin-panel\node_modules\next\src\server\next-server.ts:629:11)
    at cacheEntry.imageResponseCache.get.incrementalCache (D:\project\web\admin-panel\node_modules\next\src\server\next-server.ts:879:53)
    at D:\project\web\admin-panel\node_modules\next\src\server\response-cache\index.ts:115:30
    at D:\project\web\admin-panel\node_modules\next\src\lib\batcher.ts:78:24 {
  [cause]: ConnectTimeoutError: Connect Timeout Error (attempted address: dl.harfhesab.com:443, timeout: 10000ms)
      at onConnectTimeout (node:internal/deps/undici/undici:2602:28)
      at Immediate._onImmediate (node:internal/deps/undici/undici:2568:35)
      at processImmediate (node:internal/timers:485:21)
      at process.callbackTrampoline (node:internal/async_hooks:130:17) {
    code: 'UND_ERR_CONNECT_TIMEOUT'
  }
}
2026-09-09T03:13:01: TypeError: fetch failed
    at node:internal/deps/undici/undici:13510:13
    at processTicksAndRejections (node:internal/process/task_queues:105:5)
    at runNextTicks (node:internal/process/task_queues:69:3)
    at processImmediate (node:internal/timers:453:9)
    at process.callbackTrampoline (node:internal/async_hooks:130:17)
    at fetchExternalImage (D:\project\web\admin-panel\node_modules\next\src\server\image-optimizer.ts:528:15)
    at NextNodeServer.imageOptimizer (D:\project\web\admin-panel\node_modules\next\src\server\next-server.ts:629:11)
    at cacheEntry.imageResponseCache.get.incrementalCache (D:\project\web\admin-panel\node_modules\next\src\server\next-server.ts:879:53)
    at D:\project\web\admin-panel\node_modules\next\src\server\response-cache\index.ts:115:30
    at D:\project\web\admin-panel\node_modules\next\src\lib\batcher.ts:78:24 {
  [cause]: ConnectTimeoutError: Connect Timeout Error (attempted address: dl.harfhesab.com:443, timeout: 10000ms)
      at onConnectTimeout (node:internal/deps/undici/undici:2602:28)
      at Immediate._onImmediate (node:internal/deps/undici/undici:2568:35)
      at processImmediate (node:internal/timers:485:21)
      at process.callbackTrampoline (node:internal/async_hooks:130:17) {
    code: 'UND_ERR_CONNECT_TIMEOUT'
  }
}
2026-09-09T03:13:01: TypeError: fetch failed
    at node:internal/deps/undici/undici:13510:13
    at processTicksAndRejections (node:internal/process/task_queues:105:5)
    at runNextTicks (node:internal/process/task_queues:69:3)
    at processImmediate (node:internal/timers:453:9)
    at process.callbackTrampoline (node:internal/async_hooks:130:17)
    at fetchExternalImage (D:\project\web\admin-panel\node_modules\next\src\server\image-optimizer.ts:528:15)
    at NextNodeServer.imageOptimizer (D:\project\web\admin-panel\node_modules\next\src\server\next-server.ts:629:11)
    at cacheEntry.imageResponseCache.get.incrementalCache (D:\project\web\admin-panel\node_modules\next\src\server\next-server.ts:879:53)
    at D:\project\web\admin-panel\node_modules\next\src\server\response-cache\index.ts:115:30
    at D:\project\web\admin-panel\node_modules\next\src\lib\batcher.ts:78:24 {
  [cause]: ConnectTimeoutError: Connect Timeout Error (attempted address: dl.harfhesab.com:443, timeout: 10000ms)
      at onConnectTimeout (node:internal/deps/undici/undici:2602:28)
      at Immediate._onImmediate (node:internal/deps/undici/undici:2568:35)
      at processImmediate (node:internal/timers:485:21)
      at process.callbackTrampoline (node:internal/async_hooks:130:17) {
    code: 'UND_ERR_CONNECT_TIMEOUT'
  }
}
2026-09-09T03:13:18:  ⨯ upstream image response failed for https://dl.harfhesab.com/package-game-season/2026/5/15/1778833292531_se-2.png 404
2026-09-09T03:13:18:  ⨯ upstream image response failed for https://dl.harfhesab.com/package-game-season/2026/5/15/1778834086759_se-3.png 404
2026-09-09T03:13:20:  ⨯ upstream image response failed for https://dl.harfhesab.com/package-game-season/2026/5/15/1778833292531_se-2.png 404
2026-09-09T03:13:46:  ⨯ upstream image response failed for https://dl.harfhesab.com/package-game-season/2026/5/15/1778834086759_se-3.png 404
2026-09-09T03:53:28:  ⨯ upstream image response failed for https://dl.harfhesab.com/stage-game-season/2026/5/7/1778104556511_fa-4.png 404
2026-09-09T03:53:28:  ⨯ upstream image response failed for https://dl.harfhesab.com/stage-game-season/2026/4/29/1777465461769_fa-1.png 404
2026-09-09T03:53:28:  ⨯ upstream image response failed for https://dl.harfhesab.com/stage-game-season/2026/5/4/1777926255240_fa-3.png 404
2026-09-09T03:53:28:  ⨯ upstream image response failed for https://dl.harfhesab.com/stage-game-season/2026/5/2/1777743193397_fa-2.png 404
2026-09-09T03:53:28:  ⨯ upstream image response failed for https://dl.harfhesab.com/stage-game-season/2026/5/11/1778458891001_tr-2.png 404
2026-09-09T03:53:28:  ⨯ upstream image response failed for https://dl.harfhesab.com/stage-game-season/2026/5/10/1778363471227_tr-1.png 404
2026-09-09T04:54:22:  ⨯ upstream image response failed for https://dl.harfhesab.com/stage-game-season/2026/4/29/1777465461769_fa-1.png 404
2026-09-09T04:54:22:  ⨯ upstream image response failed for https://dl.harfhesab.com/stage-game-season/2026/5/2/1777743193397_fa-2.png 404
2026-09-09T04:54:22:  ⨯ upstream image response failed for https://dl.harfhesab.com/stage-game-season/2026/5/10/1778363471227_tr-1.png 404
2026-09-09T04:54:22:  ⨯ upstream image response failed for https://dl.harfhesab.com/stage-game-season/2026/5/4/1777926255240_fa-3.png 404
2026-09-09T04:54:22:  ⨯ upstream image response failed for https://dl.harfhesab.com/stage-game-season/2026/5/11/1778458891001_tr-2.png 404
2026-09-09T04:54:22:  ⨯ upstream image response failed for https://dl.harfhesab.com/stage-game-season/2026/5/7/1778104556511_fa-4.png 404
2026-09-09T04:54:29:  ⨯ upstream image response failed for https://dl.harfhesab.com/stage-game-season/2026/4/29/1777465461769_fa-1.png 404
2026-09-09T04:55:16:  ⨯ upstream image response failed for https://dl.harfhesab.com/stage-game-season/2026/5/2/1777743193397_fa-2.png 404
2026-09-09T04:55:16:  ⨯ upstream image response failed for https://dl.harfhesab.com/stage-game-season/2026/5/7/1778104556511_fa-4.png 404
2026-09-09T04:55:16:  ⨯ upstream image response failed for https://dl.harfhesab.com/stage-game-season/2026/5/10/1778363471227_tr-1.png 404
2026-09-09T04:55:16:  ⨯ upstream image response failed for https://dl.harfhesab.com/stage-game-season/2026/5/11/1778458891001_tr-2.png 404
2026-09-09T04:55:16:  ⨯ upstream image response failed for https://dl.harfhesab.com/stage-game-season/2026/5/4/1777926255240_fa-3.png 404
2026-09-09T04:55:19:  ⨯ upstream image response failed for https://dl.harfhesab.com/stage-game-season/2026/5/2/1777743193397_fa-2.png 404
2026-09-09T04:55:38:  ⨯ upstream image response failed for https://dl.harfhesab.com/stage-game-season/2026/5/4/1777926255240_fa-3.png 404
2026-09-09T04:55:38:  ⨯ upstream image response failed for https://dl.harfhesab.com/stage-game-season/2026/5/11/1778458891001_tr-2.png 404
2026-09-09T04:55:38:  ⨯ upstream image response failed for https://dl.harfhesab.com/stage-game-season/2026/5/10/1778363471227_tr-1.png 404
2026-09-09T04:55:38:  ⨯ upstream image response failed for https://dl.harfhesab.com/stage-game-season/2026/5/7/1778104556511_fa-4.png 404
2026-09-09T04:55:41:  ⨯ upstream image response failed for https://dl.harfhesab.com/stage-game-season/2026/5/4/1777926255240_fa-3.png 404
2026-09-09T04:55:58:  ⨯ upstream image response failed for https://dl.harfhesab.com/stage-game-season/2026/5/7/1778104556511_fa-4.png 404
2026-09-09T04:55:58:  ⨯ upstream image response failed for https://dl.harfhesab.com/stage-game-season/2026/5/10/1778363471227_tr-1.png 404
2026-09-09T04:55:58:  ⨯ upstream image response failed for https://dl.harfhesab.com/stage-game-season/2026/5/11/1778458891001_tr-2.png 404
2026-09-09T04:56:01:  ⨯ upstream image response failed for https://dl.harfhesab.com/stage-game-season/2026/5/7/1778104556511_fa-4.png 404
2026-09-09T04:56:18:  ⨯ upstream image response failed for https://dl.harfhesab.com/stage-game-season/2026/5/10/1778363471227_tr-1.png 404
2026-09-09T04:56:18:  ⨯ upstream image response failed for https://dl.harfhesab.com/stage-game-season/2026/5/11/1778458891001_tr-2.png 404
2026-09-09T04:56:26:  ⨯ upstream image response failed for https://dl.harfhesab.com/stage-game-season/2026/5/10/1778363471227_tr-1.png 404
2026-09-09T04:56:45:  ⨯ upstream image response failed for https://dl.harfhesab.com/stage-game-season/2026/5/11/1778458891001_tr-2.png 404
2026-09-09T04:56:51:  ⨯ upstream image response failed for https://dl.harfhesab.com/stage-game-season/2026/5/11/1778458891001_tr-2.png 404
2026-09-09T11:28:51:   ▲ Next.js 14.2.2
2026-09-09T11:28:51:   ▲ Next.js 14.2.2
2026-09-09T11:28:51:   ▲ Next.js 14.2.2
2026-09-09T11:28:51:   ▲ Next.js 14.2.2
2026-09-09T11:28:51:   ▲ Next.js 14.2.2
2026-09-09T11:28:51:   ▲ Next.js 14.2.2
2026-09-09T11:28:51:   ▲ Next.js 14.2.2
2026-09-09T11:28:51:   ▲ Next.js 14.2.2
2026-09-09T11:28:51:   - Local:        http://localhost:3000
2026-09-09T11:28:51: 
2026-09-09T11:28:51:  ✓ Starting...
2026-09-09T11:28:51:   - Local:        http://localhost:3000
2026-09-09T11:28:51: 
2026-09-09T11:28:51:  ✓ Starting...
2026-09-09T11:28:51:   - Local:        http://localhost:3000
2026-09-09T11:28:51: 
2026-09-09T11:28:51:  ✓ Starting...
2026-09-09T11:28:51:   - Local:        http://localhost:3000
2026-09-09T11:28:51: 
2026-09-09T11:28:51:  ✓ Starting...
2026-09-09T11:28:51:   - Local:        http://localhost:3000
2026-09-09T11:28:51: 
2026-09-09T11:28:51:  ✓ Starting...
2026-09-09T11:28:51:   - Local:        http://localhost:3000
2026-09-09T11:28:51: 
2026-09-09T11:28:51:  ✓ Starting...
2026-09-09T11:28:51:   - Local:        http://localhost:3000
2026-09-09T11:28:51: 
2026-09-09T11:28:51:  ✓ Starting...
2026-09-09T11:28:51:   - Local:        http://localhost:3000
2026-09-09T11:28:51: 
2026-09-09T11:28:51:  ✓ Starting...
2026-09-09T11:28:54:  ✓ Ready in 9.6s
2026-09-09T11:28:54:  ✓ Ready in 9.6s
2026-09-09T11:28:54:  ✓ Ready in 9.6s
2026-09-09T11:28:54:  ✓ Ready in 9.6s
2026-09-09T11:28:54:  ✓ Ready in 9.6s
2026-09-09T11:28:54:  ✓ Ready in 9.6s
2026-09-09T11:28:54:  ✓ Ready in 9.6s
2026-09-09T11:28:54:  ✓ Ready in 9.6s
2026-09-11T02:01:38:   ▲ Next.js 14.2.2
2026-09-11T02:01:38:   ▲ Next.js 14.2.2
2026-09-11T02:01:38:   ▲ Next.js 14.2.2
2026-09-11T02:01:38:   ▲ Next.js 14.2.2
2026-09-11T02:01:38:   ▲ Next.js 14.2.2
2026-09-11T02:01:38:   ▲ Next.js 14.2.2
2026-09-11T02:01:38:   ▲ Next.js 14.2.2
2026-09-11T02:01:38:   ▲ Next.js 14.2.2
2026-09-11T02:01:38:   - Local:        http://localhost:3000
2026-09-11T02:01:38: 
2026-09-11T02:01:38:  ✓ Starting...
2026-09-11T02:01:38:   - Local:        http://localhost:3000
2026-09-11T02:01:38: 
2026-09-11T02:01:38:  ✓ Starting...
2026-09-11T02:01:38:   - Local:        http://localhost:3000
2026-09-11T02:01:38: 
2026-09-11T02:01:38:  ✓ Starting...
2026-09-11T02:01:38:   - Local:        http://localhost:3000
2026-09-11T02:01:38:   - Local:        http://localhost:3000
2026-09-11T02:01:38: 
2026-09-11T02:01:38:  ✓ Starting...
2026-09-11T02:01:38: 
2026-09-11T02:01:38:  ✓ Starting...
2026-09-11T02:01:38:   - Local:        http://localhost:3000
2026-09-11T02:01:38: 
2026-09-11T02:01:38:  ✓ Starting...
2026-09-11T02:01:38:   - Local:        http://localhost:3000
2026-09-11T02:01:38: 
2026-09-11T02:01:38:  ✓ Starting...
2026-09-11T02:01:38:   - Local:        http://localhost:3000
2026-09-11T02:01:38: 
2026-09-11T02:01:38:  ✓ Starting...
2026-09-11T02:01:41:  ✓ Ready in 9.5s
2026-09-11T02:01:41:  ✓ Ready in 9.5s
2026-09-11T02:01:41:  ✓ Ready in 9.5s
2026-09-11T02:01:41:  ✓ Ready in 9.5s
2026-09-11T02:01:41:  ✓ Ready in 9.5s
2026-09-11T02:01:41:  ✓ Ready in 9.5s
2026-09-11T02:01:41:  ✓ Ready in 9.5s
2026-09-11T02:01:41:  ✓ Ready in 9.5s
2026-09-12T11:37:16:   ▲ Next.js 14.2.2
2026-09-12T11:37:16:   ▲ Next.js 14.2.2
2026-09-12T11:37:16:   ▲ Next.js 14.2.2
2026-09-12T11:37:16:   ▲ Next.js 14.2.2
2026-09-12T11:37:16:   ▲ Next.js 14.2.2
2026-09-12T11:37:16:   ▲ Next.js 14.2.2
2026-09-12T11:37:16:   ▲ Next.js 14.2.2
2026-09-12T11:37:16:   ▲ Next.js 14.2.2
2026-09-12T11:37:16:   - Local:        http://localhost:3000
2026-09-12T11:37:16: 
2026-09-12T11:37:16:  ✓ Starting...
2026-09-12T11:37:16:   - Local:        http://localhost:3000
2026-09-12T11:37:16: 
2026-09-12T11:37:16:  ✓ Starting...
2026-09-12T11:37:16:   - Local:        http://localhost:3000
2026-09-12T11:37:16: 
2026-09-12T11:37:16:  ✓ Starting...
2026-09-12T11:37:16:   - Local:        http://localhost:3000
2026-09-12T11:37:16: 
2026-09-12T11:37:16:  ✓ Starting...
2026-09-12T11:37:16:   - Local:        http://localhost:3000
2026-09-12T11:37:16: 
2026-09-12T11:37:16:  ✓ Starting...
2026-09-12T11:37:16:   - Local:        http://localhost:3000
2026-09-12T11:37:16:   - Local:        http://localhost:3000
2026-09-12T11:37:16:   - Local:        http://localhost:3000
2026-09-12T11:37:16: 
2026-09-12T11:37:16: 
2026-09-12T11:37:16: 
2026-09-12T11:37:16:  ✓ Starting...
2026-09-12T11:37:16:  ✓ Starting...
2026-09-12T11:37:16:  ✓ Starting...
2026-09-12T11:37:19:  ✓ Ready in 9.8s
2026-09-12T11:37:19:  ✓ Ready in 9.8s
2026-09-12T11:37:19:  ✓ Ready in 9.8s
2026-09-12T11:37:19:  ✓ Ready in 9.8s
2026-09-12T11:37:19:  ✓ Ready in 9.8s
2026-09-12T11:37:19:  ✓ Ready in 9.8s
2026-09-12T11:37:19:  ✓ Ready in 9.8s
2026-09-12T11:37:19:  ✓ Ready in 9.8s
2026-09-12T11:55:27:  ⨯ upstream image response failed for https://dl.harfhesab.com/c938566/package-game-banner/2026/9/8/1788903847363_heydar-baba-2-banner.png 404
2026-09-12T11:55:27:  ⨯ upstream image response failed for https://dl.harfhesab.com/c938566/package-game-banner/2026/9/8/1788906182151_name-be-neshan-banner.png 404
2026-09-12T11:55:27: ImageError: "url" parameter is valid but upstream response is invalid
    at fetchExternalImage (D:\project\web\admin-panel\node_modules\next\src\server\image-optimizer.ts:532:11)
    at processTicksAndRejections (node:internal/process/task_queues:105:5)
    at NextNodeServer.imageOptimizer (D:\project\web\admin-panel\node_modules\next\src\server\next-server.ts:629:11)
    at cacheEntry.imageResponseCache.get.incrementalCache (D:\project\web\admin-panel\node_modules\next\src\server\next-server.ts:879:53)
    at D:\project\web\admin-panel\node_modules\next\src\server\response-cache\index.ts:115:30
    at D:\project\web\admin-panel\node_modules\next\src\lib\batcher.ts:78:24 {
  statusCode: 404
}
2026-09-12T11:55:27: ImageError: "url" parameter is valid but upstream response is invalid
    at fetchExternalImage (D:\project\web\admin-panel\node_modules\next\src\server\image-optimizer.ts:532:11)
    at processTicksAndRejections (node:internal/process/task_queues:105:5)
    at NextNodeServer.imageOptimizer (D:\project\web\admin-panel\node_modules\next\src\server\next-server.ts:629:11)
    at cacheEntry.imageResponseCache.get.incrementalCache (D:\project\web\admin-panel\node_modules\next\src\server\next-server.ts:879:53)
    at D:\project\web\admin-panel\node_modules\next\src\server\response-cache\index.ts:115:30
    at D:\project\web\admin-panel\node_modules\next\src\lib\batcher.ts:78:24 {
  statusCode: 404
}
2026-09-12T11:55:27:  ⨯ upstream image response failed for https://dl.harfhesab.com/c938566/package-game-banner/2026/9/8/1788904501125_heydar-baba-1-banner.png 404
2026-09-12T11:55:27:  ⨯ upstream image response failed for https://dl.harfhesab.com/c938566/package-game-banner/2026/9/8/1788903065457_dara-shaban-banner.png 404
2026-09-12T11:55:27:  ⨯ upstream image response failed for https://dl.harfhesab.com/c938566/package-game-banner/2026/9/8/1788910478175_didar-sam-rostam-banner.png 404
2026-09-12T11:55:27: ImageError: "url" parameter is valid but upstream response is invalid
    at fetchExternalImage (D:\project\web\admin-panel\node_modules\next\src\server\image-optimizer.ts:532:11)
    at processTicksAndRejections (node:internal/process/task_queues:105:5)
    at NextNodeServer.imageOptimizer (D:\project\web\admin-panel\node_modules\next\src\server\next-server.ts:629:11)
    at cacheEntry.imageResponseCache.get.incrementalCache (D:\project\web\admin-panel\node_modules\next\src\server\next-server.ts:879:53)
    at D:\project\web\admin-panel\node_modules\next\src\server\response-cache\index.ts:115:30
    at D:\project\web\admin-panel\node_modules\next\src\lib\batcher.ts:78:24 {
  statusCode: 404
}
2026-09-12T11:55:27: ImageError: "url" parameter is valid but upstream response is invalid
    at fetchExternalImage (D:\project\web\admin-panel\node_modules\next\src\server\image-optimizer.ts:532:11)
    at processTicksAndRejections (node:internal/process/task_queues:105:5)
    at NextNodeServer.imageOptimizer (D:\project\web\admin-panel\node_modules\next\src\server\next-server.ts:629:11)
    at cacheEntry.imageResponseCache.get.incrementalCache (D:\project\web\admin-panel\node_modules\next\src\server\next-server.ts:879:53)
    at D:\project\web\admin-panel\node_modules\next\src\server\response-cache\index.ts:115:30
    at D:\project\web\admin-panel\node_modules\next\src\lib\batcher.ts:78:24 {
  statusCode: 404
}
2026-09-12T11:55:27: ImageError: "url" parameter is valid but upstream response is invalid
    at fetchExternalImage (D:\project\web\admin-panel\node_modules\next\src\server\image-optimizer.ts:532:11)
    at processTicksAndRejections (node:internal/process/task_queues:105:5)
    at NextNodeServer.imageOptimizer (D:\project\web\admin-panel\node_modules\next\src\server\next-server.ts:629:11)
    at cacheEntry.imageResponseCache.get.incrementalCache (D:\project\web\admin-panel\node_modules\next\src\server\next-server.ts:879:53)
    at D:\project\web\admin-panel\node_modules\next\src\server\response-cache\index.ts:115:30
    at D:\project\web\admin-panel\node_modules\next\src\lib\batcher.ts:78:24 {
  statusCode: 404
}
2026-09-12T11:55:28:  ⨯ upstream image response failed for https://dl.harfhesab.com/c938566/package-game-banner/2026/9/8/1788907586706_entekhab-rakhsh-banner.png 404
2026-09-12T11:55:28: ImageError: "url" parameter is valid but upstream response is invalid
    at fetchExternalImage (D:\project\web\admin-panel\node_modules\next\src\server\image-optimizer.ts:532:11)
    at processTicksAndRejections (node:internal/process/task_queues:105:5)
    at NextNodeServer.imageOptimizer (D:\project\web\admin-panel\node_modules\next\src\server\next-server.ts:629:11)
    at cacheEntry.imageResponseCache.get.incrementalCache (D:\project\web\admin-panel\node_modules\next\src\server\next-server.ts:879:53)
    at D:\project\web\admin-panel\node_modules\next\src\server\response-cache\index.ts:115:30
    at D:\project\web\admin-panel\node_modules\next\src\lib\batcher.ts:78:24 {
  statusCode: 404
}
2026-09-12T11:55:29:  ⨯ upstream image response failed for https://dl.harfhesab.com/c938566/package-game-banner/2026/9/8/1788910923599_rostamzad-banner.png 404
2026-09-12T11:55:29: ImageError: "url" parameter is valid but upstream response is invalid
    at fetchExternalImage (D:\project\web\admin-panel\node_modules\next\src\server\image-optimizer.ts:532:11)
    at processTicksAndRejections (node:internal/process/task_queues:105:5)
    at NextNodeServer.imageOptimizer (D:\project\web\admin-panel\node_modules\next\src\server\next-server.ts:629:11)
    at cacheEntry.imageResponseCache.get.incrementalCache (D:\project\web\admin-panel\node_modules\next\src\server\next-server.ts:879:53)
    at D:\project\web\admin-panel\node_modules\next\src\server\response-cache\index.ts:115:30
    at D:\project\web\admin-panel\node_modules\next\src\lib\batcher.ts:78:24 {
  statusCode: 404
}
2026-09-12T11:55:29:  ⨯ upstream image response failed for https://dl.harfhesab.com/c938566/package-game-banner/2026/9/8/1788900378760_proud-tree-banner.png 404
2026-09-12T11:55:29: ImageError: "url" parameter is valid but upstream response is invalid
    at fetchExternalImage (D:\project\web\admin-panel\node_modules\next\src\server\image-optimizer.ts:532:11)
    at processTicksAndRejections (node:internal/process/task_queues:105:5)
    at NextNodeServer.imageOptimizer (D:\project\web\admin-panel\node_modules\next\src\server\next-server.ts:629:11)
    at cacheEntry.imageResponseCache.get.incrementalCache (D:\project\web\admin-panel\node_modules\next\src\server\next-server.ts:879:53)
    at D:\project\web\admin-panel\node_modules\next\src\server\response-cache\index.ts:115:30
    at D:\project\web\admin-panel\node_modules\next\src\lib\batcher.ts:78:24 {
  statusCode: 404
}
2026-09-12T11:56:47:  ⨯ upstream image response failed for https://dl.harfhesab.com/c938566/package-game-banner/2026/9/8/1788906182151_name-be-neshan-banner.png 404
2026-09-12T11:56:47:  ⨯ upstream image response failed for https://dl.harfhesab.com/c938566/package-game-banner/2026/9/8/1788903847363_heydar-baba-2-banner.png 404
2026-09-12T11:56:47:  ⨯ upstream image response failed for https://dl.harfhesab.com/c938566/package-game-banner/2026/9/8/1788903065457_dara-shaban-banner.png 404
2026-09-12T11:56:47:  ⨯ upstream image response failed for https://dl.harfhesab.com/c938566/package-game-banner/2026/9/8/1788910478175_didar-sam-rostam-banner.png 404
2026-09-12T11:56:47: ImageError: "url" parameter is valid but upstream response is invalid
    at fetchExternalImage (D:\project\web\admin-panel\node_modules\next\src\server\image-optimizer.ts:532:11)
    at processTicksAndRejections (node:internal/process/task_queues:105:5)
    at NextNodeServer.imageOptimizer (D:\project\web\admin-panel\node_modules\next\src\server\next-server.ts:629:11)
    at cacheEntry.imageResponseCache.get.incrementalCache (D:\project\web\admin-panel\node_modules\next\src\server\next-server.ts:879:53)
    at D:\project\web\admin-panel\node_modules\next\src\server\response-cache\index.ts:115:30
    at D:\project\web\admin-panel\node_modules\next\src\lib\batcher.ts:78:24 {
  statusCode: 404
}
2026-09-12T11:56:47: ImageError: "url" parameter is valid but upstream response is invalid
    at fetchExternalImage (D:\project\web\admin-panel\node_modules\next\src\server\image-optimizer.ts:532:11)
    at processTicksAndRejections (node:internal/process/task_queues:105:5)
    at NextNodeServer.imageOptimizer (D:\project\web\admin-panel\node_modules\next\src\server\next-server.ts:629:11)
    at cacheEntry.imageResponseCache.get.incrementalCache (D:\project\web\admin-panel\node_modules\next\src\server\next-server.ts:879:53)
    at D:\project\web\admin-panel\node_modules\next\src\server\response-cache\index.ts:115:30
    at D:\project\web\admin-panel\node_modules\next\src\lib\batcher.ts:78:24 {
  statusCode: 404
}
2026-09-12T11:56:47: ImageError: "url" parameter is valid but upstream response is invalid
    at fetchExternalImage (D:\project\web\admin-panel\node_modules\next\src\server\image-optimizer.ts:532:11)
    at processTicksAndRejections (node:internal/process/task_queues:105:5)
    at NextNodeServer.imageOptimizer (D:\project\web\admin-panel\node_modules\next\src\server\next-server.ts:629:11)
    at cacheEntry.imageResponseCache.get.incrementalCache (D:\project\web\admin-panel\node_modules\next\src\server\next-server.ts:879:53)
    at D:\project\web\admin-panel\node_modules\next\src\server\response-cache\index.ts:115:30
    at D:\project\web\admin-panel\node_modules\next\src\lib\batcher.ts:78:24 {
  statusCode: 404
}
2026-09-12T11:56:47: ImageError: "url" parameter is valid but upstream response is invalid
    at fetchExternalImage (D:\project\web\admin-panel\node_modules\next\src\server\image-optimizer.ts:532:11)
    at processTicksAndRejections (node:internal/process/task_queues:105:5)
    at NextNodeServer.imageOptimizer (D:\project\web\admin-panel\node_modules\next\src\server\next-server.ts:629:11)
    at cacheEntry.imageResponseCache.get.incrementalCache (D:\project\web\admin-panel\node_modules\next\src\server\next-server.ts:879:53)
    at D:\project\web\admin-panel\node_modules\next\src\server\response-cache\index.ts:115:30
    at D:\project\web\admin-panel\node_modules\next\src\lib\batcher.ts:78:24 {
  statusCode: 404
}
2026-09-12T11:56:47:  ⨯ upstream image response failed for https://dl.harfhesab.com/c938566/package-game-banner/2026/9/8/1788907586706_entekhab-rakhsh-banner.png 404
2026-09-12T11:56:47:  ⨯ upstream image response failed for https://dl.harfhesab.com/c938566/package-game-banner/2026/9/8/1788910923599_rostamzad-banner.png 404
2026-09-12T11:56:47: ImageError: "url" parameter is valid but upstream response is invalid
    at fetchExternalImage (D:\project\web\admin-panel\node_modules\next\src\server\image-optimizer.ts:532:11)
    at processTicksAndRejections (node:internal/process/task_queues:105:5)
    at NextNodeServer.imageOptimizer (D:\project\web\admin-panel\node_modules\next\src\server\next-server.ts:629:11)
    at cacheEntry.imageResponseCache.get.incrementalCache (D:\project\web\admin-panel\node_modules\next\src\server\next-server.ts:879:53)
    at D:\project\web\admin-panel\node_modules\next\src\server\response-cache\index.ts:115:30
    at D:\project\web\admin-panel\node_modules\next\src\lib\batcher.ts:78:24 {
  statusCode: 404
}
2026-09-12T11:56:47: ImageError: "url" parameter is valid but upstream response is invalid
    at fetchExternalImage (D:\project\web\admin-panel\node_modules\next\src\server\image-optimizer.ts:532:11)
    at processTicksAndRejections (node:internal/process/task_queues:105:5)
    at NextNodeServer.imageOptimizer (D:\project\web\admin-panel\node_modules\next\src\server\next-server.ts:629:11)
    at cacheEntry.imageResponseCache.get.incrementalCache (D:\project\web\admin-panel\node_modules\next\src\server\next-server.ts:879:53)
    at D:\project\web\admin-panel\node_modules\next\src\server\response-cache\index.ts:115:30
    at D:\project\web\admin-panel\node_modules\next\src\lib\batcher.ts:78:24 {
  statusCode: 404
}
2026-09-12T11:56:47:  ⨯ upstream image response failed for https://dl.harfhesab.com/c938566/package-game-banner/2026/9/8/1788904501125_heydar-baba-1-banner.png 404
2026-09-12T11:56:47: ImageError: "url" parameter is valid but upstream response is invalid
    at fetchExternalImage (D:\project\web\admin-panel\node_modules\next\src\server\image-optimizer.ts:532:11)
    at processTicksAndRejections (node:internal/process/task_queues:105:5)
    at NextNodeServer.imageOptimizer (D:\project\web\admin-panel\node_modules\next\src\server\next-server.ts:629:11)
    at cacheEntry.imageResponseCache.get.incrementalCache (D:\project\web\admin-panel\node_modules\next\src\server\next-server.ts:879:53)
    at D:\project\web\admin-panel\node_modules\next\src\server\response-cache\index.ts:115:30
    at D:\project\web\admin-panel\node_modules\next\src\lib\batcher.ts:78:24 {
  statusCode: 404
}
2026-09-12T11:57:51:  ⨯ upstream image response failed for https://dl.harfhesab.com/c938566/package-game-banner/2026/9/8/1788906182151_name-be-neshan-banner.png 404
2026-09-12T11:57:51: ImageError: "url" parameter is valid but upstream response is invalid
    at fetchExternalImage (D:\project\web\admin-panel\node_modules\next\src\server\image-optimizer.ts:532:11)
    at processTicksAndRejections (node:internal/process/task_queues:105:5)
    at NextNodeServer.imageOptimizer (D:\project\web\admin-panel\node_modules\next\src\server\next-server.ts:629:11)
    at cacheEntry.imageResponseCache.get.incrementalCache (D:\project\web\admin-panel\node_modules\next\src\server\next-server.ts:879:53)
    at D:\project\web\admin-panel\node_modules\next\src\server\response-cache\index.ts:115:30
    at D:\project\web\admin-panel\node_modules\next\src\lib\batcher.ts:78:24 {
  statusCode: 404
}
2026-09-12T11:57:51:  ⨯ upstream image response failed for https://dl.harfhesab.com/c938566/package-game-banner/2026/9/8/1788904501125_heydar-baba-1-banner.png 404
2026-09-12T11:57:51: ImageError: "url" parameter is valid but upstream response is invalid
    at fetchExternalImage (D:\project\web\admin-panel\node_modules\next\src\server\image-optimizer.ts:532:11)
    at processTicksAndRejections (node:internal/process/task_queues:105:5)
    at NextNodeServer.imageOptimizer (D:\project\web\admin-panel\node_modules\next\src\server\next-server.ts:629:11)
    at cacheEntry.imageResponseCache.get.incrementalCache (D:\project\web\admin-panel\node_modules\next\src\server\next-server.ts:879:53)
    at D:\project\web\admin-panel\node_modules\next\src\server\response-cache\index.ts:115:30
    at D:\project\web\admin-panel\node_modules\next\src\lib\batcher.ts:78:24 {
  statusCode: 404
}
2026-09-12T11:57:51:  ⨯ upstream image response failed for https://dl.harfhesab.com/c938566/package-game-banner/2026/9/8/1788907586706_entekhab-rakhsh-banner.png 404
2026-09-12T11:57:51: ImageError: "url" parameter is valid but upstream response is invalid
    at fetchExternalImage (D:\project\web\admin-panel\node_modules\next\src\server\image-optimizer.ts:532:11)
    at processTicksAndRejections (node:internal/process/task_queues:105:5)
    at NextNodeServer.imageOptimizer (D:\project\web\admin-panel\node_modules\next\src\server\next-server.ts:629:11)
    at cacheEntry.imageResponseCache.get.incrementalCache (D:\project\web\admin-panel\node_modules\next\src\server\next-server.ts:879:53)
    at D:\project\web\admin-panel\node_modules\next\src\server\response-cache\index.ts:115:30
    at D:\project\web\admin-panel\node_modules\next\src\lib\batcher.ts:78:24 {
  statusCode: 404
}
2026-09-12T11:57:51:  ⨯ upstream image response failed for https://dl.harfhesab.com/c938566/package-game-banner/2026/9/8/1788910478175_didar-sam-rostam-banner.png 404
2026-09-12T11:57:51:  ⨯ upstream image response failed for https://dl.harfhesab.com/c938566/package-game-banner/2026/9/8/1788910923599_rostamzad-banner.png 404
2026-09-12T11:57:51: ImageError: "url" parameter is valid but upstream response is invalid
    at fetchExternalImage (D:\project\web\admin-panel\node_modules\next\src\server\image-optimizer.ts:532:11)
    at processTicksAndRejections (node:internal/process/task_queues:105:5)
    at NextNodeServer.imageOptimizer (D:\project\web\admin-panel\node_modules\next\src\server\next-server.ts:629:11)
    at cacheEntry.imageResponseCache.get.incrementalCache (D:\project\web\admin-panel\node_modules\next\src\server\next-server.ts:879:53)
    at D:\project\web\admin-panel\node_modules\next\src\server\response-cache\index.ts:115:30
    at D:\project\web\admin-panel\node_modules\next\src\lib\batcher.ts:78:24 {
  statusCode: 404
}
2026-09-12T11:57:51: ImageError: "url" parameter is valid but upstream response is invalid
    at fetchExternalImage (D:\project\web\admin-panel\node_modules\next\src\server\image-optimizer.ts:532:11)
    at processTicksAndRejections (node:internal/process/task_queues:105:5)
    at NextNodeServer.imageOptimizer (D:\project\web\admin-panel\node_modules\next\src\server\next-server.ts:629:11)
    at cacheEntry.imageResponseCache.get.incrementalCache (D:\project\web\admin-panel\node_modules\next\src\server\next-server.ts:879:53)
    at D:\project\web\admin-panel\node_modules\next\src\server\response-cache\index.ts:115:30
    at D:\project\web\admin-panel\node_modules\next\src\lib\batcher.ts:78:24 {
  statusCode: 404
}
2026-09-12T11:59:16:  ⨯ upstream image response failed for https://dl.harfhesab.com/c938566/package-game-banner/2026/9/8/1788907586706_entekhab-rakhsh-banner.png 404
2026-09-12T11:59:16: ImageError: "url" parameter is valid but upstream response is invalid
    at fetchExternalImage (D:\project\web\admin-panel\node_modules\next\src\server\image-optimizer.ts:532:11)
    at processTicksAndRejections (node:internal/process/task_queues:105:5)
    at NextNodeServer.imageOptimizer (D:\project\web\admin-panel\node_modules\next\src\server\next-server.ts:629:11)
    at cacheEntry.imageResponseCache.get.incrementalCache (D:\project\web\admin-panel\node_modules\next\src\server\next-server.ts:879:53)
    at D:\project\web\admin-panel\node_modules\next\src\server\response-cache\index.ts:115:30
    at D:\project\web\admin-panel\node_modules\next\src\lib\batcher.ts:78:24 {
  statusCode: 404
}
2026-09-12T11:59:16:  ⨯ upstream image response failed for https://dl.harfhesab.com/c938566/package-game-banner/2026/9/8/1788910478175_didar-sam-rostam-banner.png 404
2026-09-12T11:59:16:  ⨯ upstream image response failed for https://dl.harfhesab.com/c938566/package-game-banner/2026/9/8/1788910923599_rostamzad-banner.png 404
2026-09-12T11:59:16: ImageError: "url" parameter is valid but upstream response is invalid
    at fetchExternalImage (D:\project\web\admin-panel\node_modules\next\src\server\image-optimizer.ts:532:11)
    at processTicksAndRejections (node:internal/process/task_queues:105:5)
    at NextNodeServer.imageOptimizer (D:\project\web\admin-panel\node_modules\next\src\server\next-server.ts:629:11)
    at cacheEntry.imageResponseCache.get.incrementalCache (D:\project\web\admin-panel\node_modules\next\src\server\next-server.ts:879:53)
    at D:\project\web\admin-panel\node_modules\next\src\server\response-cache\index.ts:115:30
    at D:\project\web\admin-panel\node_modules\next\src\lib\batcher.ts:78:24 {
  statusCode: 404
}
2026-09-12T11:59:16: ImageError: "url" parameter is valid but upstream response is invalid
    at fetchExternalImage (D:\project\web\admin-panel\node_modules\next\src\server\image-optimizer.ts:532:11)
    at processTicksAndRejections (node:internal/process/task_queues:105:5)
    at NextNodeServer.imageOptimizer (D:\project\web\admin-panel\node_modules\next\src\server\next-server.ts:629:11)
    at cacheEntry.imageResponseCache.get.incrementalCache (D:\project\web\admin-panel\node_modules\next\src\server\next-server.ts:879:53)
    at D:\project\web\admin-panel\node_modules\next\src\server\response-cache\index.ts:115:30
    at D:\project\web\admin-panel\node_modules\next\src\lib\batcher.ts:78:24 {
  statusCode: 404
}
2026-09-12T12:00:20:  ⨯ upstream image response failed for https://dl.harfhesab.com/c938566/package-game-banner/2026/9/8/1788910923599_rostamzad-banner.png 404
2026-09-12T12:00:20: ImageError: "url" parameter is valid but upstream response is invalid
    at fetchExternalImage (D:\project\web\admin-panel\node_modules\next\src\server\image-optimizer.ts:532:11)
    at processTicksAndRejections (node:internal/process/task_queues:105:5)
    at NextNodeServer.imageOptimizer (D:\project\web\admin-panel\node_modules\next\src\server\next-server.ts:629:11)
    at cacheEntry.imageResponseCache.get.incrementalCache (D:\project\web\admin-panel\node_modules\next\src\server\next-server.ts:879:53)
    at D:\project\web\admin-panel\node_modules\next\src\server\response-cache\index.ts:115:30
    at D:\project\web\admin-panel\node_modules\next\src\lib\batcher.ts:78:24 {
  statusCode: 404
}
2026-09-12T13:25:26:   ▲ Next.js 14.2.2
2026-09-12T13:25:26:   ▲ Next.js 14.2.2
2026-09-12T13:25:26:   ▲ Next.js 14.2.2
2026-09-12T13:25:26:   ▲ Next.js 14.2.2
2026-09-12T13:25:26:   ▲ Next.js 14.2.2
2026-09-12T13:25:26:   ▲ Next.js 14.2.2
2026-09-12T13:25:26:   ▲ Next.js 14.2.2
2026-09-12T13:25:26:   ▲ Next.js 14.2.2
2026-09-12T13:25:26:   - Local:        http://localhost:3000
2026-09-12T13:25:26: 
2026-09-12T13:25:26:  ✓ Starting...
2026-09-12T13:25:26:   - Local:        http://localhost:3000
2026-09-12T13:25:26: 
2026-09-12T13:25:26:  ✓ Starting...
2026-09-12T13:25:26:   - Local:        http://localhost:3000
2026-09-12T13:25:26: 
2026-09-12T13:25:26:  ✓ Starting...
2026-09-12T13:25:26:   - Local:        http://localhost:3000
2026-09-12T13:25:26: 
2026-09-12T13:25:26:  ✓ Starting...
2026-09-12T13:25:26:   - Local:        http://localhost:3000
2026-09-12T13:25:26: 
2026-09-12T13:25:26:  ✓ Starting...
2026-09-12T13:25:26:   - Local:        http://localhost:3000
2026-09-12T13:25:26: 
2026-09-12T13:25:26:  ✓ Starting...
2026-09-12T13:25:26:   - Local:        http://localhost:3000
2026-09-12T13:25:26: 
2026-09-12T13:25:26:  ✓ Starting...
2026-09-12T13:25:26:   - Local:        http://localhost:3000
2026-09-12T13:25:26: 
2026-09-12T13:25:26:  ✓ Starting...
2026-09-12T13:25:31:  ✓ Ready in 13.4s
2026-09-12T13:25:31:  ✓ Ready in 13.4s
2026-09-12T13:25:31:  ✓ Ready in 13.4s
2026-09-12T13:25:31:  ✓ Ready in 13.4s
2026-09-12T13:25:31:  ✓ Ready in 13.4s
2026-09-12T13:25:31:  ✓ Ready in 13.4s
2026-09-12T13:25:31:  ✓ Ready in 13.4s
2026-09-12T13:25:31:  ✓ Ready in 13.4s
2026-09-12T14:16:05:  ⨯ upstream image response failed for https://dl.harfhesab.com/c938566/package-game-icon/2026/9/8/1788910480788_didar-sam-rostam-icon.png 404
2026-09-12T14:16:05: ImageError: "url" parameter is valid but upstream response is invalid
    at fetchExternalImage (D:\project\web\admin-panel\node_modules\next\src\server\image-optimizer.ts:532:11)
    at processTicksAndRejections (node:internal/process/task_queues:105:5)
    at NextNodeServer.imageOptimizer (D:\project\web\admin-panel\node_modules\next\src\server\next-server.ts:629:11)
    at cacheEntry.imageResponseCache.get.incrementalCache (D:\project\web\admin-panel\node_modules\next\src\server\next-server.ts:879:53)
    at D:\project\web\admin-panel\node_modules\next\src\server\response-cache\index.ts:115:30
    at D:\project\web\admin-panel\node_modules\next\src\lib\batcher.ts:78:24 {
  statusCode: 404
}
2026-09-12T14:17:20:  ⨯ upstream image response failed for https://dl.harfhesab.com/c938566/package-game-icon/2026/9/8/1788910480788_didar-sam-rostam-icon.png 404
2026-09-12T14:17:20: ImageError: "url" parameter is valid but upstream response is invalid
    at fetchExternalImage (D:\project\web\admin-panel\node_modules\next\src\server\image-optimizer.ts:532:11)
    at processTicksAndRejections (node:internal/process/task_queues:105:5)
    at NextNodeServer.imageOptimizer (D:\project\web\admin-panel\node_modules\next\src\server\next-server.ts:629:11)
    at cacheEntry.imageResponseCache.get.incrementalCache (D:\project\web\admin-panel\node_modules\next\src\server\next-server.ts:879:53)
    at D:\project\web\admin-panel\node_modules\next\src\server\response-cache\index.ts:115:30
    at D:\project\web\admin-panel\node_modules\next\src\lib\batcher.ts:78:24 {
  statusCode: 404
}
2026-09-12T14:49:23:  ⨯ upstream image response failed for https://dl.harfhesab.com/c938566/package-game-icon/2026/9/8/1788910925148_rostamzad-icon.png 404
2026-09-12T14:49:23: ImageError: "url" parameter is valid but upstream response is invalid
    at fetchExternalImage (D:\project\web\admin-panel\node_modules\next\src\server\image-optimizer.ts:532:11)
    at processTicksAndRejections (node:internal/process/task_queues:105:5)
    at NextNodeServer.imageOptimizer (D:\project\web\admin-panel\node_modules\next\src\server\next-server.ts:629:11)
    at cacheEntry.imageResponseCache.get.incrementalCache (D:\project\web\admin-panel\node_modules\next\src\server\next-server.ts:879:53)
    at D:\project\web\admin-panel\node_modules\next\src\server\response-cache\index.ts:115:30
    at D:\project\web\admin-panel\node_modules\next\src\lib\batcher.ts:78:24 {
  statusCode: 404
}
2026-09-12T14:49:23:  ⨯ upstream image response failed for https://dl.harfhesab.com/c938566/package-game-icon/2026/9/8/1788910480788_didar-sam-rostam-icon.png 404
2026-09-12T14:49:23: ImageError: "url" parameter is valid but upstream response is invalid
    at fetchExternalImage (D:\project\web\admin-panel\node_modules\next\src\server\image-optimizer.ts:532:11)
    at processTicksAndRejections (node:internal/process/task_queues:105:5)
    at NextNodeServer.imageOptimizer (D:\project\web\admin-panel\node_modules\next\src\server\next-server.ts:629:11)
    at cacheEntry.imageResponseCache.get.incrementalCache (D:\project\web\admin-panel\node_modules\next\src\server\next-server.ts:879:53)
    at D:\project\web\admin-panel\node_modules\next\src\server\response-cache\index.ts:115:30
    at D:\project\web\admin-panel\node_modules\next\src\lib\batcher.ts:78:24 {
  statusCode: 404
}
2026-09-12T14:53:25:  ⨯ upstream image response failed for https://dl.harfhesab.com/c938566/package-game-icon/2026/9/8/1788910480788_didar-sam-rostam-icon.png 404
2026-09-12T14:53:25: ImageError: "url" parameter is valid but upstream response is invalid
    at fetchExternalImage (D:\project\web\admin-panel\node_modules\next\src\server\image-optimizer.ts:532:11)
    at processTicksAndRejections (node:internal/process/task_queues:105:5)
    at NextNodeServer.imageOptimizer (D:\project\web\admin-panel\node_modules\next\src\server\next-server.ts:629:11)
    at cacheEntry.imageResponseCache.get.incrementalCache (D:\project\web\admin-panel\node_modules\next\src\server\next-server.ts:879:53)
    at D:\project\web\admin-panel\node_modules\next\src\server\response-cache\index.ts:115:30
    at D:\project\web\admin-panel\node_modules\next\src\lib\batcher.ts:78:24 {
  statusCode: 404
}
2026-09-12T14:53:25:  ⨯ upstream image response failed for https://dl.harfhesab.com/c938566/package-game-icon/2026/9/8/1788910925148_rostamzad-icon.png 404
2026-09-12T14:53:25:  ⨯ upstream image response failed for https://dl.harfhesab.com/c938566/package-game-icon/2026/9/8/1788907588438_entekhab-rakhsh-icon.png 404
2026-09-12T14:53:25: ImageError: "url" parameter is valid but upstream response is invalid
    at fetchExternalImage (D:\project\web\admin-panel\node_modules\next\src\server\image-optimizer.ts:532:11)
    at processTicksAndRejections (node:internal/process/task_queues:105:5)
    at NextNodeServer.imageOptimizer (D:\project\web\admin-panel\node_modules\next\src\server\next-server.ts:629:11)
    at cacheEntry.imageResponseCache.get.incrementalCache (D:\project\web\admin-panel\node_modules\next\src\server\next-server.ts:879:53)
    at D:\project\web\admin-panel\node_modules\next\src\server\response-cache\index.ts:115:30
    at D:\project\web\admin-panel\node_modules\next\src\lib\batcher.ts:78:24 {
  statusCode: 404
}
2026-09-12T14:53:25: ImageError: "url" parameter is valid but upstream response is invalid
    at fetchExternalImage (D:\project\web\admin-panel\node_modules\next\src\server\image-optimizer.ts:532:11)
    at processTicksAndRejections (node:internal/process/task_queues:105:5)
    at NextNodeServer.imageOptimizer (D:\project\web\admin-panel\node_modules\next\src\server\next-server.ts:629:11)
    at cacheEntry.imageResponseCache.get.incrementalCache (D:\project\web\admin-panel\node_modules\next\src\server\next-server.ts:879:53)
    at D:\project\web\admin-panel\node_modules\next\src\server\response-cache\index.ts:115:30
    at D:\project\web\admin-panel\node_modules\next\src\lib\batcher.ts:78:24 {
  statusCode: 404
}
2026-09-12T14:55:29:  ⨯ upstream image response failed for https://dl.harfhesab.com/c938566/package-game-icon/2026/9/8/1788910480788_didar-sam-rostam-icon.png 404
2026-09-12T14:55:29: ImageError: "url" parameter is valid but upstream response is invalid
    at fetchExternalImage (D:\project\web\admin-panel\node_modules\next\src\server\image-optimizer.ts:532:11)
    at processTicksAndRejections (node:internal/process/task_queues:105:5)
    at NextNodeServer.imageOptimizer (D:\project\web\admin-panel\node_modules\next\src\server\next-server.ts:629:11)
    at cacheEntry.imageResponseCache.get.incrementalCache (D:\project\web\admin-panel\node_modules\next\src\server\next-server.ts:879:53)
    at D:\project\web\admin-panel\node_modules\next\src\server\response-cache\index.ts:115:30
    at D:\project\web\admin-panel\node_modules\next\src\lib\batcher.ts:78:24 {
  statusCode: 404
}
2026-09-12T14:55:29:  ⨯ upstream image response failed for https://dl.harfhesab.com/c938566/package-game-icon/2026/9/8/1788910925148_rostamzad-icon.png 404
2026-09-12T14:55:29: ImageError: "url" parameter is valid but upstream response is invalid
    at fetchExternalImage (D:\project\web\admin-panel\node_modules\next\src\server\image-optimizer.ts:532:11)
    at processTicksAndRejections (node:internal/process/task_queues:105:5)
    at NextNodeServer.imageOptimizer (D:\project\web\admin-panel\node_modules\next\src\server\next-server.ts:629:11)
    at cacheEntry.imageResponseCache.get.incrementalCache (D:\project\web\admin-panel\node_modules\next\src\server\next-server.ts:879:53)
    at D:\project\web\admin-panel\node_modules\next\src\server\response-cache\index.ts:115:30
    at D:\project\web\admin-panel\node_modules\next\src\lib\batcher.ts:78:24 {
  statusCode: 404
}
2026-09-15T12:30:35:   ▲ Next.js 14.2.2
2026-09-15T12:30:35:   ▲ Next.js 14.2.2
2026-09-15T12:30:35:   ▲ Next.js 14.2.2
2026-09-15T12:30:35:   ▲ Next.js 14.2.2
2026-09-15T12:30:35:   ▲ Next.js 14.2.2
2026-09-15T12:30:35:   ▲ Next.js 14.2.2
2026-09-15T12:30:35:   ▲ Next.js 14.2.2
2026-09-15T12:30:35:   ▲ Next.js 14.2.2
2026-09-15T12:30:35:   - Local:        http://localhost:3000
2026-09-15T12:30:35: 
2026-09-15T12:30:35:  ✓ Starting...
2026-09-15T12:30:35:   - Local:        http://localhost:3000
2026-09-15T12:30:35: 
2026-09-15T12:30:35:  ✓ Starting...
2026-09-15T12:30:35:   - Local:        http://localhost:3000
2026-09-15T12:30:35: 
2026-09-15T12:30:35:  ✓ Starting...
2026-09-15T12:30:35:   - Local:        http://localhost:3000
2026-09-15T12:30:35: 
2026-09-15T12:30:35:  ✓ Starting...
2026-09-15T12:30:35:   - Local:        http://localhost:3000
2026-09-15T12:30:35: 
2026-09-15T12:30:35:  ✓ Starting...
2026-09-15T12:30:35:   - Local:        http://localhost:3000
2026-09-15T12:30:35: 
2026-09-15T12:30:35:  ✓ Starting...
2026-09-15T12:30:35:   - Local:        http://localhost:3000
2026-09-15T12:30:35: 
2026-09-15T12:30:35:  ✓ Starting...
2026-09-15T12:30:35:   - Local:        http://localhost:3000
2026-09-15T12:30:35: 
2026-09-15T12:30:35:  ✓ Starting...
2026-09-15T12:30:35:  ✓ Ready in 1870ms
2026-09-15T12:30:35:  ✓ Ready in 1872ms
2026-09-15T12:30:35:  ✓ Ready in 1881ms
2026-09-15T12:30:35:  ✓ Ready in 1890ms
2026-09-15T12:30:35:  ✓ Ready in 1887ms
2026-09-15T12:30:36:  ✓ Ready in 1895ms
2026-09-15T12:30:36:  ✓ Ready in 1900ms
2026-09-15T12:30:36:  ✓ Ready in 1917ms
2026-09-15T12:45:53: TypeError: terminated
    at Fetch.onAborted (node:internal/deps/undici/undici:11132:53)
    at Fetch.emit (node:events:518:28)
    at Fetch.terminate (node:internal/deps/undici/undici:10290:14)
    at Object.onError (node:internal/deps/undici/undici:11253:38)
    at Request.onError (node:internal/deps/undici/undici:2094:31)
    at Object.errorRequest (node:internal/deps/undici/undici:1591:17)
    at TLSSocket.<anonymous> (node:internal/deps/undici/undici:6319:16)
    at TLSSocket.emit (node:events:530:35)
    at node:net:351:12
    at TCP.done (node:_tls_wrap:650:7) {
  [cause]: SocketError: other side closed
      at TLSSocket.<anonymous> (node:internal/deps/undici/undici:6294:28)
      at TLSSocket.emit (node:events:530:35)
      at endReadableNT (node:internal/streams/readable:1698:12)
      at processTicksAndRejections (node:internal/process/task_queues:90:21) {
    code: 'UND_ERR_SOCKET',
    socket: {
      localAddress: '192.168.43.207',
      localPort: 49864,
      remoteAddress: '45.139.11.111',
      remotePort: 443,
      remoteFamily: 'IPv4',
      timeout: undefined,
      bytesWritten: 232,
      bytesRead: 168097
    }
  }
}
2026-09-15T20:57:46:   ▲ Next.js 14.2.2
2026-09-15T20:57:46:   ▲ Next.js 14.2.2
2026-09-15T20:57:46:   ▲ Next.js 14.2.2
2026-09-15T20:57:46:   ▲ Next.js 14.2.2
2026-09-15T20:57:46:   ▲ Next.js 14.2.2
2026-09-15T20:57:46:   ▲ Next.js 14.2.2
2026-09-15T20:57:46:   ▲ Next.js 14.2.2
2026-09-15T20:57:46:   ▲ Next.js 14.2.2
2026-09-15T20:57:46:   - Local:        http://localhost:3000
2026-09-15T20:57:46:   - Local:        http://localhost:3000
2026-09-15T20:57:46: 
2026-09-15T20:57:46:  ✓ Starting...
2026-09-15T20:57:46: 
2026-09-15T20:57:46:  ✓ Starting...
2026-09-15T20:57:46:   - Local:        http://localhost:3000
2026-09-15T20:57:46: 
2026-09-15T20:57:46:  ✓ Starting...
2026-09-15T20:57:46:   - Local:        http://localhost:3000
2026-09-15T20:57:46: 
2026-09-15T20:57:46:  ✓ Starting...
2026-09-15T20:57:46:   - Local:        http://localhost:3000
2026-09-15T20:57:46: 
2026-09-15T20:57:46:  ✓ Starting...
2026-09-15T20:57:46:   - Local:        http://localhost:3000
2026-09-15T20:57:46: 
2026-09-15T20:57:46:  ✓ Starting...
2026-09-15T20:57:46:   - Local:        http://localhost:3000
2026-09-15T20:57:46: 
2026-09-15T20:57:46:  ✓ Starting...
2026-09-15T20:57:46:   - Local:        http://localhost:3000
2026-09-15T20:57:46: 
2026-09-15T20:57:46:  ✓ Starting...
2026-09-15T20:57:50:  ✓ Ready in 12.2s
2026-09-15T20:57:50:  ✓ Ready in 12.2s
2026-09-15T20:57:50:  ✓ Ready in 12.2s
2026-09-15T20:57:50:  ✓ Ready in 12.2s
2026-09-15T20:57:50:  ✓ Ready in 12.2s
2026-09-15T20:57:50:  ✓ Ready in 12.2s
2026-09-15T20:57:50:  ✓ Ready in 12.2s
2026-09-15T20:57:50:  ✓ Ready in 12.2s
2026-09-15T21:02:06:  ⨯ upstream image response failed for https://dl.harfhesab.com/kalam-akhar-challenge-media/2026/7/6/1783301309889_se-2.png 404
2026-09-16T21:56:23:   ▲ Next.js 14.2.2
2026-09-16T21:56:23:   ▲ Next.js 14.2.2
2026-09-16T21:56:23:   ▲ Next.js 14.2.2
2026-09-16T21:56:23:   ▲ Next.js 14.2.2
2026-09-16T21:56:23:   ▲ Next.js 14.2.2
2026-09-16T21:56:23:   ▲ Next.js 14.2.2
2026-09-16T21:56:23:   ▲ Next.js 14.2.2
2026-09-16T21:56:23:   ▲ Next.js 14.2.2
2026-09-16T21:56:23:   - Local:        http://localhost:3000
2026-09-16T21:56:23: 
2026-09-16T21:56:23:  ✓ Starting...
2026-09-16T21:56:23:   - Local:        http://localhost:3000
2026-09-16T21:56:23: 
2026-09-16T21:56:23:  ✓ Starting...
2026-09-16T21:56:23:   - Local:        http://localhost:3000
2026-09-16T21:56:23: 
2026-09-16T21:56:23:  ✓ Starting...
2026-09-16T21:56:23:   - Local:        http://localhost:3000
2026-09-16T21:56:23: 
2026-09-16T21:56:23:  ✓ Starting...
2026-09-16T21:56:23:   - Local:        http://localhost:3000
2026-09-16T21:56:23: 
2026-09-16T21:56:23:  ✓ Starting...
2026-09-16T21:56:23:   - Local:        http://localhost:3000
2026-09-16T21:56:23: 
2026-09-16T21:56:23:  ✓ Starting...
2026-09-16T21:56:23:   - Local:        http://localhost:3000
2026-09-16T21:56:23: 
2026-09-16T21:56:23:  ✓ Starting...
2026-09-16T21:56:23:   - Local:        http://localhost:3000
2026-09-16T21:56:23: 
2026-09-16T21:56:23:  ✓ Starting...
2026-09-16T21:56:26:  ✓ Ready in 8.9s
2026-09-16T21:56:26:  ✓ Ready in 8.9s
2026-09-16T21:56:26:  ✓ Ready in 8.9s
2026-09-16T21:56:26:  ✓ Ready in 8.9s
2026-09-16T21:56:26:  ✓ Ready in 8.9s
2026-09-16T21:56:26:  ✓ Ready in 8.9s
2026-09-16T21:56:26:  ✓ Ready in 8.9s
2026-09-16T21:56:26:  ✓ Ready in 8.9s
2026-09-17T11:23:00:   ▲ Next.js 14.2.2
2026-09-17T11:23:00:   ▲ Next.js 14.2.2
2026-09-17T11:23:00:   ▲ Next.js 14.2.2
2026-09-17T11:23:00:   ▲ Next.js 14.2.2
2026-09-17T11:23:00:   ▲ Next.js 14.2.2
2026-09-17T11:23:00:   ▲ Next.js 14.2.2
2026-09-17T11:23:00:   ▲ Next.js 14.2.2
2026-09-17T11:23:00:   ▲ Next.js 14.2.2
2026-09-17T11:23:00:   - Local:        http://localhost:3000
2026-09-17T11:23:00: 
2026-09-17T11:23:00:  ✓ Starting...
2026-09-17T11:23:00:   - Local:        http://localhost:3000
2026-09-17T11:23:00: 
2026-09-17T11:23:00:  ✓ Starting...
2026-09-17T11:23:00:   - Local:        http://localhost:3000
2026-09-17T11:23:00: 
2026-09-17T11:23:00:  ✓ Starting...
2026-09-17T11:23:00:   - Local:        http://localhost:3000
2026-09-17T11:23:00: 
2026-09-17T11:23:00:  ✓ Starting...
2026-09-17T11:23:00:   - Local:        http://localhost:3000
2026-09-17T11:23:00: 
2026-09-17T11:23:00:  ✓ Starting...
2026-09-17T11:23:00:   - Local:        http://localhost:3000
2026-09-17T11:23:00: 
2026-09-17T11:23:00:  ✓ Starting...
2026-09-17T11:23:00:   - Local:        http://localhost:3000
2026-09-17T11:23:00: 
2026-09-17T11:23:00:  ✓ Starting...
2026-09-17T11:23:00:   - Local:        http://localhost:3000
2026-09-17T11:23:00: 
2026-09-17T11:23:00:  ✓ Starting...
2026-09-17T11:23:03:  ✓ Ready in 9.3s
2026-09-17T11:23:03:  ✓ Ready in 9.3s
2026-09-17T11:23:03:  ✓ Ready in 9.3s
2026-09-17T11:23:03:  ✓ Ready in 9.3s
2026-09-17T11:23:03:  ✓ Ready in 9.3s
2026-09-17T11:23:03:  ✓ Ready in 9.3s
2026-09-17T11:23:03:  ✓ Ready in 9.3s
2026-09-17T11:23:03:  ✓ Ready in 9.3s
2026-09-17T20:05:31:   ▲ Next.js 14.2.2
2026-09-17T20:05:31:   ▲ Next.js 14.2.2
2026-09-17T20:05:31:   ▲ Next.js 14.2.2
2026-09-17T20:05:31:   ▲ Next.js 14.2.2
2026-09-17T20:05:31:   ▲ Next.js 14.2.2
2026-09-17T20:05:31:   ▲ Next.js 14.2.2
2026-09-17T20:05:31:   ▲ Next.js 14.2.2
2026-09-17T20:05:31:   ▲ Next.js 14.2.2
2026-09-17T20:05:31:   - Local:        http://localhost:3000
2026-09-17T20:05:31: 
2026-09-17T20:05:31:  ✓ Starting...
2026-09-17T20:05:31:   - Local:        http://localhost:3000
2026-09-17T20:05:31: 
2026-09-17T20:05:31:  ✓ Starting...
2026-09-17T20:05:31:   - Local:        http://localhost:3000
2026-09-17T20:05:31: 
2026-09-17T20:05:31:  ✓ Starting...
2026-09-17T20:05:31:   - Local:        http://localhost:3000
2026-09-17T20:05:31: 
2026-09-17T20:05:31:  ✓ Starting...
2026-09-17T20:05:31:   - Local:        http://localhost:3000
2026-09-17T20:05:31: 
2026-09-17T20:05:31:  ✓ Starting...
2026-09-17T20:05:31:   - Local:        http://localhost:3000
2026-09-17T20:05:31: 
2026-09-17T20:05:31:  ✓ Starting...
2026-09-17T20:05:31:   - Local:        http://localhost:3000
2026-09-17T20:05:31: 
2026-09-17T20:05:31:  ✓ Starting...
2026-09-17T20:05:31:   - Local:        http://localhost:3000
2026-09-17T20:05:31: 
2026-09-17T20:05:31:  ✓ Starting...
2026-09-17T20:05:32:  ✓ Ready in 2.7s
2026-09-17T20:05:32:  ✓ Ready in 2.8s
2026-09-17T20:05:32:  ✓ Ready in 2.8s
2026-09-17T20:05:32:  ✓ Ready in 2.8s
2026-09-17T20:05:32:  ✓ Ready in 2.8s
2026-09-17T20:05:32:  ✓ Ready in 2.8s
2026-09-17T20:05:32:  ✓ Ready in 2.8s
2026-09-17T20:05:32:  ✓ Ready in 2.8s
2026-09-20T23:58:56:   ▲ Next.js 14.2.2
2026-09-20T23:58:56:   ▲ Next.js 14.2.2
2026-09-20T23:58:56:   ▲ Next.js 14.2.2
2026-09-20T23:58:56:   ▲ Next.js 14.2.2
2026-09-20T23:58:56:   ▲ Next.js 14.2.2
2026-09-20T23:58:56:   ▲ Next.js 14.2.2
2026-09-20T23:58:56:   ▲ Next.js 14.2.2
2026-09-20T23:58:56:   ▲ Next.js 14.2.2
2026-09-20T23:58:56:   - Local:        http://localhost:3000
2026-09-20T23:58:56: 
2026-09-20T23:58:56:  ✓ Starting...
2026-09-20T23:58:56:   - Local:        http://localhost:3000
2026-09-20T23:58:56: 
2026-09-20T23:58:56:  ✓ Starting...
2026-09-20T23:58:56:   - Local:        http://localhost:3000
2026-09-20T23:58:56: 
2026-09-20T23:58:56:  ✓ Starting...
2026-09-20T23:58:56:   - Local:        http://localhost:3000
2026-09-20T23:58:56: 
2026-09-20T23:58:56:  ✓ Starting...
2026-09-20T23:58:56:   - Local:        http://localhost:3000
2026-09-20T23:58:56: 
2026-09-20T23:58:56:  ✓ Starting...
2026-09-20T23:58:56:   - Local:        http://localhost:3000
2026-09-20T23:58:56: 
2026-09-20T23:58:56:  ✓ Starting...
2026-09-20T23:58:56:   - Local:        http://localhost:3000
2026-09-20T23:58:56: 
2026-09-20T23:58:56:  ✓ Starting...
2026-09-20T23:58:56:   - Local:        http://localhost:3000
2026-09-20T23:58:56: 
2026-09-20T23:58:56:  ✓ Starting...
2026-09-20T23:58:57:  ✓ Ready in 1549ms
2026-09-20T23:58:57:  ✓ Ready in 1561ms
2026-09-20T23:58:57:  ✓ Ready in 1557ms
2026-09-20T23:58:57:  ✓ Ready in 1595ms
2026-09-20T23:58:57:  ✓ Ready in 1574ms
2026-09-20T23:58:57:  ✓ Ready in 1579ms
2026-09-20T23:58:57:  ✓ Ready in 1642ms
2026-09-20T23:58:57:  ✓ Ready in 1636ms
2026-09-21T01:59:28:  ⨯ Error: Cannot find module 'D:\project\web\admin-panel\.next\server\app\dashboard\message-management\private-message-list\page.js'
Require stack:
- D:\project\web\admin-panel\node_modules\next\dist\server\require.js
- D:\project\web\admin-panel\node_modules\next\dist\server\next-server.js
- D:\project\web\admin-panel\node_modules\next\dist\server\next.js
- D:\project\web\admin-panel\node_modules\next\dist\server\lib\start-server.js
- D:\project\web\admin-panel\node_modules\next\dist\cli\next-start.js
    at Function.call (node:internal/modules/cjs/loader:1401:15)
    at D:\project\web\admin-panel\node_modules\next\src\server\require-hook.ts:51:34
    at Module.call (C:\Users\kamra\AppData\Roaming\npm\node_modules\pm2\node_modules\require-in-the-middle\index.js:81:25)
    at Module.mod.require (D:\project\web\admin-panel\node_modules\next\src\server\require-hook.ts:70:26)
    at require (node:internal/modules/helpers:135:16)
    at requirePage (D:\project\web\admin-panel\node_modules\next\src\server\require.ts:127:9)
    at D:\project\web\admin-panel\node_modules\next\src\server\load-components.ts:191:16
    at runNextTicks (node:internal/process/task_queues:65:5)
    at processTimers (node:internal/timers:520:9)
    at loadComponentsImpl (D:\project\web\admin-panel\node_modules\next\src\server\load-components.ts:190:24) {
  code: 'MODULE_NOT_FOUND',
  requireStack: [
    'D:\\project\\web\\admin-panel\\node_modules\\next\\dist\\server\\require.js',
    'D:\\project\\web\\admin-panel\\node_modules\\next\\dist\\server\\next-server.js',
    'D:\\project\\web\\admin-panel\\node_modules\\next\\dist\\server\\next.js',
    'D:\\project\\web\\admin-panel\\node_modules\\next\\dist\\server\\lib\\start-server.js',
    'D:\\project\\web\\admin-panel\\node_modules\\next\\dist\\cli\\next-start.js'
  ]
}
2026-09-21T01:59:28:  ⨯ Error: Cannot find module 'D:\project\web\admin-panel\.next\server\pages\_error.js'
Require stack:
- D:\project\web\admin-panel\node_modules\next\dist\server\require.js
- D:\project\web\admin-panel\node_modules\next\dist\server\next-server.js
- D:\project\web\admin-panel\node_modules\next\dist\server\next.js
- D:\project\web\admin-panel\node_modules\next\dist\server\lib\start-server.js
- D:\project\web\admin-panel\node_modules\next\dist\cli\next-start.js
    at Function.call (node:internal/modules/cjs/loader:1401:15)
    at D:\project\web\admin-panel\node_modules\next\src\server\require-hook.ts:51:34
    at Module.call (C:\Users\kamra\AppData\Roaming\npm\node_modules\pm2\node_modules\require-in-the-middle\index.js:81:25)
    at Module.mod.require (D:\project\web\admin-panel\node_modules\next\src\server\require-hook.ts:70:26)
    at require (node:internal/modules/helpers:135:16)
    at requirePage (D:\project\web\admin-panel\node_modules\next\src\server\require.ts:127:9)
    at D:\project\web\admin-panel\node_modules\next\src\server\load-components.ts:191:16
    at runNextTicks (node:internal/process/task_queues:65:5)
    at processTimers (node:internal/timers:520:9)
    at loadComponentsImpl (D:\project\web\admin-panel\node_modules\next\src\server\load-components.ts:190:24) {
  code: 'MODULE_NOT_FOUND',
  requireStack: [
    'D:\\project\\web\\admin-panel\\node_modules\\next\\dist\\server\\require.js',
    'D:\\project\\web\\admin-panel\\node_modules\\next\\dist\\server\\next-server.js',
    'D:\\project\\web\\admin-panel\\node_modules\\next\\dist\\server\\next.js',
    'D:\\project\\web\\admin-panel\\node_modules\\next\\dist\\server\\lib\\start-server.js',
    'D:\\project\\web\\admin-panel\\node_modules\\next\\dist\\cli\\next-start.js'
  ]
}
