2026-05-19T09:48:59: Error: Could not find a production build in the '.next' directory. Try building your app with 'next build' before starting the production server. https://nextjs.org/docs/messages/production-start-no-build-id
    at setupFsCheck (D:\project\web\admin-panel\node_modules\next\src\server\lib\router-utils\filesystem.ts:157:13)
    at initialize (D:\project\web\admin-panel\node_modules\next\src\server\lib\router-server.ts:93:21)
    at Server.<anonymous> (D:\project\web\admin-panel\node_modules\next\src\server\lib\start-server.ts:293:28)
2026-05-19T09:48:59: Error: Could not find a production build in the '.next' directory. Try building your app with 'next build' before starting the production server. https://nextjs.org/docs/messages/production-start-no-build-id
    at setupFsCheck (D:\project\web\admin-panel\node_modules\next\src\server\lib\router-utils\filesystem.ts:157:13)
    at initialize (D:\project\web\admin-panel\node_modules\next\src\server\lib\router-server.ts:93:21)
    at Server.<anonymous> (D:\project\web\admin-panel\node_modules\next\src\server\lib\start-server.ts:293:28)
2026-05-19T09:49:00: Error: Could not find a production build in the '.next' directory. Try building your app with 'next build' before starting the production server. https://nextjs.org/docs/messages/production-start-no-build-id
    at setupFsCheck (D:\project\web\admin-panel\node_modules\next\src\server\lib\router-utils\filesystem.ts:157:13)
    at initialize (D:\project\web\admin-panel\node_modules\next\src\server\lib\router-server.ts:93:21)
    at Server.<anonymous> (D:\project\web\admin-panel\node_modules\next\src\server\lib\start-server.ts:293:28)
2026-05-19T09:49:00: Error: Could not find a production build in the '.next' directory. Try building your app with 'next build' before starting the production server. https://nextjs.org/docs/messages/production-start-no-build-id
    at setupFsCheck (D:\project\web\admin-panel\node_modules\next\src\server\lib\router-utils\filesystem.ts:157:13)
    at initialize (D:\project\web\admin-panel\node_modules\next\src\server\lib\router-server.ts:93:21)
    at Server.<anonymous> (D:\project\web\admin-panel\node_modules\next\src\server\lib\start-server.ts:293:28)
2026-05-19T09:49:00: Error: Could not find a production build in the '.next' directory. Try building your app with 'next build' before starting the production server. https://nextjs.org/docs/messages/production-start-no-build-id
    at setupFsCheck (D:\project\web\admin-panel\node_modules\next\src\server\lib\router-utils\filesystem.ts:157:13)
    at initialize (D:\project\web\admin-panel\node_modules\next\src\server\lib\router-server.ts:93:21)
    at Server.<anonymous> (D:\project\web\admin-panel\node_modules\next\src\server\lib\start-server.ts:293:28)
2026-05-19T09:49:00: Error: Could not find a production build in the '.next' directory. Try building your app with 'next build' before starting the production server. https://nextjs.org/docs/messages/production-start-no-build-id
    at setupFsCheck (D:\project\web\admin-panel\node_modules\next\src\server\lib\router-utils\filesystem.ts:157:13)
    at initialize (D:\project\web\admin-panel\node_modules\next\src\server\lib\router-server.ts:93:21)
    at Server.<anonymous> (D:\project\web\admin-panel\node_modules\next\src\server\lib\start-server.ts:293:28)
2026-05-19T09:49:00: Error: Could not find a production build in the '.next' directory. Try building your app with 'next build' before starting the production server. https://nextjs.org/docs/messages/production-start-no-build-id
    at setupFsCheck (D:\project\web\admin-panel\node_modules\next\src\server\lib\router-utils\filesystem.ts:157:13)
    at initialize (D:\project\web\admin-panel\node_modules\next\src\server\lib\router-server.ts:93:21)
    at Server.<anonymous> (D:\project\web\admin-panel\node_modules\next\src\server\lib\start-server.ts:293:28)
2026-05-19T09:49:00: Error: Could not find a production build in the '.next' directory. Try building your app with 'next build' before starting the production server. https://nextjs.org/docs/messages/production-start-no-build-id
    at setupFsCheck (D:\project\web\admin-panel\node_modules\next\src\server\lib\router-utils\filesystem.ts:157:13)
    at initialize (D:\project\web\admin-panel\node_modules\next\src\server\lib\router-server.ts:93:21)
    at Server.<anonymous> (D:\project\web\admin-panel\node_modules\next\src\server\lib\start-server.ts:293:28)
2026-05-19T09:49:01: Error: Could not find a production build in the '.next' directory. Try building your app with 'next build' before starting the production server. https://nextjs.org/docs/messages/production-start-no-build-id
    at setupFsCheck (D:\project\web\admin-panel\node_modules\next\src\server\lib\router-utils\filesystem.ts:157:13)
    at initialize (D:\project\web\admin-panel\node_modules\next\src\server\lib\router-server.ts:93:21)
    at Server.<anonymous> (D:\project\web\admin-panel\node_modules\next\src\server\lib\start-server.ts:293:28)
2026-05-19T09:49:01: Error: Could not find a production build in the '.next' directory. Try building your app with 'next build' before starting the production server. https://nextjs.org/docs/messages/production-start-no-build-id
    at setupFsCheck (D:\project\web\admin-panel\node_modules\next\src\server\lib\router-utils\filesystem.ts:157:13)
    at initialize (D:\project\web\admin-panel\node_modules\next\src\server\lib\router-server.ts:93:21)
    at Server.<anonymous> (D:\project\web\admin-panel\node_modules\next\src\server\lib\start-server.ts:293:28)
2026-05-19T09:49:01: Error: Could not find a production build in the '.next' directory. Try building your app with 'next build' before starting the production server. https://nextjs.org/docs/messages/production-start-no-build-id
    at setupFsCheck (D:\project\web\admin-panel\node_modules\next\src\server\lib\router-utils\filesystem.ts:157:13)
    at initialize (D:\project\web\admin-panel\node_modules\next\src\server\lib\router-server.ts:93:21)
    at Server.<anonymous> (D:\project\web\admin-panel\node_modules\next\src\server\lib\start-server.ts:293:28)
2026-05-19T09:49:02: Error: Could not find a production build in the '.next' directory. Try building your app with 'next build' before starting the production server. https://nextjs.org/docs/messages/production-start-no-build-id
    at setupFsCheck (D:\project\web\admin-panel\node_modules\next\src\server\lib\router-utils\filesystem.ts:157:13)
    at initialize (D:\project\web\admin-panel\node_modules\next\src\server\lib\router-server.ts:93:21)
    at Server.<anonymous> (D:\project\web\admin-panel\node_modules\next\src\server\lib\start-server.ts:293:28)
2026-05-19T09:49:02: Error: Could not find a production build in the '.next' directory. Try building your app with 'next build' before starting the production server. https://nextjs.org/docs/messages/production-start-no-build-id
    at setupFsCheck (D:\project\web\admin-panel\node_modules\next\src\server\lib\router-utils\filesystem.ts:157:13)
    at initialize (D:\project\web\admin-panel\node_modules\next\src\server\lib\router-server.ts:93:21)
    at Server.<anonymous> (D:\project\web\admin-panel\node_modules\next\src\server\lib\start-server.ts:293:28)
2026-05-19T09:49:02: Error: Could not find a production build in the '.next' directory. Try building your app with 'next build' before starting the production server. https://nextjs.org/docs/messages/production-start-no-build-id
    at setupFsCheck (D:\project\web\admin-panel\node_modules\next\src\server\lib\router-utils\filesystem.ts:157:13)
    at initialize (D:\project\web\admin-panel\node_modules\next\src\server\lib\router-server.ts:93:21)
    at Server.<anonymous> (D:\project\web\admin-panel\node_modules\next\src\server\lib\start-server.ts:293:28)
2026-05-19T09:49:02: Error: Could not find a production build in the '.next' directory. Try building your app with 'next build' before starting the production server. https://nextjs.org/docs/messages/production-start-no-build-id
    at setupFsCheck (D:\project\web\admin-panel\node_modules\next\src\server\lib\router-utils\filesystem.ts:157:13)
    at initialize (D:\project\web\admin-panel\node_modules\next\src\server\lib\router-server.ts:93:21)
    at Server.<anonymous> (D:\project\web\admin-panel\node_modules\next\src\server\lib\start-server.ts:293:28)
2026-05-19T09:49:03: Error: Could not find a production build in the '.next' directory. Try building your app with 'next build' before starting the production server. https://nextjs.org/docs/messages/production-start-no-build-id
    at setupFsCheck (D:\project\web\admin-panel\node_modules\next\src\server\lib\router-utils\filesystem.ts:157:13)
    at initialize (D:\project\web\admin-panel\node_modules\next\src\server\lib\router-server.ts:93:21)
    at Server.<anonymous> (D:\project\web\admin-panel\node_modules\next\src\server\lib\start-server.ts:293:28)
2026-05-19T09:49:04: Error: Could not find a production build in the '.next' directory. Try building your app with 'next build' before starting the production server. https://nextjs.org/docs/messages/production-start-no-build-id
    at setupFsCheck (D:\project\web\admin-panel\node_modules\next\src\server\lib\router-utils\filesystem.ts:157:13)
    at initialize (D:\project\web\admin-panel\node_modules\next\src\server\lib\router-server.ts:93:21)
    at Server.<anonymous> (D:\project\web\admin-panel\node_modules\next\src\server\lib\start-server.ts:293:28)
2026-05-19T09:49:04: Error: Could not find a production build in the '.next' directory. Try building your app with 'next build' before starting the production server. https://nextjs.org/docs/messages/production-start-no-build-id
    at setupFsCheck (D:\project\web\admin-panel\node_modules\next\src\server\lib\router-utils\filesystem.ts:157:13)
    at initialize (D:\project\web\admin-panel\node_modules\next\src\server\lib\router-server.ts:93:21)
    at Server.<anonymous> (D:\project\web\admin-panel\node_modules\next\src\server\lib\start-server.ts:293:28)
2026-05-19T09:49:04: Error: Could not find a production build in the '.next' directory. Try building your app with 'next build' before starting the production server. https://nextjs.org/docs/messages/production-start-no-build-id
    at setupFsCheck (D:\project\web\admin-panel\node_modules\next\src\server\lib\router-utils\filesystem.ts:157:13)
    at initialize (D:\project\web\admin-panel\node_modules\next\src\server\lib\router-server.ts:93:21)
    at Server.<anonymous> (D:\project\web\admin-panel\node_modules\next\src\server\lib\start-server.ts:293:28)
2026-05-19T09:49:04: Error: Could not find a production build in the '.next' directory. Try building your app with 'next build' before starting the production server. https://nextjs.org/docs/messages/production-start-no-build-id
    at setupFsCheck (D:\project\web\admin-panel\node_modules\next\src\server\lib\router-utils\filesystem.ts:157:13)
    at initialize (D:\project\web\admin-panel\node_modules\next\src\server\lib\router-server.ts:93:21)
    at Server.<anonymous> (D:\project\web\admin-panel\node_modules\next\src\server\lib\start-server.ts:293:28)
2026-05-19T09:49:04: Error: Could not find a production build in the '.next' directory. Try building your app with 'next build' before starting the production server. https://nextjs.org/docs/messages/production-start-no-build-id
    at setupFsCheck (D:\project\web\admin-panel\node_modules\next\src\server\lib\router-utils\filesystem.ts:157:13)
    at initialize (D:\project\web\admin-panel\node_modules\next\src\server\lib\router-server.ts:93:21)
    at Server.<anonymous> (D:\project\web\admin-panel\node_modules\next\src\server\lib\start-server.ts:293:28)
2026-05-19T09:49:04: Error: Could not find a production build in the '.next' directory. Try building your app with 'next build' before starting the production server. https://nextjs.org/docs/messages/production-start-no-build-id
    at setupFsCheck (D:\project\web\admin-panel\node_modules\next\src\server\lib\router-utils\filesystem.ts:157:13)
    at initialize (D:\project\web\admin-panel\node_modules\next\src\server\lib\router-server.ts:93:21)
    at Server.<anonymous> (D:\project\web\admin-panel\node_modules\next\src\server\lib\start-server.ts:293:28)
2026-05-19T09:49:04: Error: Could not find a production build in the '.next' directory. Try building your app with 'next build' before starting the production server. https://nextjs.org/docs/messages/production-start-no-build-id
    at setupFsCheck (D:\project\web\admin-panel\node_modules\next\src\server\lib\router-utils\filesystem.ts:157:13)
    at initialize (D:\project\web\admin-panel\node_modules\next\src\server\lib\router-server.ts:93:21)
    at Server.<anonymous> (D:\project\web\admin-panel\node_modules\next\src\server\lib\start-server.ts:293:28)
2026-05-19T09:49:05: Error: Could not find a production build in the '.next' directory. Try building your app with 'next build' before starting the production server. https://nextjs.org/docs/messages/production-start-no-build-id
    at setupFsCheck (D:\project\web\admin-panel\node_modules\next\src\server\lib\router-utils\filesystem.ts:157:13)
    at initialize (D:\project\web\admin-panel\node_modules\next\src\server\lib\router-server.ts:93:21)
    at Server.<anonymous> (D:\project\web\admin-panel\node_modules\next\src\server\lib\start-server.ts:293:28)
2026-05-19T09:49:05: Error: Could not find a production build in the '.next' directory. Try building your app with 'next build' before starting the production server. https://nextjs.org/docs/messages/production-start-no-build-id
    at setupFsCheck (D:\project\web\admin-panel\node_modules\next\src\server\lib\router-utils\filesystem.ts:157:13)
    at initialize (D:\project\web\admin-panel\node_modules\next\src\server\lib\router-server.ts:93:21)
    at Server.<anonymous> (D:\project\web\admin-panel\node_modules\next\src\server\lib\start-server.ts:293:28)
2026-05-19T09:49:06: Error: Could not find a production build in the '.next' directory. Try building your app with 'next build' before starting the production server. https://nextjs.org/docs/messages/production-start-no-build-id
    at setupFsCheck (D:\project\web\admin-panel\node_modules\next\src\server\lib\router-utils\filesystem.ts:157:13)
    at initialize (D:\project\web\admin-panel\node_modules\next\src\server\lib\router-server.ts:93:21)
    at Server.<anonymous> (D:\project\web\admin-panel\node_modules\next\src\server\lib\start-server.ts:293:28)
2026-05-19T09:49:06: Error: Could not find a production build in the '.next' directory. Try building your app with 'next build' before starting the production server. https://nextjs.org/docs/messages/production-start-no-build-id
    at setupFsCheck (D:\project\web\admin-panel\node_modules\next\src\server\lib\router-utils\filesystem.ts:157:13)
    at initialize (D:\project\web\admin-panel\node_modules\next\src\server\lib\router-server.ts:93:21)
    at Server.<anonymous> (D:\project\web\admin-panel\node_modules\next\src\server\lib\start-server.ts:293:28)
2026-05-19T09:49:06: Error: Could not find a production build in the '.next' directory. Try building your app with 'next build' before starting the production server. https://nextjs.org/docs/messages/production-start-no-build-id
    at setupFsCheck (D:\project\web\admin-panel\node_modules\next\src\server\lib\router-utils\filesystem.ts:157:13)
    at initialize (D:\project\web\admin-panel\node_modules\next\src\server\lib\router-server.ts:93:21)
    at Server.<anonymous> (D:\project\web\admin-panel\node_modules\next\src\server\lib\start-server.ts:293:28)
2026-05-19T09:49:06: Error: Could not find a production build in the '.next' directory. Try building your app with 'next build' before starting the production server. https://nextjs.org/docs/messages/production-start-no-build-id
    at setupFsCheck (D:\project\web\admin-panel\node_modules\next\src\server\lib\router-utils\filesystem.ts:157:13)
    at initialize (D:\project\web\admin-panel\node_modules\next\src\server\lib\router-server.ts:93:21)
    at Server.<anonymous> (D:\project\web\admin-panel\node_modules\next\src\server\lib\start-server.ts:293:28)
2026-05-19T09:49:06: Error: Could not find a production build in the '.next' directory. Try building your app with 'next build' before starting the production server. https://nextjs.org/docs/messages/production-start-no-build-id
    at setupFsCheck (D:\project\web\admin-panel\node_modules\next\src\server\lib\router-utils\filesystem.ts:157:13)
    at initialize (D:\project\web\admin-panel\node_modules\next\src\server\lib\router-server.ts:93:21)
    at Server.<anonymous> (D:\project\web\admin-panel\node_modules\next\src\server\lib\start-server.ts:293:28)
2026-05-19T09:49:06: Error: Could not find a production build in the '.next' directory. Try building your app with 'next build' before starting the production server. https://nextjs.org/docs/messages/production-start-no-build-id
    at setupFsCheck (D:\project\web\admin-panel\node_modules\next\src\server\lib\router-utils\filesystem.ts:157:13)
    at initialize (D:\project\web\admin-panel\node_modules\next\src\server\lib\router-server.ts:93:21)
    at Server.<anonymous> (D:\project\web\admin-panel\node_modules\next\src\server\lib\start-server.ts:293:28)
2026-05-19T09:49:07: Error: Could not find a production build in the '.next' directory. Try building your app with 'next build' before starting the production server. https://nextjs.org/docs/messages/production-start-no-build-id
    at setupFsCheck (D:\project\web\admin-panel\node_modules\next\src\server\lib\router-utils\filesystem.ts:157:13)
    at initialize (D:\project\web\admin-panel\node_modules\next\src\server\lib\router-server.ts:93:21)
    at Server.<anonymous> (D:\project\web\admin-panel\node_modules\next\src\server\lib\start-server.ts:293:28)
2026-05-19T09:49:07: Error: Could not find a production build in the '.next' directory. Try building your app with 'next build' before starting the production server. https://nextjs.org/docs/messages/production-start-no-build-id
    at setupFsCheck (D:\project\web\admin-panel\node_modules\next\src\server\lib\router-utils\filesystem.ts:157:13)
    at initialize (D:\project\web\admin-panel\node_modules\next\src\server\lib\router-server.ts:93:21)
    at Server.<anonymous> (D:\project\web\admin-panel\node_modules\next\src\server\lib\start-server.ts:293:28)
2026-05-19T09:49:07: Error: Could not find a production build in the '.next' directory. Try building your app with 'next build' before starting the production server. https://nextjs.org/docs/messages/production-start-no-build-id
    at setupFsCheck (D:\project\web\admin-panel\node_modules\next\src\server\lib\router-utils\filesystem.ts:157:13)
    at initialize (D:\project\web\admin-panel\node_modules\next\src\server\lib\router-server.ts:93:21)
    at Server.<anonymous> (D:\project\web\admin-panel\node_modules\next\src\server\lib\start-server.ts:293:28)
2026-05-19T09:49:08: Error: Could not find a production build in the '.next' directory. Try building your app with 'next build' before starting the production server. https://nextjs.org/docs/messages/production-start-no-build-id
    at setupFsCheck (D:\project\web\admin-panel\node_modules\next\src\server\lib\router-utils\filesystem.ts:157:13)
    at initialize (D:\project\web\admin-panel\node_modules\next\src\server\lib\router-server.ts:93:21)
    at Server.<anonymous> (D:\project\web\admin-panel\node_modules\next\src\server\lib\start-server.ts:293:28)
2026-05-19T09:49:08: Error: Could not find a production build in the '.next' directory. Try building your app with 'next build' before starting the production server. https://nextjs.org/docs/messages/production-start-no-build-id
    at setupFsCheck (D:\project\web\admin-panel\node_modules\next\src\server\lib\router-utils\filesystem.ts:157:13)
    at initialize (D:\project\web\admin-panel\node_modules\next\src\server\lib\router-server.ts:93:21)
    at Server.<anonymous> (D:\project\web\admin-panel\node_modules\next\src\server\lib\start-server.ts:293:28)
2026-05-19T09:49:08: Error: Could not find a production build in the '.next' directory. Try building your app with 'next build' before starting the production server. https://nextjs.org/docs/messages/production-start-no-build-id
    at setupFsCheck (D:\project\web\admin-panel\node_modules\next\src\server\lib\router-utils\filesystem.ts:157:13)
    at initialize (D:\project\web\admin-panel\node_modules\next\src\server\lib\router-server.ts:93:21)
    at Server.<anonymous> (D:\project\web\admin-panel\node_modules\next\src\server\lib\start-server.ts:293:28)
2026-05-19T09:49:08: Error: Could not find a production build in the '.next' directory. Try building your app with 'next build' before starting the production server. https://nextjs.org/docs/messages/production-start-no-build-id
    at setupFsCheck (D:\project\web\admin-panel\node_modules\next\src\server\lib\router-utils\filesystem.ts:157:13)
    at initialize (D:\project\web\admin-panel\node_modules\next\src\server\lib\router-server.ts:93:21)
    at Server.<anonymous> (D:\project\web\admin-panel\node_modules\next\src\server\lib\start-server.ts:293:28)
2026-05-19T09:49:08: Error: Could not find a production build in the '.next' directory. Try building your app with 'next build' before starting the production server. https://nextjs.org/docs/messages/production-start-no-build-id
    at setupFsCheck (D:\project\web\admin-panel\node_modules\next\src\server\lib\router-utils\filesystem.ts:157:13)
    at initialize (D:\project\web\admin-panel\node_modules\next\src\server\lib\router-server.ts:93:21)
    at Server.<anonymous> (D:\project\web\admin-panel\node_modules\next\src\server\lib\start-server.ts:293:28)
2026-05-19T09:49:09: Error: Could not find a production build in the '.next' directory. Try building your app with 'next build' before starting the production server. https://nextjs.org/docs/messages/production-start-no-build-id
    at setupFsCheck (D:\project\web\admin-panel\node_modules\next\src\server\lib\router-utils\filesystem.ts:157:13)
    at initialize (D:\project\web\admin-panel\node_modules\next\src\server\lib\router-server.ts:93:21)
    at Server.<anonymous> (D:\project\web\admin-panel\node_modules\next\src\server\lib\start-server.ts:293:28)
2026-05-19T09:49:09: Error: Could not find a production build in the '.next' directory. Try building your app with 'next build' before starting the production server. https://nextjs.org/docs/messages/production-start-no-build-id
    at setupFsCheck (D:\project\web\admin-panel\node_modules\next\src\server\lib\router-utils\filesystem.ts:157:13)
    at initialize (D:\project\web\admin-panel\node_modules\next\src\server\lib\router-server.ts:93:21)
    at Server.<anonymous> (D:\project\web\admin-panel\node_modules\next\src\server\lib\start-server.ts:293:28)
2026-05-19T09:49:09: Error: Could not find a production build in the '.next' directory. Try building your app with 'next build' before starting the production server. https://nextjs.org/docs/messages/production-start-no-build-id
    at setupFsCheck (D:\project\web\admin-panel\node_modules\next\src\server\lib\router-utils\filesystem.ts:157:13)
    at initialize (D:\project\web\admin-panel\node_modules\next\src\server\lib\router-server.ts:93:21)
    at Server.<anonymous> (D:\project\web\admin-panel\node_modules\next\src\server\lib\start-server.ts:293:28)
2026-05-19T09:49:09: Error: Could not find a production build in the '.next' directory. Try building your app with 'next build' before starting the production server. https://nextjs.org/docs/messages/production-start-no-build-id
    at setupFsCheck (D:\project\web\admin-panel\node_modules\next\src\server\lib\router-utils\filesystem.ts:157:13)
    at initialize (D:\project\web\admin-panel\node_modules\next\src\server\lib\router-server.ts:93:21)
    at Server.<anonymous> (D:\project\web\admin-panel\node_modules\next\src\server\lib\start-server.ts:293:28)
2026-05-19T09:49:10: Error: Could not find a production build in the '.next' directory. Try building your app with 'next build' before starting the production server. https://nextjs.org/docs/messages/production-start-no-build-id
    at setupFsCheck (D:\project\web\admin-panel\node_modules\next\src\server\lib\router-utils\filesystem.ts:157:13)
    at initialize (D:\project\web\admin-panel\node_modules\next\src\server\lib\router-server.ts:93:21)
    at Server.<anonymous> (D:\project\web\admin-panel\node_modules\next\src\server\lib\start-server.ts:293:28)
2026-05-19T09:49:10: Error: Could not find a production build in the '.next' directory. Try building your app with 'next build' before starting the production server. https://nextjs.org/docs/messages/production-start-no-build-id
    at setupFsCheck (D:\project\web\admin-panel\node_modules\next\src\server\lib\router-utils\filesystem.ts:157:13)
    at initialize (D:\project\web\admin-panel\node_modules\next\src\server\lib\router-server.ts:93:21)
    at Server.<anonymous> (D:\project\web\admin-panel\node_modules\next\src\server\lib\start-server.ts:293:28)
2026-05-19T09:49:10: Error: Could not find a production build in the '.next' directory. Try building your app with 'next build' before starting the production server. https://nextjs.org/docs/messages/production-start-no-build-id
    at setupFsCheck (D:\project\web\admin-panel\node_modules\next\src\server\lib\router-utils\filesystem.ts:157:13)
    at initialize (D:\project\web\admin-panel\node_modules\next\src\server\lib\router-server.ts:93:21)
    at Server.<anonymous> (D:\project\web\admin-panel\node_modules\next\src\server\lib\start-server.ts:293:28)
2026-05-19T09:49:10: Error: Could not find a production build in the '.next' directory. Try building your app with 'next build' before starting the production server. https://nextjs.org/docs/messages/production-start-no-build-id
    at setupFsCheck (D:\project\web\admin-panel\node_modules\next\src\server\lib\router-utils\filesystem.ts:157:13)
    at initialize (D:\project\web\admin-panel\node_modules\next\src\server\lib\router-server.ts:93:21)
    at Server.<anonymous> (D:\project\web\admin-panel\node_modules\next\src\server\lib\start-server.ts:293:28)
2026-05-19T09:49:11: Error: Could not find a production build in the '.next' directory. Try building your app with 'next build' before starting the production server. https://nextjs.org/docs/messages/production-start-no-build-id
    at setupFsCheck (D:\project\web\admin-panel\node_modules\next\src\server\lib\router-utils\filesystem.ts:157:13)
    at initialize (D:\project\web\admin-panel\node_modules\next\src\server\lib\router-server.ts:93:21)
    at Server.<anonymous> (D:\project\web\admin-panel\node_modules\next\src\server\lib\start-server.ts:293:28)
2026-05-19T09:49:11: Error: Could not find a production build in the '.next' directory. Try building your app with 'next build' before starting the production server. https://nextjs.org/docs/messages/production-start-no-build-id
    at setupFsCheck (D:\project\web\admin-panel\node_modules\next\src\server\lib\router-utils\filesystem.ts:157:13)
    at initialize (D:\project\web\admin-panel\node_modules\next\src\server\lib\router-server.ts:93:21)
    at Server.<anonymous> (D:\project\web\admin-panel\node_modules\next\src\server\lib\start-server.ts:293:28)
2026-05-19T09:49:11: Error: Could not find a production build in the '.next' directory. Try building your app with 'next build' before starting the production server. https://nextjs.org/docs/messages/production-start-no-build-id
    at setupFsCheck (D:\project\web\admin-panel\node_modules\next\src\server\lib\router-utils\filesystem.ts:157:13)
    at initialize (D:\project\web\admin-panel\node_modules\next\src\server\lib\router-server.ts:93:21)
    at Server.<anonymous> (D:\project\web\admin-panel\node_modules\next\src\server\lib\start-server.ts:293:28)
2026-05-19T09:49:11: Error: Could not find a production build in the '.next' directory. Try building your app with 'next build' before starting the production server. https://nextjs.org/docs/messages/production-start-no-build-id
    at setupFsCheck (D:\project\web\admin-panel\node_modules\next\src\server\lib\router-utils\filesystem.ts:157:13)
    at initialize (D:\project\web\admin-panel\node_modules\next\src\server\lib\router-server.ts:93:21)
    at Server.<anonymous> (D:\project\web\admin-panel\node_modules\next\src\server\lib\start-server.ts:293:28)
2026-05-19T09:49:11: Error: Could not find a production build in the '.next' directory. Try building your app with 'next build' before starting the production server. https://nextjs.org/docs/messages/production-start-no-build-id
    at setupFsCheck (D:\project\web\admin-panel\node_modules\next\src\server\lib\router-utils\filesystem.ts:157:13)
    at initialize (D:\project\web\admin-panel\node_modules\next\src\server\lib\router-server.ts:93:21)
    at Server.<anonymous> (D:\project\web\admin-panel\node_modules\next\src\server\lib\start-server.ts:293:28)
2026-05-19T09:49:11: Error: Could not find a production build in the '.next' directory. Try building your app with 'next build' before starting the production server. https://nextjs.org/docs/messages/production-start-no-build-id
    at setupFsCheck (D:\project\web\admin-panel\node_modules\next\src\server\lib\router-utils\filesystem.ts:157:13)
    at initialize (D:\project\web\admin-panel\node_modules\next\src\server\lib\router-server.ts:93:21)
    at Server.<anonymous> (D:\project\web\admin-panel\node_modules\next\src\server\lib\start-server.ts:293:28)
2026-05-19T09:49:12: Error: Could not find a production build in the '.next' directory. Try building your app with 'next build' before starting the production server. https://nextjs.org/docs/messages/production-start-no-build-id
    at setupFsCheck (D:\project\web\admin-panel\node_modules\next\src\server\lib\router-utils\filesystem.ts:157:13)
    at initialize (D:\project\web\admin-panel\node_modules\next\src\server\lib\router-server.ts:93:21)
    at Server.<anonymous> (D:\project\web\admin-panel\node_modules\next\src\server\lib\start-server.ts:293:28)
2026-05-19T09:49:12: Error: Could not find a production build in the '.next' directory. Try building your app with 'next build' before starting the production server. https://nextjs.org/docs/messages/production-start-no-build-id
    at setupFsCheck (D:\project\web\admin-panel\node_modules\next\src\server\lib\router-utils\filesystem.ts:157:13)
    at initialize (D:\project\web\admin-panel\node_modules\next\src\server\lib\router-server.ts:93:21)
    at Server.<anonymous> (D:\project\web\admin-panel\node_modules\next\src\server\lib\start-server.ts:293:28)
2026-05-19T09:49:13: Error: Could not find a production build in the '.next' directory. Try building your app with 'next build' before starting the production server. https://nextjs.org/docs/messages/production-start-no-build-id
    at setupFsCheck (D:\project\web\admin-panel\node_modules\next\src\server\lib\router-utils\filesystem.ts:157:13)
    at initialize (D:\project\web\admin-panel\node_modules\next\src\server\lib\router-server.ts:93:21)
    at Server.<anonymous> (D:\project\web\admin-panel\node_modules\next\src\server\lib\start-server.ts:293:28)
2026-05-19T09:49:13: Error: Could not find a production build in the '.next' directory. Try building your app with 'next build' before starting the production server. https://nextjs.org/docs/messages/production-start-no-build-id
    at setupFsCheck (D:\project\web\admin-panel\node_modules\next\src\server\lib\router-utils\filesystem.ts:157:13)
    at initialize (D:\project\web\admin-panel\node_modules\next\src\server\lib\router-server.ts:93:21)
    at Server.<anonymous> (D:\project\web\admin-panel\node_modules\next\src\server\lib\start-server.ts:293:28)
2026-05-19T09:49:13: Error: Could not find a production build in the '.next' directory. Try building your app with 'next build' before starting the production server. https://nextjs.org/docs/messages/production-start-no-build-id
    at setupFsCheck (D:\project\web\admin-panel\node_modules\next\src\server\lib\router-utils\filesystem.ts:157:13)
    at initialize (D:\project\web\admin-panel\node_modules\next\src\server\lib\router-server.ts:93:21)
    at Server.<anonymous> (D:\project\web\admin-panel\node_modules\next\src\server\lib\start-server.ts:293:28)
2026-05-19T09:49:13: Error: Could not find a production build in the '.next' directory. Try building your app with 'next build' before starting the production server. https://nextjs.org/docs/messages/production-start-no-build-id
    at setupFsCheck (D:\project\web\admin-panel\node_modules\next\src\server\lib\router-utils\filesystem.ts:157:13)
    at initialize (D:\project\web\admin-panel\node_modules\next\src\server\lib\router-server.ts:93:21)
    at Server.<anonymous> (D:\project\web\admin-panel\node_modules\next\src\server\lib\start-server.ts:293:28)
2026-05-19T09:49:13: Error: Could not find a production build in the '.next' directory. Try building your app with 'next build' before starting the production server. https://nextjs.org/docs/messages/production-start-no-build-id
    at setupFsCheck (D:\project\web\admin-panel\node_modules\next\src\server\lib\router-utils\filesystem.ts:157:13)
    at initialize (D:\project\web\admin-panel\node_modules\next\src\server\lib\router-server.ts:93:21)
    at Server.<anonymous> (D:\project\web\admin-panel\node_modules\next\src\server\lib\start-server.ts:293:28)
2026-05-19T09:49:13: Error: Could not find a production build in the '.next' directory. Try building your app with 'next build' before starting the production server. https://nextjs.org/docs/messages/production-start-no-build-id
    at setupFsCheck (D:\project\web\admin-panel\node_modules\next\src\server\lib\router-utils\filesystem.ts:157:13)
    at initialize (D:\project\web\admin-panel\node_modules\next\src\server\lib\router-server.ts:93:21)
    at Server.<anonymous> (D:\project\web\admin-panel\node_modules\next\src\server\lib\start-server.ts:293:28)
2026-05-19T09:49:14: Error: Could not find a production build in the '.next' directory. Try building your app with 'next build' before starting the production server. https://nextjs.org/docs/messages/production-start-no-build-id
    at setupFsCheck (D:\project\web\admin-panel\node_modules\next\src\server\lib\router-utils\filesystem.ts:157:13)
    at initialize (D:\project\web\admin-panel\node_modules\next\src\server\lib\router-server.ts:93:21)
    at Server.<anonymous> (D:\project\web\admin-panel\node_modules\next\src\server\lib\start-server.ts:293:28)
2026-05-19T09:49:14: Error: Could not find a production build in the '.next' directory. Try building your app with 'next build' before starting the production server. https://nextjs.org/docs/messages/production-start-no-build-id
    at setupFsCheck (D:\project\web\admin-panel\node_modules\next\src\server\lib\router-utils\filesystem.ts:157:13)
    at initialize (D:\project\web\admin-panel\node_modules\next\src\server\lib\router-server.ts:93:21)
    at Server.<anonymous> (D:\project\web\admin-panel\node_modules\next\src\server\lib\start-server.ts:293:28)
2026-05-19T09:49:14: Error: Could not find a production build in the '.next' directory. Try building your app with 'next build' before starting the production server. https://nextjs.org/docs/messages/production-start-no-build-id
    at setupFsCheck (D:\project\web\admin-panel\node_modules\next\src\server\lib\router-utils\filesystem.ts:157:13)
    at initialize (D:\project\web\admin-panel\node_modules\next\src\server\lib\router-server.ts:93:21)
    at Server.<anonymous> (D:\project\web\admin-panel\node_modules\next\src\server\lib\start-server.ts:293:28)
2026-05-19T09:49:14: Error: Could not find a production build in the '.next' directory. Try building your app with 'next build' before starting the production server. https://nextjs.org/docs/messages/production-start-no-build-id
    at setupFsCheck (D:\project\web\admin-panel\node_modules\next\src\server\lib\router-utils\filesystem.ts:157:13)
    at initialize (D:\project\web\admin-panel\node_modules\next\src\server\lib\router-server.ts:93:21)
    at Server.<anonymous> (D:\project\web\admin-panel\node_modules\next\src\server\lib\start-server.ts:293:28)
2026-05-19T09:49:15: Error: Could not find a production build in the '.next' directory. Try building your app with 'next build' before starting the production server. https://nextjs.org/docs/messages/production-start-no-build-id
    at setupFsCheck (D:\project\web\admin-panel\node_modules\next\src\server\lib\router-utils\filesystem.ts:157:13)
    at initialize (D:\project\web\admin-panel\node_modules\next\src\server\lib\router-server.ts:93:21)
    at Server.<anonymous> (D:\project\web\admin-panel\node_modules\next\src\server\lib\start-server.ts:293:28)
2026-05-19T09:49:15: Error: Could not find a production build in the '.next' directory. Try building your app with 'next build' before starting the production server. https://nextjs.org/docs/messages/production-start-no-build-id
    at setupFsCheck (D:\project\web\admin-panel\node_modules\next\src\server\lib\router-utils\filesystem.ts:157:13)
    at initialize (D:\project\web\admin-panel\node_modules\next\src\server\lib\router-server.ts:93:21)
    at Server.<anonymous> (D:\project\web\admin-panel\node_modules\next\src\server\lib\start-server.ts:293:28)
2026-05-19T09:49:15: Error: Could not find a production build in the '.next' directory. Try building your app with 'next build' before starting the production server. https://nextjs.org/docs/messages/production-start-no-build-id
    at setupFsCheck (D:\project\web\admin-panel\node_modules\next\src\server\lib\router-utils\filesystem.ts:157:13)
    at initialize (D:\project\web\admin-panel\node_modules\next\src\server\lib\router-server.ts:93:21)
    at Server.<anonymous> (D:\project\web\admin-panel\node_modules\next\src\server\lib\start-server.ts:293:28)
2026-05-19T09:49:15: Error: Could not find a production build in the '.next' directory. Try building your app with 'next build' before starting the production server. https://nextjs.org/docs/messages/production-start-no-build-id
    at setupFsCheck (D:\project\web\admin-panel\node_modules\next\src\server\lib\router-utils\filesystem.ts:157:13)
    at initialize (D:\project\web\admin-panel\node_modules\next\src\server\lib\router-server.ts:93:21)
    at Server.<anonymous> (D:\project\web\admin-panel\node_modules\next\src\server\lib\start-server.ts:293:28)
2026-05-19T09:49:15: Error: Could not find a production build in the '.next' directory. Try building your app with 'next build' before starting the production server. https://nextjs.org/docs/messages/production-start-no-build-id
    at setupFsCheck (D:\project\web\admin-panel\node_modules\next\src\server\lib\router-utils\filesystem.ts:157:13)
    at initialize (D:\project\web\admin-panel\node_modules\next\src\server\lib\router-server.ts:93:21)
    at Server.<anonymous> (D:\project\web\admin-panel\node_modules\next\src\server\lib\start-server.ts:293:28)
2026-05-19T09:49:15: Error: Could not find a production build in the '.next' directory. Try building your app with 'next build' before starting the production server. https://nextjs.org/docs/messages/production-start-no-build-id
    at setupFsCheck (D:\project\web\admin-panel\node_modules\next\src\server\lib\router-utils\filesystem.ts:157:13)
    at initialize (D:\project\web\admin-panel\node_modules\next\src\server\lib\router-server.ts:93:21)
    at Server.<anonymous> (D:\project\web\admin-panel\node_modules\next\src\server\lib\start-server.ts:293:28)
2026-05-19T09:49:16: Error: Could not find a production build in the '.next' directory. Try building your app with 'next build' before starting the production server. https://nextjs.org/docs/messages/production-start-no-build-id
    at setupFsCheck (D:\project\web\admin-panel\node_modules\next\src\server\lib\router-utils\filesystem.ts:157:13)
    at initialize (D:\project\web\admin-panel\node_modules\next\src\server\lib\router-server.ts:93:21)
    at Server.<anonymous> (D:\project\web\admin-panel\node_modules\next\src\server\lib\start-server.ts:293:28)
2026-05-19T09:49:16: Error: Could not find a production build in the '.next' directory. Try building your app with 'next build' before starting the production server. https://nextjs.org/docs/messages/production-start-no-build-id
    at setupFsCheck (D:\project\web\admin-panel\node_modules\next\src\server\lib\router-utils\filesystem.ts:157:13)
    at initialize (D:\project\web\admin-panel\node_modules\next\src\server\lib\router-server.ts:93:21)
    at Server.<anonymous> (D:\project\web\admin-panel\node_modules\next\src\server\lib\start-server.ts:293:28)
2026-05-19T09:49:16: Error: Could not find a production build in the '.next' directory. Try building your app with 'next build' before starting the production server. https://nextjs.org/docs/messages/production-start-no-build-id
    at setupFsCheck (D:\project\web\admin-panel\node_modules\next\src\server\lib\router-utils\filesystem.ts:157:13)
    at initialize (D:\project\web\admin-panel\node_modules\next\src\server\lib\router-server.ts:93:21)
    at Server.<anonymous> (D:\project\web\admin-panel\node_modules\next\src\server\lib\start-server.ts:293:28)
2026-05-19T09:49:16: Error: Could not find a production build in the '.next' directory. Try building your app with 'next build' before starting the production server. https://nextjs.org/docs/messages/production-start-no-build-id
    at setupFsCheck (D:\project\web\admin-panel\node_modules\next\src\server\lib\router-utils\filesystem.ts:157:13)
    at initialize (D:\project\web\admin-panel\node_modules\next\src\server\lib\router-server.ts:93:21)
    at Server.<anonymous> (D:\project\web\admin-panel\node_modules\next\src\server\lib\start-server.ts:293:28)
2026-05-19T09:49:16: Error: Could not find a production build in the '.next' directory. Try building your app with 'next build' before starting the production server. https://nextjs.org/docs/messages/production-start-no-build-id
    at setupFsCheck (D:\project\web\admin-panel\node_modules\next\src\server\lib\router-utils\filesystem.ts:157:13)
    at initialize (D:\project\web\admin-panel\node_modules\next\src\server\lib\router-server.ts:93:21)
    at Server.<anonymous> (D:\project\web\admin-panel\node_modules\next\src\server\lib\start-server.ts:293:28)
2026-05-19T09:49:17: Error: Could not find a production build in the '.next' directory. Try building your app with 'next build' before starting the production server. https://nextjs.org/docs/messages/production-start-no-build-id
    at setupFsCheck (D:\project\web\admin-panel\node_modules\next\src\server\lib\router-utils\filesystem.ts:157:13)
    at initialize (D:\project\web\admin-panel\node_modules\next\src\server\lib\router-server.ts:93:21)
    at Server.<anonymous> (D:\project\web\admin-panel\node_modules\next\src\server\lib\start-server.ts:293:28)
2026-05-19T09:49:17: Error: Could not find a production build in the '.next' directory. Try building your app with 'next build' before starting the production server. https://nextjs.org/docs/messages/production-start-no-build-id
    at setupFsCheck (D:\project\web\admin-panel\node_modules\next\src\server\lib\router-utils\filesystem.ts:157:13)
    at initialize (D:\project\web\admin-panel\node_modules\next\src\server\lib\router-server.ts:93:21)
    at Server.<anonymous> (D:\project\web\admin-panel\node_modules\next\src\server\lib\start-server.ts:293:28)
2026-05-19T09:49:17: Error: Could not find a production build in the '.next' directory. Try building your app with 'next build' before starting the production server. https://nextjs.org/docs/messages/production-start-no-build-id
    at setupFsCheck (D:\project\web\admin-panel\node_modules\next\src\server\lib\router-utils\filesystem.ts:157:13)
    at initialize (D:\project\web\admin-panel\node_modules\next\src\server\lib\router-server.ts:93:21)
    at Server.<anonymous> (D:\project\web\admin-panel\node_modules\next\src\server\lib\start-server.ts:293:28)
2026-05-19T09:49:18: Error: Could not find a production build in the '.next' directory. Try building your app with 'next build' before starting the production server. https://nextjs.org/docs/messages/production-start-no-build-id
    at setupFsCheck (D:\project\web\admin-panel\node_modules\next\src\server\lib\router-utils\filesystem.ts:157:13)
    at initialize (D:\project\web\admin-panel\node_modules\next\src\server\lib\router-server.ts:93:21)
    at Server.<anonymous> (D:\project\web\admin-panel\node_modules\next\src\server\lib\start-server.ts:293:28)
2026-05-19T09:49:19: Error: Could not find a production build in the '.next' directory. Try building your app with 'next build' before starting the production server. https://nextjs.org/docs/messages/production-start-no-build-id
    at setupFsCheck (D:\project\web\admin-panel\node_modules\next\src\server\lib\router-utils\filesystem.ts:157:13)
    at initialize (D:\project\web\admin-panel\node_modules\next\src\server\lib\router-server.ts:93:21)
    at Server.<anonymous> (D:\project\web\admin-panel\node_modules\next\src\server\lib\start-server.ts:293:28)
2026-05-19T09:49:19: Error: Could not find a production build in the '.next' directory. Try building your app with 'next build' before starting the production server. https://nextjs.org/docs/messages/production-start-no-build-id
    at setupFsCheck (D:\project\web\admin-panel\node_modules\next\src\server\lib\router-utils\filesystem.ts:157:13)
    at initialize (D:\project\web\admin-panel\node_modules\next\src\server\lib\router-server.ts:93:21)
    at Server.<anonymous> (D:\project\web\admin-panel\node_modules\next\src\server\lib\start-server.ts:293:28)
2026-05-19T09:49:19: Error: Could not find a production build in the '.next' directory. Try building your app with 'next build' before starting the production server. https://nextjs.org/docs/messages/production-start-no-build-id
    at setupFsCheck (D:\project\web\admin-panel\node_modules\next\src\server\lib\router-utils\filesystem.ts:157:13)
    at initialize (D:\project\web\admin-panel\node_modules\next\src\server\lib\router-server.ts:93:21)
    at Server.<anonymous> (D:\project\web\admin-panel\node_modules\next\src\server\lib\start-server.ts:293:28)
2026-05-19T09:49:19: Error: Could not find a production build in the '.next' directory. Try building your app with 'next build' before starting the production server. https://nextjs.org/docs/messages/production-start-no-build-id
    at setupFsCheck (D:\project\web\admin-panel\node_modules\next\src\server\lib\router-utils\filesystem.ts:157:13)
    at initialize (D:\project\web\admin-panel\node_modules\next\src\server\lib\router-server.ts:93:21)
    at Server.<anonymous> (D:\project\web\admin-panel\node_modules\next\src\server\lib\start-server.ts:293:28)
2026-05-19T09:49:19: Error: Could not find a production build in the '.next' directory. Try building your app with 'next build' before starting the production server. https://nextjs.org/docs/messages/production-start-no-build-id
    at setupFsCheck (D:\project\web\admin-panel\node_modules\next\src\server\lib\router-utils\filesystem.ts:157:13)
    at initialize (D:\project\web\admin-panel\node_modules\next\src\server\lib\router-server.ts:93:21)
    at Server.<anonymous> (D:\project\web\admin-panel\node_modules\next\src\server\lib\start-server.ts:293:28)
2026-05-19T09:49:20: Error: Could not find a production build in the '.next' directory. Try building your app with 'next build' before starting the production server. https://nextjs.org/docs/messages/production-start-no-build-id
    at setupFsCheck (D:\project\web\admin-panel\node_modules\next\src\server\lib\router-utils\filesystem.ts:157:13)
    at initialize (D:\project\web\admin-panel\node_modules\next\src\server\lib\router-server.ts:93:21)
    at Server.<anonymous> (D:\project\web\admin-panel\node_modules\next\src\server\lib\start-server.ts:293:28)
2026-05-19T09:49:20: Error: Could not find a production build in the '.next' directory. Try building your app with 'next build' before starting the production server. https://nextjs.org/docs/messages/production-start-no-build-id
    at setupFsCheck (D:\project\web\admin-panel\node_modules\next\src\server\lib\router-utils\filesystem.ts:157:13)
    at initialize (D:\project\web\admin-panel\node_modules\next\src\server\lib\router-server.ts:93:21)
    at Server.<anonymous> (D:\project\web\admin-panel\node_modules\next\src\server\lib\start-server.ts:293:28)
2026-05-19T09:49:20: Error: Could not find a production build in the '.next' directory. Try building your app with 'next build' before starting the production server. https://nextjs.org/docs/messages/production-start-no-build-id
    at setupFsCheck (D:\project\web\admin-panel\node_modules\next\src\server\lib\router-utils\filesystem.ts:157:13)
    at initialize (D:\project\web\admin-panel\node_modules\next\src\server\lib\router-server.ts:93:21)
    at Server.<anonymous> (D:\project\web\admin-panel\node_modules\next\src\server\lib\start-server.ts:293:28)
2026-05-19T09:49:21: Error: Could not find a production build in the '.next' directory. Try building your app with 'next build' before starting the production server. https://nextjs.org/docs/messages/production-start-no-build-id
    at setupFsCheck (D:\project\web\admin-panel\node_modules\next\src\server\lib\router-utils\filesystem.ts:157:13)
    at initialize (D:\project\web\admin-panel\node_modules\next\src\server\lib\router-server.ts:93:21)
    at Server.<anonymous> (D:\project\web\admin-panel\node_modules\next\src\server\lib\start-server.ts:293:28)
2026-05-19T09:49:21: Error: Could not find a production build in the '.next' directory. Try building your app with 'next build' before starting the production server. https://nextjs.org/docs/messages/production-start-no-build-id
    at setupFsCheck (D:\project\web\admin-panel\node_modules\next\src\server\lib\router-utils\filesystem.ts:157:13)
    at initialize (D:\project\web\admin-panel\node_modules\next\src\server\lib\router-server.ts:93:21)
    at Server.<anonymous> (D:\project\web\admin-panel\node_modules\next\src\server\lib\start-server.ts:293:28)
2026-05-19T09:49:21: Error: Could not find a production build in the '.next' directory. Try building your app with 'next build' before starting the production server. https://nextjs.org/docs/messages/production-start-no-build-id
    at setupFsCheck (D:\project\web\admin-panel\node_modules\next\src\server\lib\router-utils\filesystem.ts:157:13)
    at initialize (D:\project\web\admin-panel\node_modules\next\src\server\lib\router-server.ts:93:21)
    at Server.<anonymous> (D:\project\web\admin-panel\node_modules\next\src\server\lib\start-server.ts:293:28)
2026-05-19T09:49:21: Error: Could not find a production build in the '.next' directory. Try building your app with 'next build' before starting the production server. https://nextjs.org/docs/messages/production-start-no-build-id
    at setupFsCheck (D:\project\web\admin-panel\node_modules\next\src\server\lib\router-utils\filesystem.ts:157:13)
    at initialize (D:\project\web\admin-panel\node_modules\next\src\server\lib\router-server.ts:93:21)
    at Server.<anonymous> (D:\project\web\admin-panel\node_modules\next\src\server\lib\start-server.ts:293:28)
2026-05-19T09:49:22: Error: Could not find a production build in the '.next' directory. Try building your app with 'next build' before starting the production server. https://nextjs.org/docs/messages/production-start-no-build-id
    at setupFsCheck (D:\project\web\admin-panel\node_modules\next\src\server\lib\router-utils\filesystem.ts:157:13)
    at initialize (D:\project\web\admin-panel\node_modules\next\src\server\lib\router-server.ts:93:21)
    at Server.<anonymous> (D:\project\web\admin-panel\node_modules\next\src\server\lib\start-server.ts:293:28)
2026-05-19T09:49:22: Error: Could not find a production build in the '.next' directory. Try building your app with 'next build' before starting the production server. https://nextjs.org/docs/messages/production-start-no-build-id
    at setupFsCheck (D:\project\web\admin-panel\node_modules\next\src\server\lib\router-utils\filesystem.ts:157:13)
    at initialize (D:\project\web\admin-panel\node_modules\next\src\server\lib\router-server.ts:93:21)
    at Server.<anonymous> (D:\project\web\admin-panel\node_modules\next\src\server\lib\start-server.ts:293:28)
2026-05-19T09:49:22: Error: Could not find a production build in the '.next' directory. Try building your app with 'next build' before starting the production server. https://nextjs.org/docs/messages/production-start-no-build-id
    at setupFsCheck (D:\project\web\admin-panel\node_modules\next\src\server\lib\router-utils\filesystem.ts:157:13)
    at initialize (D:\project\web\admin-panel\node_modules\next\src\server\lib\router-server.ts:93:21)
    at Server.<anonymous> (D:\project\web\admin-panel\node_modules\next\src\server\lib\start-server.ts:293:28)
2026-05-19T09:49:23: Error: Could not find a production build in the '.next' directory. Try building your app with 'next build' before starting the production server. https://nextjs.org/docs/messages/production-start-no-build-id
    at setupFsCheck (D:\project\web\admin-panel\node_modules\next\src\server\lib\router-utils\filesystem.ts:157:13)
    at initialize (D:\project\web\admin-panel\node_modules\next\src\server\lib\router-server.ts:93:21)
    at Server.<anonymous> (D:\project\web\admin-panel\node_modules\next\src\server\lib\start-server.ts:293:28)
2026-05-19T09:49:23: Error: Could not find a production build in the '.next' directory. Try building your app with 'next build' before starting the production server. https://nextjs.org/docs/messages/production-start-no-build-id
    at setupFsCheck (D:\project\web\admin-panel\node_modules\next\src\server\lib\router-utils\filesystem.ts:157:13)
    at initialize (D:\project\web\admin-panel\node_modules\next\src\server\lib\router-server.ts:93:21)
    at Server.<anonymous> (D:\project\web\admin-panel\node_modules\next\src\server\lib\start-server.ts:293:28)
2026-05-19T09:49:23: Error: Could not find a production build in the '.next' directory. Try building your app with 'next build' before starting the production server. https://nextjs.org/docs/messages/production-start-no-build-id
    at setupFsCheck (D:\project\web\admin-panel\node_modules\next\src\server\lib\router-utils\filesystem.ts:157:13)
    at initialize (D:\project\web\admin-panel\node_modules\next\src\server\lib\router-server.ts:93:21)
    at Server.<anonymous> (D:\project\web\admin-panel\node_modules\next\src\server\lib\start-server.ts:293:28)
2026-05-19T09:49:23: Error: Could not find a production build in the '.next' directory. Try building your app with 'next build' before starting the production server. https://nextjs.org/docs/messages/production-start-no-build-id
    at setupFsCheck (D:\project\web\admin-panel\node_modules\next\src\server\lib\router-utils\filesystem.ts:157:13)
    at initialize (D:\project\web\admin-panel\node_modules\next\src\server\lib\router-server.ts:93:21)
    at Server.<anonymous> (D:\project\web\admin-panel\node_modules\next\src\server\lib\start-server.ts:293:28)
2026-05-19T09:49:23: Error: Could not find a production build in the '.next' directory. Try building your app with 'next build' before starting the production server. https://nextjs.org/docs/messages/production-start-no-build-id
    at setupFsCheck (D:\project\web\admin-panel\node_modules\next\src\server\lib\router-utils\filesystem.ts:157:13)
    at initialize (D:\project\web\admin-panel\node_modules\next\src\server\lib\router-server.ts:93:21)
    at Server.<anonymous> (D:\project\web\admin-panel\node_modules\next\src\server\lib\start-server.ts:293:28)
2026-05-19T09:49:24: Error: Could not find a production build in the '.next' directory. Try building your app with 'next build' before starting the production server. https://nextjs.org/docs/messages/production-start-no-build-id
    at setupFsCheck (D:\project\web\admin-panel\node_modules\next\src\server\lib\router-utils\filesystem.ts:157:13)
    at initialize (D:\project\web\admin-panel\node_modules\next\src\server\lib\router-server.ts:93:21)
    at Server.<anonymous> (D:\project\web\admin-panel\node_modules\next\src\server\lib\start-server.ts:293:28)
2026-05-19T09:49:24: Error: Could not find a production build in the '.next' directory. Try building your app with 'next build' before starting the production server. https://nextjs.org/docs/messages/production-start-no-build-id
    at setupFsCheck (D:\project\web\admin-panel\node_modules\next\src\server\lib\router-utils\filesystem.ts:157:13)
    at initialize (D:\project\web\admin-panel\node_modules\next\src\server\lib\router-server.ts:93:21)
    at Server.<anonymous> (D:\project\web\admin-panel\node_modules\next\src\server\lib\start-server.ts:293:28)
2026-05-19T09:49:24: Error: Could not find a production build in the '.next' directory. Try building your app with 'next build' before starting the production server. https://nextjs.org/docs/messages/production-start-no-build-id
    at setupFsCheck (D:\project\web\admin-panel\node_modules\next\src\server\lib\router-utils\filesystem.ts:157:13)
    at initialize (D:\project\web\admin-panel\node_modules\next\src\server\lib\router-server.ts:93:21)
    at Server.<anonymous> (D:\project\web\admin-panel\node_modules\next\src\server\lib\start-server.ts:293:28)
2026-05-19T09:49:25: Error: Could not find a production build in the '.next' directory. Try building your app with 'next build' before starting the production server. https://nextjs.org/docs/messages/production-start-no-build-id
    at setupFsCheck (D:\project\web\admin-panel\node_modules\next\src\server\lib\router-utils\filesystem.ts:157:13)
    at initialize (D:\project\web\admin-panel\node_modules\next\src\server\lib\router-server.ts:93:21)
    at Server.<anonymous> (D:\project\web\admin-panel\node_modules\next\src\server\lib\start-server.ts:293:28)
2026-05-19T09:49:25: Error: Could not find a production build in the '.next' directory. Try building your app with 'next build' before starting the production server. https://nextjs.org/docs/messages/production-start-no-build-id
    at setupFsCheck (D:\project\web\admin-panel\node_modules\next\src\server\lib\router-utils\filesystem.ts:157:13)
    at initialize (D:\project\web\admin-panel\node_modules\next\src\server\lib\router-server.ts:93:21)
    at Server.<anonymous> (D:\project\web\admin-panel\node_modules\next\src\server\lib\start-server.ts:293:28)
2026-05-19T09:49:25: Error: Could not find a production build in the '.next' directory. Try building your app with 'next build' before starting the production server. https://nextjs.org/docs/messages/production-start-no-build-id
    at setupFsCheck (D:\project\web\admin-panel\node_modules\next\src\server\lib\router-utils\filesystem.ts:157:13)
    at initialize (D:\project\web\admin-panel\node_modules\next\src\server\lib\router-server.ts:93:21)
    at Server.<anonymous> (D:\project\web\admin-panel\node_modules\next\src\server\lib\start-server.ts:293:28)
2026-05-19T09:49:25: Error: Could not find a production build in the '.next' directory. Try building your app with 'next build' before starting the production server. https://nextjs.org/docs/messages/production-start-no-build-id
    at setupFsCheck (D:\project\web\admin-panel\node_modules\next\src\server\lib\router-utils\filesystem.ts:157:13)
    at initialize (D:\project\web\admin-panel\node_modules\next\src\server\lib\router-server.ts:93:21)
    at Server.<anonymous> (D:\project\web\admin-panel\node_modules\next\src\server\lib\start-server.ts:293:28)
2026-05-19T09:49:25: Error: Could not find a production build in the '.next' directory. Try building your app with 'next build' before starting the production server. https://nextjs.org/docs/messages/production-start-no-build-id
    at setupFsCheck (D:\project\web\admin-panel\node_modules\next\src\server\lib\router-utils\filesystem.ts:157:13)
    at initialize (D:\project\web\admin-panel\node_modules\next\src\server\lib\router-server.ts:93:21)
    at Server.<anonymous> (D:\project\web\admin-panel\node_modules\next\src\server\lib\start-server.ts:293:28)
2026-05-19T09:49:26: Error: Could not find a production build in the '.next' directory. Try building your app with 'next build' before starting the production server. https://nextjs.org/docs/messages/production-start-no-build-id
    at setupFsCheck (D:\project\web\admin-panel\node_modules\next\src\server\lib\router-utils\filesystem.ts:157:13)
    at initialize (D:\project\web\admin-panel\node_modules\next\src\server\lib\router-server.ts:93:21)
    at Server.<anonymous> (D:\project\web\admin-panel\node_modules\next\src\server\lib\start-server.ts:293:28)
2026-05-19T09:49:26: Error: Could not find a production build in the '.next' directory. Try building your app with 'next build' before starting the production server. https://nextjs.org/docs/messages/production-start-no-build-id
    at setupFsCheck (D:\project\web\admin-panel\node_modules\next\src\server\lib\router-utils\filesystem.ts:157:13)
    at initialize (D:\project\web\admin-panel\node_modules\next\src\server\lib\router-server.ts:93:21)
    at Server.<anonymous> (D:\project\web\admin-panel\node_modules\next\src\server\lib\start-server.ts:293:28)
2026-05-19T09:49:26: Error: Could not find a production build in the '.next' directory. Try building your app with 'next build' before starting the production server. https://nextjs.org/docs/messages/production-start-no-build-id
    at setupFsCheck (D:\project\web\admin-panel\node_modules\next\src\server\lib\router-utils\filesystem.ts:157:13)
    at initialize (D:\project\web\admin-panel\node_modules\next\src\server\lib\router-server.ts:93:21)
    at Server.<anonymous> (D:\project\web\admin-panel\node_modules\next\src\server\lib\start-server.ts:293:28)
2026-05-19T09:49:27: Error: Could not find a production build in the '.next' directory. Try building your app with 'next build' before starting the production server. https://nextjs.org/docs/messages/production-start-no-build-id
    at setupFsCheck (D:\project\web\admin-panel\node_modules\next\src\server\lib\router-utils\filesystem.ts:157:13)
    at initialize (D:\project\web\admin-panel\node_modules\next\src\server\lib\router-server.ts:93:21)
    at Server.<anonymous> (D:\project\web\admin-panel\node_modules\next\src\server\lib\start-server.ts:293:28)
2026-05-19T09:49:27: Error: Could not find a production build in the '.next' directory. Try building your app with 'next build' before starting the production server. https://nextjs.org/docs/messages/production-start-no-build-id
    at setupFsCheck (D:\project\web\admin-panel\node_modules\next\src\server\lib\router-utils\filesystem.ts:157:13)
    at initialize (D:\project\web\admin-panel\node_modules\next\src\server\lib\router-server.ts:93:21)
    at Server.<anonymous> (D:\project\web\admin-panel\node_modules\next\src\server\lib\start-server.ts:293:28)
2026-05-19T09:49:27: Error: Could not find a production build in the '.next' directory. Try building your app with 'next build' before starting the production server. https://nextjs.org/docs/messages/production-start-no-build-id
    at setupFsCheck (D:\project\web\admin-panel\node_modules\next\src\server\lib\router-utils\filesystem.ts:157:13)
    at initialize (D:\project\web\admin-panel\node_modules\next\src\server\lib\router-server.ts:93:21)
    at Server.<anonymous> (D:\project\web\admin-panel\node_modules\next\src\server\lib\start-server.ts:293:28)
2026-05-19T09:49:27: Error: Could not find a production build in the '.next' directory. Try building your app with 'next build' before starting the production server. https://nextjs.org/docs/messages/production-start-no-build-id
    at setupFsCheck (D:\project\web\admin-panel\node_modules\next\src\server\lib\router-utils\filesystem.ts:157:13)
    at initialize (D:\project\web\admin-panel\node_modules\next\src\server\lib\router-server.ts:93:21)
    at Server.<anonymous> (D:\project\web\admin-panel\node_modules\next\src\server\lib\start-server.ts:293:28)
2026-05-19T09:49:27: Error: Could not find a production build in the '.next' directory. Try building your app with 'next build' before starting the production server. https://nextjs.org/docs/messages/production-start-no-build-id
    at setupFsCheck (D:\project\web\admin-panel\node_modules\next\src\server\lib\router-utils\filesystem.ts:157:13)
    at initialize (D:\project\web\admin-panel\node_modules\next\src\server\lib\router-server.ts:93:21)
    at Server.<anonymous> (D:\project\web\admin-panel\node_modules\next\src\server\lib\start-server.ts:293:28)
2026-05-19T09:49:27: Error: Could not find a production build in the '.next' directory. Try building your app with 'next build' before starting the production server. https://nextjs.org/docs/messages/production-start-no-build-id
    at setupFsCheck (D:\project\web\admin-panel\node_modules\next\src\server\lib\router-utils\filesystem.ts:157:13)
    at initialize (D:\project\web\admin-panel\node_modules\next\src\server\lib\router-server.ts:93:21)
    at Server.<anonymous> (D:\project\web\admin-panel\node_modules\next\src\server\lib\start-server.ts:293:28)
2026-05-19T09:49:28: Error: Could not find a production build in the '.next' directory. Try building your app with 'next build' before starting the production server. https://nextjs.org/docs/messages/production-start-no-build-id
    at setupFsCheck (D:\project\web\admin-panel\node_modules\next\src\server\lib\router-utils\filesystem.ts:157:13)
    at initialize (D:\project\web\admin-panel\node_modules\next\src\server\lib\router-server.ts:93:21)
    at Server.<anonymous> (D:\project\web\admin-panel\node_modules\next\src\server\lib\start-server.ts:293:28)
2026-05-19T09:49:28: Error: Could not find a production build in the '.next' directory. Try building your app with 'next build' before starting the production server. https://nextjs.org/docs/messages/production-start-no-build-id
    at setupFsCheck (D:\project\web\admin-panel\node_modules\next\src\server\lib\router-utils\filesystem.ts:157:13)
    at initialize (D:\project\web\admin-panel\node_modules\next\src\server\lib\router-server.ts:93:21)
    at Server.<anonymous> (D:\project\web\admin-panel\node_modules\next\src\server\lib\start-server.ts:293:28)
2026-05-19T09:49:28: Error: Could not find a production build in the '.next' directory. Try building your app with 'next build' before starting the production server. https://nextjs.org/docs/messages/production-start-no-build-id
    at setupFsCheck (D:\project\web\admin-panel\node_modules\next\src\server\lib\router-utils\filesystem.ts:157:13)
    at initialize (D:\project\web\admin-panel\node_modules\next\src\server\lib\router-server.ts:93:21)
    at Server.<anonymous> (D:\project\web\admin-panel\node_modules\next\src\server\lib\start-server.ts:293:28)
2026-05-19T09:49:29: Error: Could not find a production build in the '.next' directory. Try building your app with 'next build' before starting the production server. https://nextjs.org/docs/messages/production-start-no-build-id
    at setupFsCheck (D:\project\web\admin-panel\node_modules\next\src\server\lib\router-utils\filesystem.ts:157:13)
    at initialize (D:\project\web\admin-panel\node_modules\next\src\server\lib\router-server.ts:93:21)
    at Server.<anonymous> (D:\project\web\admin-panel\node_modules\next\src\server\lib\start-server.ts:293:28)
2026-05-19T09:49:29: Error: Could not find a production build in the '.next' directory. Try building your app with 'next build' before starting the production server. https://nextjs.org/docs/messages/production-start-no-build-id
    at setupFsCheck (D:\project\web\admin-panel\node_modules\next\src\server\lib\router-utils\filesystem.ts:157:13)
    at initialize (D:\project\web\admin-panel\node_modules\next\src\server\lib\router-server.ts:93:21)
    at Server.<anonymous> (D:\project\web\admin-panel\node_modules\next\src\server\lib\start-server.ts:293:28)
2026-05-19T09:49:29: Error: Could not find a production build in the '.next' directory. Try building your app with 'next build' before starting the production server. https://nextjs.org/docs/messages/production-start-no-build-id
    at setupFsCheck (D:\project\web\admin-panel\node_modules\next\src\server\lib\router-utils\filesystem.ts:157:13)
    at initialize (D:\project\web\admin-panel\node_modules\next\src\server\lib\router-server.ts:93:21)
    at Server.<anonymous> (D:\project\web\admin-panel\node_modules\next\src\server\lib\start-server.ts:293:28)
2026-05-19T09:49:29: Error: Could not find a production build in the '.next' directory. Try building your app with 'next build' before starting the production server. https://nextjs.org/docs/messages/production-start-no-build-id
    at setupFsCheck (D:\project\web\admin-panel\node_modules\next\src\server\lib\router-utils\filesystem.ts:157:13)
    at initialize (D:\project\web\admin-panel\node_modules\next\src\server\lib\router-server.ts:93:21)
    at Server.<anonymous> (D:\project\web\admin-panel\node_modules\next\src\server\lib\start-server.ts:293:28)
2026-05-19T09:49:29: Error: Could not find a production build in the '.next' directory. Try building your app with 'next build' before starting the production server. https://nextjs.org/docs/messages/production-start-no-build-id
    at setupFsCheck (D:\project\web\admin-panel\node_modules\next\src\server\lib\router-utils\filesystem.ts:157:13)
    at initialize (D:\project\web\admin-panel\node_modules\next\src\server\lib\router-server.ts:93:21)
    at Server.<anonymous> (D:\project\web\admin-panel\node_modules\next\src\server\lib\start-server.ts:293:28)
2026-05-19T09:49:29: Error: Could not find a production build in the '.next' directory. Try building your app with 'next build' before starting the production server. https://nextjs.org/docs/messages/production-start-no-build-id
    at setupFsCheck (D:\project\web\admin-panel\node_modules\next\src\server\lib\router-utils\filesystem.ts:157:13)
    at initialize (D:\project\web\admin-panel\node_modules\next\src\server\lib\router-server.ts:93:21)
    at Server.<anonymous> (D:\project\web\admin-panel\node_modules\next\src\server\lib\start-server.ts:293:28)
2026-05-19T09:49:30: Error: Could not find a production build in the '.next' directory. Try building your app with 'next build' before starting the production server. https://nextjs.org/docs/messages/production-start-no-build-id
    at setupFsCheck (D:\project\web\admin-panel\node_modules\next\src\server\lib\router-utils\filesystem.ts:157:13)
    at initialize (D:\project\web\admin-panel\node_modules\next\src\server\lib\router-server.ts:93:21)
    at Server.<anonymous> (D:\project\web\admin-panel\node_modules\next\src\server\lib\start-server.ts:293:28)
2026-05-19T09:49:30: Error: Could not find a production build in the '.next' directory. Try building your app with 'next build' before starting the production server. https://nextjs.org/docs/messages/production-start-no-build-id
    at setupFsCheck (D:\project\web\admin-panel\node_modules\next\src\server\lib\router-utils\filesystem.ts:157:13)
    at initialize (D:\project\web\admin-panel\node_modules\next\src\server\lib\router-server.ts:93:21)
    at Server.<anonymous> (D:\project\web\admin-panel\node_modules\next\src\server\lib\start-server.ts:293:28)
2026-05-19T09:49:30: Error: Could not find a production build in the '.next' directory. Try building your app with 'next build' before starting the production server. https://nextjs.org/docs/messages/production-start-no-build-id
    at setupFsCheck (D:\project\web\admin-panel\node_modules\next\src\server\lib\router-utils\filesystem.ts:157:13)
    at initialize (D:\project\web\admin-panel\node_modules\next\src\server\lib\router-server.ts:93:21)
    at Server.<anonymous> (D:\project\web\admin-panel\node_modules\next\src\server\lib\start-server.ts:293:28)
2026-05-19T09:49:30: Error: Could not find a production build in the '.next' directory. Try building your app with 'next build' before starting the production server. https://nextjs.org/docs/messages/production-start-no-build-id
    at setupFsCheck (D:\project\web\admin-panel\node_modules\next\src\server\lib\router-utils\filesystem.ts:157:13)
    at initialize (D:\project\web\admin-panel\node_modules\next\src\server\lib\router-server.ts:93:21)
    at Server.<anonymous> (D:\project\web\admin-panel\node_modules\next\src\server\lib\start-server.ts:293:28)
2026-05-19T09:49:31: Error: Could not find a production build in the '.next' directory. Try building your app with 'next build' before starting the production server. https://nextjs.org/docs/messages/production-start-no-build-id
    at setupFsCheck (D:\project\web\admin-panel\node_modules\next\src\server\lib\router-utils\filesystem.ts:157:13)
    at initialize (D:\project\web\admin-panel\node_modules\next\src\server\lib\router-server.ts:93:21)
    at Server.<anonymous> (D:\project\web\admin-panel\node_modules\next\src\server\lib\start-server.ts:293:28)
2026-05-19T09:49:31: Error: Could not find a production build in the '.next' directory. Try building your app with 'next build' before starting the production server. https://nextjs.org/docs/messages/production-start-no-build-id
    at setupFsCheck (D:\project\web\admin-panel\node_modules\next\src\server\lib\router-utils\filesystem.ts:157:13)
    at initialize (D:\project\web\admin-panel\node_modules\next\src\server\lib\router-server.ts:93:21)
    at Server.<anonymous> (D:\project\web\admin-panel\node_modules\next\src\server\lib\start-server.ts:293:28)
2026-05-19T09:49:31: Error: Could not find a production build in the '.next' directory. Try building your app with 'next build' before starting the production server. https://nextjs.org/docs/messages/production-start-no-build-id
    at setupFsCheck (D:\project\web\admin-panel\node_modules\next\src\server\lib\router-utils\filesystem.ts:157:13)
    at initialize (D:\project\web\admin-panel\node_modules\next\src\server\lib\router-server.ts:93:21)
    at Server.<anonymous> (D:\project\web\admin-panel\node_modules\next\src\server\lib\start-server.ts:293:28)
2026-05-19T09:49:31: Error: Could not find a production build in the '.next' directory. Try building your app with 'next build' before starting the production server. https://nextjs.org/docs/messages/production-start-no-build-id
    at setupFsCheck (D:\project\web\admin-panel\node_modules\next\src\server\lib\router-utils\filesystem.ts:157:13)
    at initialize (D:\project\web\admin-panel\node_modules\next\src\server\lib\router-server.ts:93:21)
    at Server.<anonymous> (D:\project\web\admin-panel\node_modules\next\src\server\lib\start-server.ts:293:28)
2026-05-19T09:49:31: Error: Could not find a production build in the '.next' directory. Try building your app with 'next build' before starting the production server. https://nextjs.org/docs/messages/production-start-no-build-id
    at setupFsCheck (D:\project\web\admin-panel\node_modules\next\src\server\lib\router-utils\filesystem.ts:157:13)
    at initialize (D:\project\web\admin-panel\node_modules\next\src\server\lib\router-server.ts:93:21)
    at Server.<anonymous> (D:\project\web\admin-panel\node_modules\next\src\server\lib\start-server.ts:293:28)
2026-05-19T09:49:32: Error: Could not find a production build in the '.next' directory. Try building your app with 'next build' before starting the production server. https://nextjs.org/docs/messages/production-start-no-build-id
    at setupFsCheck (D:\project\web\admin-panel\node_modules\next\src\server\lib\router-utils\filesystem.ts:157:13)
    at initialize (D:\project\web\admin-panel\node_modules\next\src\server\lib\router-server.ts:93:21)
    at Server.<anonymous> (D:\project\web\admin-panel\node_modules\next\src\server\lib\start-server.ts:293:28)
2026-05-19T09:49:32: Error: Could not find a production build in the '.next' directory. Try building your app with 'next build' before starting the production server. https://nextjs.org/docs/messages/production-start-no-build-id
    at setupFsCheck (D:\project\web\admin-panel\node_modules\next\src\server\lib\router-utils\filesystem.ts:157:13)
    at initialize (D:\project\web\admin-panel\node_modules\next\src\server\lib\router-server.ts:93:21)
    at Server.<anonymous> (D:\project\web\admin-panel\node_modules\next\src\server\lib\start-server.ts:293:28)
2026-05-19T09:49:32: Error: Could not find a production build in the '.next' directory. Try building your app with 'next build' before starting the production server. https://nextjs.org/docs/messages/production-start-no-build-id
    at setupFsCheck (D:\project\web\admin-panel\node_modules\next\src\server\lib\router-utils\filesystem.ts:157:13)
    at initialize (D:\project\web\admin-panel\node_modules\next\src\server\lib\router-server.ts:93:21)
    at Server.<anonymous> (D:\project\web\admin-panel\node_modules\next\src\server\lib\start-server.ts:293:28)
2026-05-19T09:49:32: Error: Could not find a production build in the '.next' directory. Try building your app with 'next build' before starting the production server. https://nextjs.org/docs/messages/production-start-no-build-id
    at setupFsCheck (D:\project\web\admin-panel\node_modules\next\src\server\lib\router-utils\filesystem.ts:157:13)
    at initialize (D:\project\web\admin-panel\node_modules\next\src\server\lib\router-server.ts:93:21)
    at Server.<anonymous> (D:\project\web\admin-panel\node_modules\next\src\server\lib\start-server.ts:293:28)
2026-05-19T09:49:32: Error: Could not find a production build in the '.next' directory. Try building your app with 'next build' before starting the production server. https://nextjs.org/docs/messages/production-start-no-build-id
    at setupFsCheck (D:\project\web\admin-panel\node_modules\next\src\server\lib\router-utils\filesystem.ts:157:13)
    at initialize (D:\project\web\admin-panel\node_modules\next\src\server\lib\router-server.ts:93:21)
    at Server.<anonymous> (D:\project\web\admin-panel\node_modules\next\src\server\lib\start-server.ts:293:28)
2026-05-19T09:49:33: Error: Could not find a production build in the '.next' directory. Try building your app with 'next build' before starting the production server. https://nextjs.org/docs/messages/production-start-no-build-id
    at setupFsCheck (D:\project\web\admin-panel\node_modules\next\src\server\lib\router-utils\filesystem.ts:157:13)
    at initialize (D:\project\web\admin-panel\node_modules\next\src\server\lib\router-server.ts:93:21)
    at Server.<anonymous> (D:\project\web\admin-panel\node_modules\next\src\server\lib\start-server.ts:293:28)
2026-05-19T09:49:33: Error: Could not find a production build in the '.next' directory. Try building your app with 'next build' before starting the production server. https://nextjs.org/docs/messages/production-start-no-build-id
    at setupFsCheck (D:\project\web\admin-panel\node_modules\next\src\server\lib\router-utils\filesystem.ts:157:13)
    at initialize (D:\project\web\admin-panel\node_modules\next\src\server\lib\router-server.ts:93:21)
    at Server.<anonymous> (D:\project\web\admin-panel\node_modules\next\src\server\lib\start-server.ts:293:28)
2026-05-19T09:49:33: Error: Could not find a production build in the '.next' directory. Try building your app with 'next build' before starting the production server. https://nextjs.org/docs/messages/production-start-no-build-id
    at setupFsCheck (D:\project\web\admin-panel\node_modules\next\src\server\lib\router-utils\filesystem.ts:157:13)
    at initialize (D:\project\web\admin-panel\node_modules\next\src\server\lib\router-server.ts:93:21)
    at Server.<anonymous> (D:\project\web\admin-panel\node_modules\next\src\server\lib\start-server.ts:293:28)
2026-05-19T09:49:34: Error: Could not find a production build in the '.next' directory. Try building your app with 'next build' before starting the production server. https://nextjs.org/docs/messages/production-start-no-build-id
    at setupFsCheck (D:\project\web\admin-panel\node_modules\next\src\server\lib\router-utils\filesystem.ts:157:13)
    at initialize (D:\project\web\admin-panel\node_modules\next\src\server\lib\router-server.ts:93:21)
    at Server.<anonymous> (D:\project\web\admin-panel\node_modules\next\src\server\lib\start-server.ts:293:28)
2026-05-19T09:49:34: Error: Could not find a production build in the '.next' directory. Try building your app with 'next build' before starting the production server. https://nextjs.org/docs/messages/production-start-no-build-id
    at setupFsCheck (D:\project\web\admin-panel\node_modules\next\src\server\lib\router-utils\filesystem.ts:157:13)
    at initialize (D:\project\web\admin-panel\node_modules\next\src\server\lib\router-server.ts:93:21)
    at Server.<anonymous> (D:\project\web\admin-panel\node_modules\next\src\server\lib\start-server.ts:293:28)
2026-05-19T09:49:34: Error: Could not find a production build in the '.next' directory. Try building your app with 'next build' before starting the production server. https://nextjs.org/docs/messages/production-start-no-build-id
    at setupFsCheck (D:\project\web\admin-panel\node_modules\next\src\server\lib\router-utils\filesystem.ts:157:13)
    at initialize (D:\project\web\admin-panel\node_modules\next\src\server\lib\router-server.ts:93:21)
    at Server.<anonymous> (D:\project\web\admin-panel\node_modules\next\src\server\lib\start-server.ts:293:28)
2026-05-19T09:49:34: Error: Could not find a production build in the '.next' directory. Try building your app with 'next build' before starting the production server. https://nextjs.org/docs/messages/production-start-no-build-id
    at setupFsCheck (D:\project\web\admin-panel\node_modules\next\src\server\lib\router-utils\filesystem.ts:157:13)
    at initialize (D:\project\web\admin-panel\node_modules\next\src\server\lib\router-server.ts:93:21)
    at Server.<anonymous> (D:\project\web\admin-panel\node_modules\next\src\server\lib\start-server.ts:293:28)
2026-05-19T09:49:34: Error: Could not find a production build in the '.next' directory. Try building your app with 'next build' before starting the production server. https://nextjs.org/docs/messages/production-start-no-build-id
    at setupFsCheck (D:\project\web\admin-panel\node_modules\next\src\server\lib\router-utils\filesystem.ts:157:13)
    at initialize (D:\project\web\admin-panel\node_modules\next\src\server\lib\router-server.ts:93:21)
    at Server.<anonymous> (D:\project\web\admin-panel\node_modules\next\src\server\lib\start-server.ts:293:28)
2026-05-19T09:49:35: Error: Could not find a production build in the '.next' directory. Try building your app with 'next build' before starting the production server. https://nextjs.org/docs/messages/production-start-no-build-id
    at setupFsCheck (D:\project\web\admin-panel\node_modules\next\src\server\lib\router-utils\filesystem.ts:157:13)
    at initialize (D:\project\web\admin-panel\node_modules\next\src\server\lib\router-server.ts:93:21)
    at Server.<anonymous> (D:\project\web\admin-panel\node_modules\next\src\server\lib\start-server.ts:293:28)
2026-05-19T09:49:35: Error: Could not find a production build in the '.next' directory. Try building your app with 'next build' before starting the production server. https://nextjs.org/docs/messages/production-start-no-build-id
    at setupFsCheck (D:\project\web\admin-panel\node_modules\next\src\server\lib\router-utils\filesystem.ts:157:13)
    at initialize (D:\project\web\admin-panel\node_modules\next\src\server\lib\router-server.ts:93:21)
    at Server.<anonymous> (D:\project\web\admin-panel\node_modules\next\src\server\lib\start-server.ts:293:28)
2026-05-19T09:49:35: Error: Could not find a production build in the '.next' directory. Try building your app with 'next build' before starting the production server. https://nextjs.org/docs/messages/production-start-no-build-id
    at setupFsCheck (D:\project\web\admin-panel\node_modules\next\src\server\lib\router-utils\filesystem.ts:157:13)
    at initialize (D:\project\web\admin-panel\node_modules\next\src\server\lib\router-server.ts:93:21)
    at Server.<anonymous> (D:\project\web\admin-panel\node_modules\next\src\server\lib\start-server.ts:293:28)
2026-05-19T09:49:36: Error: Could not find a production build in the '.next' directory. Try building your app with 'next build' before starting the production server. https://nextjs.org/docs/messages/production-start-no-build-id
    at setupFsCheck (D:\project\web\admin-panel\node_modules\next\src\server\lib\router-utils\filesystem.ts:157:13)
    at initialize (D:\project\web\admin-panel\node_modules\next\src\server\lib\router-server.ts:93:21)
    at Server.<anonymous> (D:\project\web\admin-panel\node_modules\next\src\server\lib\start-server.ts:293:28)
2026-05-19T09:49:36: Error: Could not find a production build in the '.next' directory. Try building your app with 'next build' before starting the production server. https://nextjs.org/docs/messages/production-start-no-build-id
    at setupFsCheck (D:\project\web\admin-panel\node_modules\next\src\server\lib\router-utils\filesystem.ts:157:13)
    at initialize (D:\project\web\admin-panel\node_modules\next\src\server\lib\router-server.ts:93:21)
    at Server.<anonymous> (D:\project\web\admin-panel\node_modules\next\src\server\lib\start-server.ts:293:28)
2026-05-19T09:49:36: Error: Could not find a production build in the '.next' directory. Try building your app with 'next build' before starting the production server. https://nextjs.org/docs/messages/production-start-no-build-id
    at setupFsCheck (D:\project\web\admin-panel\node_modules\next\src\server\lib\router-utils\filesystem.ts:157:13)
    at initialize (D:\project\web\admin-panel\node_modules\next\src\server\lib\router-server.ts:93:21)
    at Server.<anonymous> (D:\project\web\admin-panel\node_modules\next\src\server\lib\start-server.ts:293:28)
2026-05-19T09:49:36: Error: Could not find a production build in the '.next' directory. Try building your app with 'next build' before starting the production server. https://nextjs.org/docs/messages/production-start-no-build-id
    at setupFsCheck (D:\project\web\admin-panel\node_modules\next\src\server\lib\router-utils\filesystem.ts:157:13)
    at initialize (D:\project\web\admin-panel\node_modules\next\src\server\lib\router-server.ts:93:21)
    at Server.<anonymous> (D:\project\web\admin-panel\node_modules\next\src\server\lib\start-server.ts:293:28)
2026-05-19T09:49:36: Error: Could not find a production build in the '.next' directory. Try building your app with 'next build' before starting the production server. https://nextjs.org/docs/messages/production-start-no-build-id
    at setupFsCheck (D:\project\web\admin-panel\node_modules\next\src\server\lib\router-utils\filesystem.ts:157:13)
    at initialize (D:\project\web\admin-panel\node_modules\next\src\server\lib\router-server.ts:93:21)
    at Server.<anonymous> (D:\project\web\admin-panel\node_modules\next\src\server\lib\start-server.ts:293:28)
2026-05-19T09:49:36: Error: Could not find a production build in the '.next' directory. Try building your app with 'next build' before starting the production server. https://nextjs.org/docs/messages/production-start-no-build-id
    at setupFsCheck (D:\project\web\admin-panel\node_modules\next\src\server\lib\router-utils\filesystem.ts:157:13)
    at initialize (D:\project\web\admin-panel\node_modules\next\src\server\lib\router-server.ts:93:21)
    at Server.<anonymous> (D:\project\web\admin-panel\node_modules\next\src\server\lib\start-server.ts:293:28)
2026-05-19T09:49:37: Error: Could not find a production build in the '.next' directory. Try building your app with 'next build' before starting the production server. https://nextjs.org/docs/messages/production-start-no-build-id
    at setupFsCheck (D:\project\web\admin-panel\node_modules\next\src\server\lib\router-utils\filesystem.ts:157:13)
    at initialize (D:\project\web\admin-panel\node_modules\next\src\server\lib\router-server.ts:93:21)
    at Server.<anonymous> (D:\project\web\admin-panel\node_modules\next\src\server\lib\start-server.ts:293:28)
2026-05-19T09:49:37: Error: Could not find a production build in the '.next' directory. Try building your app with 'next build' before starting the production server. https://nextjs.org/docs/messages/production-start-no-build-id
    at setupFsCheck (D:\project\web\admin-panel\node_modules\next\src\server\lib\router-utils\filesystem.ts:157:13)
    at initialize (D:\project\web\admin-panel\node_modules\next\src\server\lib\router-server.ts:93:21)
    at Server.<anonymous> (D:\project\web\admin-panel\node_modules\next\src\server\lib\start-server.ts:293:28)
2026-05-19T09:49:37: Error: Could not find a production build in the '.next' directory. Try building your app with 'next build' before starting the production server. https://nextjs.org/docs/messages/production-start-no-build-id
    at setupFsCheck (D:\project\web\admin-panel\node_modules\next\src\server\lib\router-utils\filesystem.ts:157:13)
    at initialize (D:\project\web\admin-panel\node_modules\next\src\server\lib\router-server.ts:93:21)
    at Server.<anonymous> (D:\project\web\admin-panel\node_modules\next\src\server\lib\start-server.ts:293:28)
2026-05-19T09:49:38: Error: Could not find a production build in the '.next' directory. Try building your app with 'next build' before starting the production server. https://nextjs.org/docs/messages/production-start-no-build-id
    at setupFsCheck (D:\project\web\admin-panel\node_modules\next\src\server\lib\router-utils\filesystem.ts:157:13)
    at initialize (D:\project\web\admin-panel\node_modules\next\src\server\lib\router-server.ts:93:21)
    at Server.<anonymous> (D:\project\web\admin-panel\node_modules\next\src\server\lib\start-server.ts:293:28)
2026-05-19T09:49:38: Error: Could not find a production build in the '.next' directory. Try building your app with 'next build' before starting the production server. https://nextjs.org/docs/messages/production-start-no-build-id
    at setupFsCheck (D:\project\web\admin-panel\node_modules\next\src\server\lib\router-utils\filesystem.ts:157:13)
    at initialize (D:\project\web\admin-panel\node_modules\next\src\server\lib\router-server.ts:93:21)
    at Server.<anonymous> (D:\project\web\admin-panel\node_modules\next\src\server\lib\start-server.ts:293:28)
2026-05-19T09:49:38: Error: Could not find a production build in the '.next' directory. Try building your app with 'next build' before starting the production server. https://nextjs.org/docs/messages/production-start-no-build-id
    at setupFsCheck (D:\project\web\admin-panel\node_modules\next\src\server\lib\router-utils\filesystem.ts:157:13)
    at initialize (D:\project\web\admin-panel\node_modules\next\src\server\lib\router-server.ts:93:21)
    at Server.<anonymous> (D:\project\web\admin-panel\node_modules\next\src\server\lib\start-server.ts:293:28)
2026-05-19T09:49:38: Error: Could not find a production build in the '.next' directory. Try building your app with 'next build' before starting the production server. https://nextjs.org/docs/messages/production-start-no-build-id
    at setupFsCheck (D:\project\web\admin-panel\node_modules\next\src\server\lib\router-utils\filesystem.ts:157:13)
    at initialize (D:\project\web\admin-panel\node_modules\next\src\server\lib\router-server.ts:93:21)
    at Server.<anonymous> (D:\project\web\admin-panel\node_modules\next\src\server\lib\start-server.ts:293:28)
2026-05-19T09:49:38: Error: Could not find a production build in the '.next' directory. Try building your app with 'next build' before starting the production server. https://nextjs.org/docs/messages/production-start-no-build-id
    at setupFsCheck (D:\project\web\admin-panel\node_modules\next\src\server\lib\router-utils\filesystem.ts:157:13)
    at initialize (D:\project\web\admin-panel\node_modules\next\src\server\lib\router-server.ts:93:21)
    at Server.<anonymous> (D:\project\web\admin-panel\node_modules\next\src\server\lib\start-server.ts:293:28)
2026-05-19T09:49:39: Error: Could not find a production build in the '.next' directory. Try building your app with 'next build' before starting the production server. https://nextjs.org/docs/messages/production-start-no-build-id
    at setupFsCheck (D:\project\web\admin-panel\node_modules\next\src\server\lib\router-utils\filesystem.ts:157:13)
    at initialize (D:\project\web\admin-panel\node_modules\next\src\server\lib\router-server.ts:93:21)
    at Server.<anonymous> (D:\project\web\admin-panel\node_modules\next\src\server\lib\start-server.ts:293:28)
2026-05-19T09:49:39: Error: Could not find a production build in the '.next' directory. Try building your app with 'next build' before starting the production server. https://nextjs.org/docs/messages/production-start-no-build-id
    at setupFsCheck (D:\project\web\admin-panel\node_modules\next\src\server\lib\router-utils\filesystem.ts:157:13)
    at initialize (D:\project\web\admin-panel\node_modules\next\src\server\lib\router-server.ts:93:21)
    at Server.<anonymous> (D:\project\web\admin-panel\node_modules\next\src\server\lib\start-server.ts:293:28)
2026-05-19T09:49:39: Error: Could not find a production build in the '.next' directory. Try building your app with 'next build' before starting the production server. https://nextjs.org/docs/messages/production-start-no-build-id
    at setupFsCheck (D:\project\web\admin-panel\node_modules\next\src\server\lib\router-utils\filesystem.ts:157:13)
    at initialize (D:\project\web\admin-panel\node_modules\next\src\server\lib\router-server.ts:93:21)
    at Server.<anonymous> (D:\project\web\admin-panel\node_modules\next\src\server\lib\start-server.ts:293:28)
2026-05-19T09:49:40: Error: Could not find a production build in the '.next' directory. Try building your app with 'next build' before starting the production server. https://nextjs.org/docs/messages/production-start-no-build-id
    at setupFsCheck (D:\project\web\admin-panel\node_modules\next\src\server\lib\router-utils\filesystem.ts:157:13)
    at initialize (D:\project\web\admin-panel\node_modules\next\src\server\lib\router-server.ts:93:21)
    at Server.<anonymous> (D:\project\web\admin-panel\node_modules\next\src\server\lib\start-server.ts:293:28)
2026-05-19T09:49:40: Error: Could not find a production build in the '.next' directory. Try building your app with 'next build' before starting the production server. https://nextjs.org/docs/messages/production-start-no-build-id
    at setupFsCheck (D:\project\web\admin-panel\node_modules\next\src\server\lib\router-utils\filesystem.ts:157:13)
    at initialize (D:\project\web\admin-panel\node_modules\next\src\server\lib\router-server.ts:93:21)
    at Server.<anonymous> (D:\project\web\admin-panel\node_modules\next\src\server\lib\start-server.ts:293:28)
2026-05-19T09:49:40: Error: Could not find a production build in the '.next' directory. Try building your app with 'next build' before starting the production server. https://nextjs.org/docs/messages/production-start-no-build-id
    at setupFsCheck (D:\project\web\admin-panel\node_modules\next\src\server\lib\router-utils\filesystem.ts:157:13)
    at initialize (D:\project\web\admin-panel\node_modules\next\src\server\lib\router-server.ts:93:21)
    at Server.<anonymous> (D:\project\web\admin-panel\node_modules\next\src\server\lib\start-server.ts:293:28)
2026-05-19T09:49:40: Error: Could not find a production build in the '.next' directory. Try building your app with 'next build' before starting the production server. https://nextjs.org/docs/messages/production-start-no-build-id
    at setupFsCheck (D:\project\web\admin-panel\node_modules\next\src\server\lib\router-utils\filesystem.ts:157:13)
    at initialize (D:\project\web\admin-panel\node_modules\next\src\server\lib\router-server.ts:93:21)
    at Server.<anonymous> (D:\project\web\admin-panel\node_modules\next\src\server\lib\start-server.ts:293:28)
2026-05-19T09:49:41: Error: Could not find a production build in the '.next' directory. Try building your app with 'next build' before starting the production server. https://nextjs.org/docs/messages/production-start-no-build-id
    at setupFsCheck (D:\project\web\admin-panel\node_modules\next\src\server\lib\router-utils\filesystem.ts:157:13)
    at initialize (D:\project\web\admin-panel\node_modules\next\src\server\lib\router-server.ts:93:21)
    at Server.<anonymous> (D:\project\web\admin-panel\node_modules\next\src\server\lib\start-server.ts:293:28)
2026-05-19T09:49:41: Error: Could not find a production build in the '.next' directory. Try building your app with 'next build' before starting the production server. https://nextjs.org/docs/messages/production-start-no-build-id
    at setupFsCheck (D:\project\web\admin-panel\node_modules\next\src\server\lib\router-utils\filesystem.ts:157:13)
    at initialize (D:\project\web\admin-panel\node_modules\next\src\server\lib\router-server.ts:93:21)
    at Server.<anonymous> (D:\project\web\admin-panel\node_modules\next\src\server\lib\start-server.ts:293:28)
2026-05-19T09:49:41: Error: Could not find a production build in the '.next' directory. Try building your app with 'next build' before starting the production server. https://nextjs.org/docs/messages/production-start-no-build-id
    at setupFsCheck (D:\project\web\admin-panel\node_modules\next\src\server\lib\router-utils\filesystem.ts:157:13)
    at initialize (D:\project\web\admin-panel\node_modules\next\src\server\lib\router-server.ts:93:21)
    at Server.<anonymous> (D:\project\web\admin-panel\node_modules\next\src\server\lib\start-server.ts:293:28)
2026-05-19T09:49:42: Error: Could not find a production build in the '.next' directory. Try building your app with 'next build' before starting the production server. https://nextjs.org/docs/messages/production-start-no-build-id
    at setupFsCheck (D:\project\web\admin-panel\node_modules\next\src\server\lib\router-utils\filesystem.ts:157:13)
    at initialize (D:\project\web\admin-panel\node_modules\next\src\server\lib\router-server.ts:93:21)
    at Server.<anonymous> (D:\project\web\admin-panel\node_modules\next\src\server\lib\start-server.ts:293:28)
2026-05-19T09:49:42: Error: Could not find a production build in the '.next' directory. Try building your app with 'next build' before starting the production server. https://nextjs.org/docs/messages/production-start-no-build-id
    at setupFsCheck (D:\project\web\admin-panel\node_modules\next\src\server\lib\router-utils\filesystem.ts:157:13)
    at initialize (D:\project\web\admin-panel\node_modules\next\src\server\lib\router-server.ts:93:21)
    at Server.<anonymous> (D:\project\web\admin-panel\node_modules\next\src\server\lib\start-server.ts:293:28)
2026-05-19T09:49:42: Error: Could not find a production build in the '.next' directory. Try building your app with 'next build' before starting the production server. https://nextjs.org/docs/messages/production-start-no-build-id
    at setupFsCheck (D:\project\web\admin-panel\node_modules\next\src\server\lib\router-utils\filesystem.ts:157:13)
    at initialize (D:\project\web\admin-panel\node_modules\next\src\server\lib\router-server.ts:93:21)
    at Server.<anonymous> (D:\project\web\admin-panel\node_modules\next\src\server\lib\start-server.ts:293:28)
2026-05-19T09:49:42: Error: Could not find a production build in the '.next' directory. Try building your app with 'next build' before starting the production server. https://nextjs.org/docs/messages/production-start-no-build-id
    at setupFsCheck (D:\project\web\admin-panel\node_modules\next\src\server\lib\router-utils\filesystem.ts:157:13)
    at initialize (D:\project\web\admin-panel\node_modules\next\src\server\lib\router-server.ts:93:21)
    at Server.<anonymous> (D:\project\web\admin-panel\node_modules\next\src\server\lib\start-server.ts:293:28)
2026-05-19T09:49:43: Error: Could not find a production build in the '.next' directory. Try building your app with 'next build' before starting the production server. https://nextjs.org/docs/messages/production-start-no-build-id
    at setupFsCheck (D:\project\web\admin-panel\node_modules\next\src\server\lib\router-utils\filesystem.ts:157:13)
    at initialize (D:\project\web\admin-panel\node_modules\next\src\server\lib\router-server.ts:93:21)
    at Server.<anonymous> (D:\project\web\admin-panel\node_modules\next\src\server\lib\start-server.ts:293:28)
2026-09-09T00:11:12:  ⨯ upstream image response failed for https://dl.harfhesab.com/package-game-banner/2026/9/5/1788625098707_nner.png 404
2026-09-09T00:11:12:  ⨯ upstream image response failed for https://dl.harfhesab.com/package-game-banner/2026/8/23/1787445315106_nner.png 404
2026-09-09T00:11:12:  ⨯ upstream image response failed for https://dl.harfhesab.com/package-game-icon/2026/9/3/1788472872127_icon.png 404
2026-09-09T00:11:12:  ⨯ upstream image response failed for https://dl.harfhesab.com/package-game-banner/2026/9/3/1788472872157_nner.png 404
2026-09-09T00:11:12:  ⨯ upstream image response failed for https://dl.harfhesab.com/package-game-icon/2026/8/23/1787445315077_icon.png 404
2026-09-09T00:11:12:  ⨯ upstream image response failed for https://dl.harfhesab.com/package-game-icon/2026/8/22/1787443039229_on-1.png 404
2026-09-09T00:11:12:  ⨯ upstream image response failed for https://dl.harfhesab.com/package-game-banner/2026/8/16/1786896376637_er-1.png 404
2026-09-09T00:11:12:  ⨯ upstream image response failed for https://dl.harfhesab.com/package-game-banner/2026/6/23/1782177016234_nner.png 404
2026-09-09T00:11:12:  ⨯ upstream image response failed for https://dl.harfhesab.com/package-game-banner/2026/6/28/1782601849502_nner.png 404
2026-09-09T00:11:12:  ⨯ upstream image response failed for https://dl.harfhesab.com/package-game-icon/2026/6/28/1782601847822_icon.png 404
2026-09-09T00:11:12:  ⨯ upstream image response failed for https://dl.harfhesab.com/package-game-banner/2026/5/15/1778798660901_nner.png 404
2026-09-09T00:11:12:  ⨯ upstream image response failed for https://dl.harfhesab.com/package-game-icon/2026/5/18/1779095719841_icon.png 404
2026-09-09T00:11:12:  ⨯ upstream image response failed for https://dl.harfhesab.com/package-game-icon/2026/5/15/1778798659271_icon.png 404
2026-09-09T00:11:12:  ⨯ upstream image response failed for https://dl.harfhesab.com/package-game-banner/2026/5/18/1779095719866_nner.png 404
2026-09-09T00:11:13:  ⨯ upstream image response failed for https://dl.harfhesab.com/package-game-icon/2026/6/23/1782177015815_icon.png 404
2026-09-09T00:11:41:  ⨯ upstream image response failed for https://dl.harfhesab.com/package-game-banner/2026/8/23/1787445315106_nner.png 404
2026-09-09T00:11:41:  ⨯ upstream image response failed for https://dl.harfhesab.com/package-game-icon/2026/8/22/1787443039229_on-1.png 404
2026-09-09T00:11:41:  ⨯ upstream image response failed for https://dl.harfhesab.com/package-game-banner/2026/9/5/1788625098707_nner.png 404
2026-09-09T00:11:41:  ⨯ upstream image response failed for https://dl.harfhesab.com/package-game-icon/2026/9/3/1788472872127_icon.png 404
2026-09-09T00:11:41:  ⨯ upstream image response failed for https://dl.harfhesab.com/package-game-icon/2026/8/23/1787445315077_icon.png 404
2026-09-09T00:11:41:  ⨯ upstream image response failed for https://dl.harfhesab.com/package-game-banner/2026/9/3/1788472872157_nner.png 404
2026-09-09T00:11:41:  ⨯ upstream image response failed for https://dl.harfhesab.com/package-game-banner/2026/8/16/1786896376637_er-1.png 404
2026-09-09T00:11:41:  ⨯ upstream image response failed for https://dl.harfhesab.com/package-game-icon/2026/6/28/1782601847822_icon.png 404
2026-09-09T00:11:41:  ⨯ upstream image response failed for https://dl.harfhesab.com/package-game-banner/2026/6/28/1782601849502_nner.png 404
2026-09-09T00:11:41:  ⨯ upstream image response failed for https://dl.harfhesab.com/package-game-icon/2026/6/23/1782177015815_icon.png 404
2026-09-09T00:11:41:  ⨯ upstream image response failed for https://dl.harfhesab.com/package-game-icon/2026/5/18/1779095719841_icon.png 404
2026-09-09T00:11:41:  ⨯ upstream image response failed for https://dl.harfhesab.com/package-game-banner/2026/6/23/1782177016234_nner.png 404
2026-09-09T00:11:41:  ⨯ upstream image response failed for https://dl.harfhesab.com/package-game-banner/2026/5/18/1779095719866_nner.png 404
2026-09-09T00:11:41:  ⨯ upstream image response failed for https://dl.harfhesab.com/package-game-banner/2026/5/15/1778798660901_nner.png 404
2026-09-09T00:11:41:  ⨯ upstream image response failed for https://dl.harfhesab.com/package-game-icon/2026/5/15/1778798659271_icon.png 404
2026-09-09T00:11:43:  ⨯ upstream image response failed for https://dl.harfhesab.com/package-game-banner/2026/9/5/1788625098707_nner.png 404
2026-09-09T00:12:14:  ⨯ upstream image response failed for https://dl.harfhesab.com/package-game-banner/2026/9/5/1788625098707_nner.png 404
2026-09-09T00:12:14:  ⨯ upstream image response failed for https://dl.harfhesab.com/package-game-banner/2026/8/16/1786896376637_er-1.png 404
2026-09-09T00:12:14:  ⨯ upstream image response failed for https://dl.harfhesab.com/package-game-icon/2026/8/23/1787445315077_icon.png 404
2026-09-09T00:12:14:  ⨯ upstream image response failed for https://dl.harfhesab.com/package-game-banner/2026/9/3/1788472872157_nner.png 404
2026-09-09T00:12:14:  ⨯ upstream image response failed for https://dl.harfhesab.com/package-game-icon/2026/6/28/1782601847822_icon.png 404
2026-09-09T00:12:14:  ⨯ upstream image response failed for https://dl.harfhesab.com/package-game-banner/2026/8/23/1787445315106_nner.png 404
2026-09-09T00:12:14:  ⨯ upstream image response failed for https://dl.harfhesab.com/package-game-icon/2026/6/23/1782177015815_icon.png 404
2026-09-09T00:12:14:  ⨯ upstream image response failed for https://dl.harfhesab.com/package-game-banner/2026/6/28/1782601849502_nner.png 404
2026-09-09T00:12:15:  ⨯ upstream image response failed for https://dl.harfhesab.com/package-game-banner/2026/6/23/1782177016234_nner.png 404
2026-09-09T00:12:15:  ⨯ upstream image response failed for https://dl.harfhesab.com/package-game-icon/2026/5/18/1779095719841_icon.png 404
2026-09-09T00:12:15:  ⨯ upstream image response failed for https://dl.harfhesab.com/package-game-banner/2026/5/18/1779095719866_nner.png 404
2026-09-09T00:12:15:  ⨯ upstream image response failed for https://dl.harfhesab.com/package-game-banner/2026/5/15/1778798660901_nner.png 404
2026-09-09T00:12:15:  ⨯ upstream image response failed for https://dl.harfhesab.com/package-game-icon/2026/5/15/1778798659271_icon.png 404
2026-09-09T00:12:15:  ⨯ upstream image response failed for https://dl.harfhesab.com/package-game-icon/2026/9/3/1788472872127_icon.png 404
2026-09-09T00:12:15:  ⨯ upstream image response failed for https://dl.harfhesab.com/package-game-icon/2026/8/22/1787443039229_on-1.png 404
2026-09-09T00:13:19:  ⨯ upstream image response failed for https://dl.harfhesab.com/package-game-banner/2026/9/5/1788625098707_nner.png 404
2026-09-09T00:13:45:  ⨯ upstream image response failed for https://dl.harfhesab.com/package-game-banner/2026/9/5/1788625098707_nner.png 404
2026-09-09T00:13:45:  ⨯ upstream image response failed for https://dl.harfhesab.com/package-game-banner/2026/8/16/1786896376637_er-1.png 404
2026-09-09T00:13:45:  ⨯ upstream image response failed for https://dl.harfhesab.com/package-game-banner/2026/8/23/1787445315106_nner.png 404
2026-09-09T00:13:45:  ⨯ upstream image response failed for https://dl.harfhesab.com/package-game-icon/2026/8/23/1787445315077_icon.png 404
2026-09-09T00:13:45:  ⨯ upstream image response failed for https://dl.harfhesab.com/package-game-icon/2026/8/22/1787443039229_on-1.png 404
2026-09-09T00:13:45:  ⨯ upstream image response failed for https://dl.harfhesab.com/package-game-icon/2026/9/3/1788472872127_icon.png 404
2026-09-09T00:13:45:  ⨯ upstream image response failed for https://dl.harfhesab.com/package-game-banner/2026/9/3/1788472872157_nner.png 404
2026-09-09T00:13:45:  ⨯ upstream image response failed for https://dl.harfhesab.com/package-game-icon/2026/6/28/1782601847822_icon.png 404
2026-09-09T00:13:45:  ⨯ upstream image response failed for https://dl.harfhesab.com/package-game-banner/2026/6/28/1782601849502_nner.png 404
2026-09-09T00:13:45:  ⨯ upstream image response failed for https://dl.harfhesab.com/package-game-banner/2026/6/23/1782177016234_nner.png 404
2026-09-09T00:13:45:  ⨯ upstream image response failed for https://dl.harfhesab.com/package-game-icon/2026/6/23/1782177015815_icon.png 404
2026-09-09T00:13:46:  ⨯ upstream image response failed for https://dl.harfhesab.com/package-game-banner/2026/5/18/1779095719866_nner.png 404
2026-09-09T00:13:46:  ⨯ upstream image response failed for https://dl.harfhesab.com/package-game-icon/2026/5/18/1779095719841_icon.png 404
2026-09-09T00:13:46:  ⨯ upstream image response failed for https://dl.harfhesab.com/package-game-banner/2026/5/15/1778798660901_nner.png 404
2026-09-09T00:13:46:  ⨯ upstream image response failed for https://dl.harfhesab.com/package-game-icon/2026/5/15/1778798659271_icon.png 404
2026-09-09T00:16:02:  ⨯ upstream image response failed for https://dl.harfhesab.com/package-game-icon/2026/8/22/1787443039229_on-1.png 404
2026-09-09T00:16:02:  ⨯ upstream image response failed for https://dl.harfhesab.com/package-game-banner/2026/9/5/1788625098707_nner.png 404
2026-09-09T00:16:02:  ⨯ upstream image response failed for https://dl.harfhesab.com/package-game-banner/2026/8/23/1787445315106_nner.png 404
2026-09-09T00:16:02:  ⨯ upstream image response failed for https://dl.harfhesab.com/package-game-icon/2026/8/23/1787445315077_icon.png 404
2026-09-09T00:16:02:  ⨯ upstream image response failed for https://dl.harfhesab.com/package-game-banner/2026/8/16/1786896376637_er-1.png 404
2026-09-09T00:16:02:  ⨯ upstream image response failed for https://dl.harfhesab.com/package-game-icon/2026/9/3/1788472872127_icon.png 404
2026-09-09T00:16:02:  ⨯ upstream image response failed for https://dl.harfhesab.com/package-game-banner/2026/9/3/1788472872157_nner.png 404
2026-09-09T00:16:02:  ⨯ upstream image response failed for https://dl.harfhesab.com/package-game-icon/2026/6/28/1782601847822_icon.png 404
2026-09-09T00:16:02:  ⨯ upstream image response failed for https://dl.harfhesab.com/package-game-icon/2026/6/23/1782177015815_icon.png 404
2026-09-09T00:16:02:  ⨯ upstream image response failed for https://dl.harfhesab.com/package-game-banner/2026/6/28/1782601849502_nner.png 404
2026-09-09T00:16:02:  ⨯ upstream image response failed for https://dl.harfhesab.com/package-game-icon/2026/5/18/1779095719841_icon.png 404
2026-09-09T00:16:02:  ⨯ upstream image response failed for https://dl.harfhesab.com/package-game-banner/2026/6/23/1782177016234_nner.png 404
2026-09-09T00:16:02:  ⨯ upstream image response failed for https://dl.harfhesab.com/package-game-banner/2026/5/18/1779095719866_nner.png 404
2026-09-09T00:16:02:  ⨯ upstream image response failed for https://dl.harfhesab.com/package-game-icon/2026/5/15/1778798659271_icon.png 404
2026-09-09T00:16:02:  ⨯ upstream image response failed for https://dl.harfhesab.com/package-game-banner/2026/5/15/1778798660901_nner.png 404
2026-09-09T00:16:06:  ⨯ upstream image response failed for https://dl.harfhesab.com/package-game-banner/2026/9/5/1788625098707_nner.png 404
2026-09-09T00:16:30:  ⨯ upstream image response failed for https://dl.harfhesab.com/package-game-icon/2026/9/3/1788472872127_icon.png 404
2026-09-09T00:16:30:  ⨯ upstream image response failed for https://dl.harfhesab.com/package-game-icon/2026/6/28/1782601847822_icon.png 404
2026-09-09T00:16:30:  ⨯ upstream image response failed for https://dl.harfhesab.com/package-game-banner/2026/8/23/1787445315106_nner.png 404
2026-09-09T00:16:30:  ⨯ upstream image response failed for https://dl.harfhesab.com/package-game-banner/2026/9/3/1788472872157_nner.png 404
2026-09-09T00:16:30:  ⨯ upstream image response failed for https://dl.harfhesab.com/package-game-icon/2026/8/22/1787443039229_on-1.png 404
2026-09-09T00:16:31:  ⨯ upstream image response failed for https://dl.harfhesab.com/package-game-banner/2026/8/16/1786896376637_er-1.png 404
2026-09-09T00:16:31:  ⨯ upstream image response failed for https://dl.harfhesab.com/package-game-icon/2026/8/23/1787445315077_icon.png 404
2026-09-09T00:16:31:  ⨯ upstream image response failed for https://dl.harfhesab.com/package-game-icon/2026/6/23/1782177015815_icon.png 404
2026-09-09T00:16:31:  ⨯ upstream image response failed for https://dl.harfhesab.com/package-game-icon/2026/5/18/1779095719841_icon.png 404
2026-09-09T00:16:31:  ⨯ upstream image response failed for https://dl.harfhesab.com/package-game-banner/2026/6/28/1782601849502_nner.png 404
2026-09-09T00:16:31:  ⨯ upstream image response failed for https://dl.harfhesab.com/package-game-banner/2026/6/23/1782177016234_nner.png 404
2026-09-09T00:16:31:  ⨯ upstream image response failed for https://dl.harfhesab.com/package-game-banner/2026/5/18/1779095719866_nner.png 404
2026-09-09T00:16:31:  ⨯ upstream image response failed for https://dl.harfhesab.com/package-game-icon/2026/5/15/1778798659271_icon.png 404
2026-09-09T00:16:31:  ⨯ upstream image response failed for https://dl.harfhesab.com/package-game-banner/2026/5/15/1778798660901_nner.png 404
2026-09-09T00:17:19:  ⨯ upstream image response failed for https://dl.harfhesab.com/package-game-season/2026/5/15/1778799502772_se-1.png 404
2026-09-09T00:17:19:  ⨯ upstream image response failed for https://dl.harfhesab.com/package-game-icon/2026/5/15/1778798659271_icon.png 404
2026-09-09T00:17:19:  ⨯ upstream image response failed for https://dl.harfhesab.com/package-game-icon/2026/5/18/1779095719841_icon.png 404
2026-09-09T00:17:19:  ⨯ upstream image response failed for https://dl.harfhesab.com/package-game-season/2026/5/18/1779097039936_se-2.png 404
2026-09-09T00:17:19:  ⨯ upstream image response failed for https://dl.harfhesab.com/package-game-season/2026/5/18/1779096449593_se-1.png 404
2026-09-09T00:17:19:  ⨯ upstream image response failed for https://dl.harfhesab.com/package-game-season/2026/5/18/1779097592819_se-3.png 404
2026-09-09T00:17:19:  ⨯ upstream image response failed for https://dl.harfhesab.com/package-game-season/2026/5/15/1778833292531_se-2.png 404
2026-09-09T00:17:19:  ⨯ upstream image response failed for https://dl.harfhesab.com/package-game-season/2026/6/28/1782603643684_se-1.png 404
2026-09-09T00:17:19:  ⨯ upstream image response failed for https://dl.harfhesab.com/package-game-season/2026/6/24/1782249524015_se-3.png 404
2026-09-09T00:17:19:  ⨯ upstream image response failed for https://dl.harfhesab.com/package-game-icon/2026/6/23/1782177015815_icon.png 404
2026-09-09T00:17:19:  ⨯ upstream image response failed for https://dl.harfhesab.com/package-game-icon/2026/6/28/1782601847822_icon.png 404
2026-09-09T00:17:20:  ⨯ upstream image response failed for https://dl.harfhesab.com/package-game-season/2026/6/24/1782248879350_se-1.png 404
2026-09-09T00:17:20:  ⨯ upstream image response failed for https://dl.harfhesab.com/package-game-season/2026/6/24/1782249277422_se-2.png 404
2026-09-09T00:17:20:  ⨯ upstream image response failed for https://dl.harfhesab.com/package-game-season/2026/5/15/1778834086759_se-3.png 404
2026-09-09T00:17:23:  ⨯ upstream image response failed for https://dl.harfhesab.com/package-game-icon/2026/8/22/1787443039229_on-1.png 404
2026-09-09T00:17:23:  ⨯ upstream image response failed for https://dl.harfhesab.com/package-game-icon/2026/8/23/1787445315077_icon.png 404
2026-09-09T00:17:23:  ⨯ upstream image response failed for https://dl.harfhesab.com/package-game-icon/2026/6/28/1782601847822_icon.png 404
2026-09-09T00:17:23:  ⨯ upstream image response failed for https://dl.harfhesab.com/package-game-icon/2026/9/3/1788472872127_icon.png 404
2026-09-09T00:17:23:  ⨯ upstream image response failed for https://dl.harfhesab.com/package-game-icon/2026/6/23/1782177015815_icon.png 404
2026-09-09T00:17:23:  ⨯ upstream image response failed for https://dl.harfhesab.com/package-game-icon/2026/5/15/1778798659271_icon.png 404
2026-09-09T00:17:23:  ⨯ upstream image response failed for https://dl.harfhesab.com/package-game-icon/2026/5/18/1779095719841_icon.png 404
2026-09-09T00:17:28:  ⨯ upstream image response failed for https://dl.harfhesab.com/package-game-season/2026/9/5/1788628695169_se-2.png 404
2026-09-09T00:17:28:  ⨯ upstream image response failed for https://dl.harfhesab.com/package-game-icon/2026/9/5/1788625098683_icon.png 404
2026-09-09T00:17:28:  ⨯ upstream image response failed for https://dl.harfhesab.com/package-game-season/2026/9/5/1788628585346_se-1.png 404
2026-09-09T00:17:43:  ⨯ upstream image response failed for https://dl.harfhesab.com/package-game-icon/2026/9/5/1788625098683_icon.png 404
2026-09-09T00:17:43:  ⨯ upstream image response failed for https://dl.harfhesab.com/package-game-season/2026/9/5/1788628585346_se-1.png 404
2026-09-09T00:18:40:  ⨯ upstream image response failed for https://dl.harfhesab.com/package-game-icon/2026/5/15/1778798659271_icon.png 404
2026-09-09T00:18:41:  ⨯ upstream image response failed for https://dl.harfhesab.com/package-game-season/2026/5/15/1778833292531_se-2.png 404
2026-09-09T00:18:42:  ⨯ upstream image response failed for https://dl.harfhesab.com/package-game-season/2026/5/18/1779096449593_se-1.png 404
2026-09-09T00:18:42:  ⨯ upstream image response failed for https://dl.harfhesab.com/package-game-icon/2026/5/18/1779095719841_icon.png 404
2026-09-09T00:18:43:  ⨯ upstream image response failed for https://dl.harfhesab.com/package-game-season/2026/5/18/1779097592819_se-3.png 404
2026-09-09T00:18:43:  ⨯ upstream image response failed for https://dl.harfhesab.com/package-game-season/2026/6/24/1782249277422_se-2.png 404
2026-09-09T00:18:43:  ⨯ upstream image response failed for https://dl.harfhesab.com/package-game-icon/2026/6/23/1782177015815_icon.png 404
2026-09-09T00:18:43:  ⨯ upstream image response failed for https://dl.harfhesab.com/package-game-season/2026/6/24/1782248879350_se-1.png 404
2026-09-09T00:18:43:  ⨯ upstream image response failed for https://dl.harfhesab.com/package-game-season/2026/5/18/1779097039936_se-2.png 404
2026-09-09T00:18:43:  ⨯ upstream image response failed for https://dl.harfhesab.com/package-game-season/2026/6/24/1782249524015_se-3.png 404
2026-09-09T00:18:43:  ⨯ upstream image response failed for https://dl.harfhesab.com/package-game-season/2026/6/28/1782603643684_se-1.png 404
2026-09-09T00:18:43:  ⨯ upstream image response failed for https://dl.harfhesab.com/package-game-icon/2026/6/28/1782601847822_icon.png 404
2026-09-09T00:18:43:  ⨯ upstream image response failed for https://dl.harfhesab.com/package-game-season/2026/6/28/1782604060714_se-3.png 404
2026-09-09T00:18:43:  ⨯ upstream image response failed for https://dl.harfhesab.com/package-game-season/2026/6/28/1782604514775_se-5.png 404
2026-09-09T00:18:43:  ⨯ upstream image response failed for https://dl.harfhesab.com/package-game-season/2026/6/28/1782604641570_se-6.png 404
2026-09-09T00:18:44:  ⨯ upstream image response failed for https://dl.harfhesab.com/package-game-season/2026/8/18/1787036398685_se-2.png 404
2026-09-09T00:18:45:  ⨯ upstream image response failed for https://dl.harfhesab.com/package-game-season/2026/5/15/1778834086759_se-3.png 404
2026-09-09T00:18:45:  ⨯ upstream image response failed for https://dl.harfhesab.com/package-game-season/2026/5/15/1778799502772_se-1.png 404
2026-09-09T00:18:46:  ⨯ upstream image response failed for https://dl.harfhesab.com/package-game-season/2026/6/28/1782603899524_se-2.png 404
2026-09-09T00:18:46:  ⨯ upstream image response failed for https://dl.harfhesab.com/package-game-season/2026/6/28/1782604289318_se-4.png 404
2026-09-09T00:18:46:  ⨯ upstream image response failed for https://dl.harfhesab.com/package-game-icon/2026/8/22/1787443039229_on-1.png 404
2026-09-09T00:18:46:  ⨯ upstream image response failed for https://dl.harfhesab.com/package-game-season/2026/8/17/1786964538900_se-1.png 404
2026-09-09T00:18:46:  ⨯ upstream image response failed for https://dl.harfhesab.com/package-game-season/2026/9/3/1788477386739_se-2.png 404
2026-09-09T00:18:47:  ⨯ upstream image response failed for https://dl.harfhesab.com/package-game-season/2026/8/18/1787036635740_se-3.png 404
2026-09-09T00:18:48:  ⨯ upstream image response failed for https://dl.harfhesab.com/package-game-season/2026/9/5/1788628695169_se-2.png 404
2026-09-09T00:18:48:  ⨯ upstream image response failed for https://dl.harfhesab.com/package-game-icon/2026/9/3/1788472872127_icon.png 404
2026-09-09T00:18:48:  ⨯ upstream image response failed for https://dl.harfhesab.com/package-game-season/2026/8/18/1787036789891_se-4.png 404
2026-09-09T00:18:48:  ⨯ upstream image response failed for https://dl.harfhesab.com/package-game-season/2026/8/18/1787041115419_se-5.png 404
2026-09-09T00:18:48:  ⨯ upstream image response failed for https://dl.harfhesab.com/package-game-season/2026/8/21/1787318692470_se-8.png 404
2026-09-09T00:18:48:  ⨯ upstream image response failed for https://dl.harfhesab.com/package-game-season/2026/8/18/1787049026184_se-6.png 404
2026-09-09T00:18:48:  ⨯ upstream image response failed for https://dl.harfhesab.com/package-game-season/2026/8/21/1787317202716_se-7.png 404
2026-09-09T00:18:49:  ⨯ upstream image response failed for https://dl.harfhesab.com/package-game-season/2026/9/3/1788477191317_se-1.png 404
2026-09-09T00:18:49:  ⨯ upstream image response failed for https://dl.harfhesab.com/package-game-icon/2026/9/5/1788625098683_icon.png 404
2026-09-09T00:18:52:  ⨯ upstream image response failed for https://dl.harfhesab.com/package-game-icon/2026/8/23/1787445315077_icon.png 404
2026-09-09T00:18:52:  ⨯ upstream image response failed for https://dl.harfhesab.com/package-game-banner/2026/9/3/1788472872157_nner.png 404
2026-09-09T00:18:52:  ⨯ upstream image response failed for https://dl.harfhesab.com/package-game-banner/2026/8/23/1787445315106_nner.png 404
2026-09-09T00:18:52:  ⨯ upstream image response failed for https://dl.harfhesab.com/package-game-icon/2026/9/3/1788472872127_icon.png 404
2026-09-09T00:18:52:  ⨯ upstream image response failed for https://dl.harfhesab.com/package-game-banner/2026/6/28/1782601849502_nner.png 404
2026-09-09T00:18:52:  ⨯ upstream image response failed for https://dl.harfhesab.com/package-game-icon/2026/6/28/1782601847822_icon.png 404
2026-09-09T00:18:52:  ⨯ upstream image response failed for https://dl.harfhesab.com/package-game-banner/2026/8/16/1786896376637_er-1.png 404
2026-09-09T00:18:52:  ⨯ upstream image response failed for https://dl.harfhesab.com/package-game-icon/2026/6/23/1782177015815_icon.png 404
2026-09-09T00:18:52:  ⨯ upstream image response failed for https://dl.harfhesab.com/package-game-icon/2026/8/22/1787443039229_on-1.png 404
2026-09-09T00:18:52:  ⨯ upstream image response failed for https://dl.harfhesab.com/package-game-icon/2026/5/18/1779095719841_icon.png 404
2026-09-09T00:18:52:  ⨯ upstream image response failed for https://dl.harfhesab.com/package-game-icon/2026/5/15/1778798659271_icon.png 404
2026-09-09T00:18:52:  ⨯ upstream image response failed for https://dl.harfhesab.com/package-game-banner/2026/5/18/1779095719866_nner.png 404
2026-09-09T00:18:52:  ⨯ upstream image response failed for https://dl.harfhesab.com/package-game-banner/2026/5/15/1778798660901_nner.png 404
2026-09-09T00:18:52:  ⨯ upstream image response failed for https://dl.harfhesab.com/package-game-banner/2026/6/23/1782177016234_nner.png 404
2026-09-09T00:18:55:  ⨯ upstream image response failed for https://dl.harfhesab.com/package-game-icon/2026/8/22/1787443039229_on-1.png 404
2026-09-09T00:18:55:  ⨯ upstream image response failed for https://dl.harfhesab.com/package-game-banner/2026/9/3/1788472872157_nner.png 404
2026-09-09T00:18:55:  ⨯ upstream image response failed for https://dl.harfhesab.com/package-game-icon/2026/9/3/1788472872127_icon.png 404
2026-09-09T00:18:55:  ⨯ upstream image response failed for https://dl.harfhesab.com/package-game-banner/2026/8/23/1787445315106_nner.png 404
2026-09-09T00:18:55:  ⨯ upstream image response failed for https://dl.harfhesab.com/package-game-icon/2026/8/23/1787445315077_icon.png 404
2026-09-09T00:18:55:  ⨯ upstream image response failed for https://dl.harfhesab.com/package-game-banner/2026/8/16/1786896376637_er-1.png 404
2026-09-09T00:18:55:  ⨯ upstream image response failed for https://dl.harfhesab.com/package-game-banner/2026/6/23/1782177016234_nner.png 404
2026-09-09T00:18:55:  ⨯ upstream image response failed for https://dl.harfhesab.com/package-game-icon/2026/6/23/1782177015815_icon.png 404
2026-09-09T00:18:55:  ⨯ upstream image response failed for https://dl.harfhesab.com/package-game-banner/2026/6/28/1782601849502_nner.png 404
2026-09-09T00:18:55:  ⨯ upstream image response failed for https://dl.harfhesab.com/package-game-banner/2026/5/18/1779095719866_nner.png 404
2026-09-09T00:18:55:  ⨯ upstream image response failed for https://dl.harfhesab.com/package-game-icon/2026/6/28/1782601847822_icon.png 404
2026-09-09T00:18:55:  ⨯ upstream image response failed for https://dl.harfhesab.com/package-game-icon/2026/5/18/1779095719841_icon.png 404
2026-09-09T00:18:55:  ⨯ upstream image response failed for https://dl.harfhesab.com/package-game-icon/2026/5/15/1778798659271_icon.png 404
2026-09-09T00:18:55:  ⨯ upstream image response failed for https://dl.harfhesab.com/package-game-banner/2026/5/15/1778798660901_nner.png 404
2026-09-09T00:19:05:  ⨯ upstream image response failed for https://dl.harfhesab.com/package-game-icon/2026/5/18/1779095719841_icon.png 404
2026-09-09T00:19:05:  ⨯ upstream image response failed for https://dl.harfhesab.com/package-game-season/2026/5/15/1778834086759_se-3.png 404
2026-09-09T00:19:05:  ⨯ upstream image response failed for https://dl.harfhesab.com/package-game-season/2026/5/15/1778833292531_se-2.png 404
2026-09-09T00:19:05:  ⨯ upstream image response failed for https://dl.harfhesab.com/package-game-icon/2026/5/15/1778798659271_icon.png 404
2026-09-09T00:19:05:  ⨯ upstream image response failed for https://dl.harfhesab.com/package-game-season/2026/5/15/1778799502772_se-1.png 404
2026-09-09T00:19:05:  ⨯ upstream image response failed for https://dl.harfhesab.com/package-game-season/2026/5/18/1779096449593_se-1.png 404
2026-09-09T00:19:05:  ⨯ upstream image response failed for https://dl.harfhesab.com/package-game-season/2026/5/18/1779097039936_se-2.png 404
2026-09-09T00:19:05:  ⨯ upstream image response failed for https://dl.harfhesab.com/package-game-season/2026/5/18/1779097592819_se-3.png 404
2026-09-09T00:19:05:  ⨯ upstream image response failed for https://dl.harfhesab.com/package-game-icon/2026/6/23/1782177015815_icon.png 404
2026-09-09T00:19:05:  ⨯ upstream image response failed for https://dl.harfhesab.com/package-game-season/2026/6/24/1782248879350_se-1.png 404
2026-09-09T00:19:05:  ⨯ upstream image response failed for https://dl.harfhesab.com/package-game-season/2026/6/24/1782249524015_se-3.png 404
2026-09-09T00:19:05:  ⨯ upstream image response failed for https://dl.harfhesab.com/package-game-season/2026/6/24/1782249277422_se-2.png 404
2026-09-09T00:19:05:  ⨯ upstream image response failed for https://dl.harfhesab.com/package-game-icon/2026/6/28/1782601847822_icon.png 404
2026-09-09T00:19:05:  ⨯ upstream image response failed for https://dl.harfhesab.com/package-game-season/2026/6/28/1782603643684_se-1.png 404
2026-09-09T00:19:08:  ⨯ upstream image response failed for https://dl.harfhesab.com/package-game-icon/2026/9/3/1788472872127_icon.png 404
2026-09-09T00:19:08:  ⨯ upstream image response failed for https://dl.harfhesab.com/package-game-icon/2026/8/22/1787443039229_on-1.png 404
2026-09-09T00:19:08:  ⨯ upstream image response failed for https://dl.harfhesab.com/package-game-icon/2026/8/23/1787445315077_icon.png 404
2026-09-09T00:19:08:  ⨯ upstream image response failed for https://dl.harfhesab.com/package-game-icon/2026/6/28/1782601847822_icon.png 404
2026-09-09T00:19:08:  ⨯ upstream image response failed for https://dl.harfhesab.com/package-game-icon/2026/5/18/1779095719841_icon.png 404
2026-09-09T00:19:08:  ⨯ upstream image response failed for https://dl.harfhesab.com/package-game-icon/2026/6/23/1782177015815_icon.png 404
2026-09-09T00:19:08:  ⨯ upstream image response failed for https://dl.harfhesab.com/package-game-icon/2026/5/15/1778798659271_icon.png 404
2026-09-09T00:19:16:  ⨯ upstream image response failed for https://dl.harfhesab.com/package-game-icon/2026/9/5/1788625098683_icon.png 404
2026-09-09T00:19:16:  ⨯ upstream image response failed for https://dl.harfhesab.com/package-game-season/2026/9/5/1788628695169_se-2.png 404
2026-09-09T00:20:03:  ⨯ upstream image response failed for https://dl.harfhesab.com/package-game-icon/2026/9/5/1788625098683_icon.png 404
2026-09-09T00:23:32:  ⨯ upstream image response failed for https://dl.harfhesab.com/package-game-season/2026/5/15/1778833292531_se-2.png 404
2026-09-09T00:23:32:  ⨯ upstream image response failed for https://dl.harfhesab.com/package-game-icon/2026/5/18/1779095719841_icon.png 404
2026-09-09T00:23:32:  ⨯ upstream image response failed for https://dl.harfhesab.com/package-game-icon/2026/5/15/1778798659271_icon.png 404
2026-09-09T00:23:32:  ⨯ upstream image response failed for https://dl.harfhesab.com/package-game-season/2026/5/15/1778799502772_se-1.png 404
2026-09-09T00:23:32:  ⨯ upstream image response failed for https://dl.harfhesab.com/package-game-season/2026/5/18/1779097039936_se-2.png 404
2026-09-09T00:23:32:  ⨯ upstream image response failed for https://dl.harfhesab.com/package-game-season/2026/5/18/1779096449593_se-1.png 404
2026-09-09T00:23:32:  ⨯ upstream image response failed for https://dl.harfhesab.com/package-game-season/2026/5/18/1779097592819_se-3.png 404
2026-09-09T00:23:32:  ⨯ upstream image response failed for https://dl.harfhesab.com/package-game-season/2026/6/24/1782249277422_se-2.png 404
2026-09-09T00:23:32:  ⨯ upstream image response failed for https://dl.harfhesab.com/package-game-season/2026/6/24/1782249524015_se-3.png 404
2026-09-09T00:23:32:  ⨯ upstream image response failed for https://dl.harfhesab.com/package-game-icon/2026/6/23/1782177015815_icon.png 404
2026-09-09T00:23:32:  ⨯ upstream image response failed for https://dl.harfhesab.com/package-game-season/2026/6/24/1782248879350_se-1.png 404
2026-09-09T00:23:32:  ⨯ upstream image response failed for https://dl.harfhesab.com/package-game-season/2026/6/28/1782603643684_se-1.png 404
2026-09-09T00:23:32:  ⨯ upstream image response failed for https://dl.harfhesab.com/package-game-season/2026/5/15/1778834086759_se-3.png 404
2026-09-09T00:23:32:  ⨯ upstream image response failed for https://dl.harfhesab.com/package-game-icon/2026/6/28/1782601847822_icon.png 404
2026-09-09T00:23:41:  ⨯ upstream image response failed for https://dl.harfhesab.com/package-game-icon/2026/9/3/1788472872127_icon.png 404
2026-09-09T00:23:41:  ⨯ upstream image response failed for https://dl.harfhesab.com/package-game-icon/2026/8/22/1787443039229_on-1.png 404
2026-09-09T00:23:41:  ⨯ upstream image response failed for https://dl.harfhesab.com/package-game-banner/2026/9/3/1788472872157_nner.png 404
2026-09-09T00:23:41:  ⨯ upstream image response failed for https://dl.harfhesab.com/package-game-banner/2026/8/16/1786896376637_er-1.png 404
2026-09-09T00:23:41:  ⨯ upstream image response failed for https://dl.harfhesab.com/package-game-icon/2026/6/28/1782601847822_icon.png 404
2026-09-09T00:23:41:  ⨯ upstream image response failed for https://dl.harfhesab.com/package-game-banner/2026/8/23/1787445315106_nner.png 404
2026-09-09T00:23:41:  ⨯ upstream image response failed for https://dl.harfhesab.com/package-game-icon/2026/8/23/1787445315077_icon.png 404
2026-09-09T00:23:41:  ⨯ upstream image response failed for https://dl.harfhesab.com/package-game-icon/2026/6/23/1782177015815_icon.png 404
2026-09-09T00:23:41:  ⨯ upstream image response failed for https://dl.harfhesab.com/package-game-banner/2026/6/28/1782601849502_nner.png 404
2026-09-09T00:23:41:  ⨯ upstream image response failed for https://dl.harfhesab.com/package-game-icon/2026/5/18/1779095719841_icon.png 404
2026-09-09T00:23:41:  ⨯ upstream image response failed for https://dl.harfhesab.com/package-game-banner/2026/6/23/1782177016234_nner.png 404
2026-09-09T00:23:41:  ⨯ upstream image response failed for https://dl.harfhesab.com/package-game-icon/2026/5/15/1778798659271_icon.png 404
2026-09-09T00:23:42:  ⨯ upstream image response failed for https://dl.harfhesab.com/package-game-banner/2026/5/15/1778798660901_nner.png 404
2026-09-09T00:23:42:  ⨯ upstream image response failed for https://dl.harfhesab.com/package-game-banner/2026/5/18/1779095719866_nner.png 404
2026-09-09T00:23:54:  ⨯ upstream image response failed for https://dl.harfhesab.com/package-game-icon/2026/8/23/1787445315077_icon.png 404
2026-09-09T00:23:54:  ⨯ upstream image response failed for https://dl.harfhesab.com/package-game-icon/2026/9/3/1788472872127_icon.png 404
2026-09-09T00:23:54:  ⨯ upstream image response failed for https://dl.harfhesab.com/package-game-icon/2026/8/22/1787443039229_on-1.png 404
2026-09-09T00:23:54:  ⨯ upstream image response failed for https://dl.harfhesab.com/package-game-banner/2026/8/23/1787445315106_nner.png 404
2026-09-09T00:23:54:  ⨯ upstream image response failed for https://dl.harfhesab.com/package-game-banner/2026/8/16/1786896376637_er-1.png 404
2026-09-09T00:23:54:  ⨯ upstream image response failed for https://dl.harfhesab.com/package-game-banner/2026/9/3/1788472872157_nner.png 404
2026-09-09T00:23:54:  ⨯ upstream image response failed for https://dl.harfhesab.com/package-game-icon/2026/6/28/1782601847822_icon.png 404
2026-09-09T00:23:54:  ⨯ upstream image response failed for https://dl.harfhesab.com/package-game-banner/2026/6/28/1782601849502_nner.png 404
2026-09-09T00:23:54:  ⨯ upstream image response failed for https://dl.harfhesab.com/package-game-icon/2026/6/23/1782177015815_icon.png 404
2026-09-09T00:23:54:  ⨯ upstream image response failed for https://dl.harfhesab.com/package-game-banner/2026/6/23/1782177016234_nner.png 404
2026-09-09T00:23:54:  ⨯ upstream image response failed for https://dl.harfhesab.com/package-game-icon/2026/5/18/1779095719841_icon.png 404
2026-09-09T00:23:54:  ⨯ upstream image response failed for https://dl.harfhesab.com/package-game-banner/2026/5/18/1779095719866_nner.png 404
2026-09-09T00:23:54:  ⨯ upstream image response failed for https://dl.harfhesab.com/package-game-icon/2026/5/15/1778798659271_icon.png 404
2026-09-09T00:23:54:  ⨯ upstream image response failed for https://dl.harfhesab.com/package-game-banner/2026/5/15/1778798660901_nner.png 404
2026-09-09T00:24:10:  ⨯ upstream image response failed for https://dl.harfhesab.com/package-game-icon/2026/5/15/1778798659271_icon.png 404
2026-09-09T00:24:10:  ⨯ upstream image response failed for https://dl.harfhesab.com/package-game-season/2026/5/15/1778834086759_se-3.png 404
2026-09-09T00:24:10:  ⨯ upstream image response failed for https://dl.harfhesab.com/package-game-season/2026/5/15/1778833292531_se-2.png 404
2026-09-09T00:24:10:  ⨯ upstream image response failed for https://dl.harfhesab.com/package-game-season/2026/5/18/1779096449593_se-1.png 404
2026-09-09T00:24:10:  ⨯ upstream image response failed for https://dl.harfhesab.com/package-game-season/2026/5/15/1778799502772_se-1.png 404
2026-09-09T00:24:10:  ⨯ upstream image response failed for https://dl.harfhesab.com/package-game-icon/2026/5/18/1779095719841_icon.png 404
2026-09-09T00:24:10:  ⨯ upstream image response failed for https://dl.harfhesab.com/package-game-season/2026/5/18/1779097039936_se-2.png 404
2026-09-09T00:24:10:  ⨯ upstream image response failed for https://dl.harfhesab.com/package-game-season/2026/5/18/1779097592819_se-3.png 404
2026-09-09T00:24:10:  ⨯ upstream image response failed for https://dl.harfhesab.com/package-game-icon/2026/6/23/1782177015815_icon.png 404
2026-09-09T00:24:10:  ⨯ upstream image response failed for https://dl.harfhesab.com/package-game-season/2026/6/24/1782249277422_se-2.png 404
2026-09-09T00:24:10:  ⨯ upstream image response failed for https://dl.harfhesab.com/package-game-season/2026/6/28/1782603643684_se-1.png 404
2026-09-09T00:24:10:  ⨯ upstream image response failed for https://dl.harfhesab.com/package-game-season/2026/6/24/1782248879350_se-1.png 404
2026-09-09T00:24:10:  ⨯ upstream image response failed for https://dl.harfhesab.com/package-game-season/2026/6/24/1782249524015_se-3.png 404
2026-09-09T00:24:10:  ⨯ upstream image response failed for https://dl.harfhesab.com/package-game-icon/2026/6/28/1782601847822_icon.png 404
2026-09-09T00:24:13:  ⨯ upstream image response failed for https://dl.harfhesab.com/package-game-icon/2026/6/23/1782177015815_icon.png 404
2026-09-09T00:24:13:  ⨯ upstream image response failed for https://dl.harfhesab.com/package-game-icon/2026/6/28/1782601847822_icon.png 404
2026-09-09T00:24:13:  ⨯ upstream image response failed for https://dl.harfhesab.com/package-game-icon/2026/8/23/1787445315077_icon.png 404
2026-09-09T00:24:13:  ⨯ upstream image response failed for https://dl.harfhesab.com/package-game-icon/2026/5/18/1779095719841_icon.png 404
2026-09-09T00:24:13:  ⨯ upstream image response failed for https://dl.harfhesab.com/package-game-icon/2026/9/3/1788472872127_icon.png 404
2026-09-09T00:24:13:  ⨯ upstream image response failed for https://dl.harfhesab.com/package-game-icon/2026/8/22/1787443039229_on-1.png 404
2026-09-09T00:24:14:  ⨯ upstream image response failed for https://dl.harfhesab.com/package-game-icon/2026/5/15/1778798659271_icon.png 404
2026-09-09T00:24:21:  ⨯ upstream image response failed for https://dl.harfhesab.com/package-game-icon/2026/9/5/1788625098683_icon.png 404
2026-09-09T00:24:21:  ⨯ upstream image response failed for https://dl.harfhesab.com/package-game-season/2026/9/5/1788628695169_se-2.png 404
2026-09-09T00:30:19: Error: Could not find a production build in the '.next' directory. Try building your app with 'next build' before starting the production server. https://nextjs.org/docs/messages/production-start-no-build-id
    at setupFsCheck (D:\project\web\admin-panel\node_modules\next\src\server\lib\router-utils\filesystem.ts:157:13)
    at initialize (D:\project\web\admin-panel\node_modules\next\src\server\lib\router-server.ts:93:21)
    at Server.<anonymous> (D:\project\web\admin-panel\node_modules\next\src\server\lib\start-server.ts:293:28)
2026-09-09T00:30:20: Error: Could not find a production build in the '.next' directory. Try building your app with 'next build' before starting the production server. https://nextjs.org/docs/messages/production-start-no-build-id
    at setupFsCheck (D:\project\web\admin-panel\node_modules\next\src\server\lib\router-utils\filesystem.ts:157:13)
    at initialize (D:\project\web\admin-panel\node_modules\next\src\server\lib\router-server.ts:93:21)
    at Server.<anonymous> (D:\project\web\admin-panel\node_modules\next\src\server\lib\start-server.ts:293:28)
2026-09-09T00:30:20: Error: Could not find a production build in the '.next' directory. Try building your app with 'next build' before starting the production server. https://nextjs.org/docs/messages/production-start-no-build-id
    at setupFsCheck (D:\project\web\admin-panel\node_modules\next\src\server\lib\router-utils\filesystem.ts:157:13)
    at initialize (D:\project\web\admin-panel\node_modules\next\src\server\lib\router-server.ts:93:21)
    at Server.<anonymous> (D:\project\web\admin-panel\node_modules\next\src\server\lib\start-server.ts:293:28)
2026-09-09T00:30:20: Error: Could not find a production build in the '.next' directory. Try building your app with 'next build' before starting the production server. https://nextjs.org/docs/messages/production-start-no-build-id
    at setupFsCheck (D:\project\web\admin-panel\node_modules\next\src\server\lib\router-utils\filesystem.ts:157:13)
    at initialize (D:\project\web\admin-panel\node_modules\next\src\server\lib\router-server.ts:93:21)
    at Server.<anonymous> (D:\project\web\admin-panel\node_modules\next\src\server\lib\start-server.ts:293:28)
2026-09-09T00:30:20: Error: Could not find a production build in the '.next' directory. Try building your app with 'next build' before starting the production server. https://nextjs.org/docs/messages/production-start-no-build-id
    at setupFsCheck (D:\project\web\admin-panel\node_modules\next\src\server\lib\router-utils\filesystem.ts:157:13)
    at initialize (D:\project\web\admin-panel\node_modules\next\src\server\lib\router-server.ts:93:21)
    at Server.<anonymous> (D:\project\web\admin-panel\node_modules\next\src\server\lib\start-server.ts:293:28)
2026-09-09T00:30:20: Error: Could not find a production build in the '.next' directory. Try building your app with 'next build' before starting the production server. https://nextjs.org/docs/messages/production-start-no-build-id
    at setupFsCheck (D:\project\web\admin-panel\node_modules\next\src\server\lib\router-utils\filesystem.ts:157:13)
    at initialize (D:\project\web\admin-panel\node_modules\next\src\server\lib\router-server.ts:93:21)
    at Server.<anonymous> (D:\project\web\admin-panel\node_modules\next\src\server\lib\start-server.ts:293:28)
2026-09-09T00:30:21: Error: Could not find a production build in the '.next' directory. Try building your app with 'next build' before starting the production server. https://nextjs.org/docs/messages/production-start-no-build-id
    at setupFsCheck (D:\project\web\admin-panel\node_modules\next\src\server\lib\router-utils\filesystem.ts:157:13)
    at initialize (D:\project\web\admin-panel\node_modules\next\src\server\lib\router-server.ts:93:21)
    at Server.<anonymous> (D:\project\web\admin-panel\node_modules\next\src\server\lib\start-server.ts:293:28)
2026-09-09T00:30:21: Error: Could not find a production build in the '.next' directory. Try building your app with 'next build' before starting the production server. https://nextjs.org/docs/messages/production-start-no-build-id
    at setupFsCheck (D:\project\web\admin-panel\node_modules\next\src\server\lib\router-utils\filesystem.ts:157:13)
    at initialize (D:\project\web\admin-panel\node_modules\next\src\server\lib\router-server.ts:93:21)
    at Server.<anonymous> (D:\project\web\admin-panel\node_modules\next\src\server\lib\start-server.ts:293:28)
2026-09-09T00:30:22: Error: Could not find a production build in the '.next' directory. Try building your app with 'next build' before starting the production server. https://nextjs.org/docs/messages/production-start-no-build-id
    at setupFsCheck (D:\project\web\admin-panel\node_modules\next\src\server\lib\router-utils\filesystem.ts:157:13)
    at initialize (D:\project\web\admin-panel\node_modules\next\src\server\lib\router-server.ts:93:21)
    at Server.<anonymous> (D:\project\web\admin-panel\node_modules\next\src\server\lib\start-server.ts:293:28)
2026-09-09T00:30:22: Error: Could not find a production build in the '.next' directory. Try building your app with 'next build' before starting the production server. https://nextjs.org/docs/messages/production-start-no-build-id
    at setupFsCheck (D:\project\web\admin-panel\node_modules\next\src\server\lib\router-utils\filesystem.ts:157:13)
    at initialize (D:\project\web\admin-panel\node_modules\next\src\server\lib\router-server.ts:93:21)
    at Server.<anonymous> (D:\project\web\admin-panel\node_modules\next\src\server\lib\start-server.ts:293:28)
2026-09-09T00:30:22: Error: Could not find a production build in the '.next' directory. Try building your app with 'next build' before starting the production server. https://nextjs.org/docs/messages/production-start-no-build-id
    at setupFsCheck (D:\project\web\admin-panel\node_modules\next\src\server\lib\router-utils\filesystem.ts:157:13)
    at initialize (D:\project\web\admin-panel\node_modules\next\src\server\lib\router-server.ts:93:21)
    at Server.<anonymous> (D:\project\web\admin-panel\node_modules\next\src\server\lib\start-server.ts:293:28)
2026-09-09T00:30:22: Error: Could not find a production build in the '.next' directory. Try building your app with 'next build' before starting the production server. https://nextjs.org/docs/messages/production-start-no-build-id
    at setupFsCheck (D:\project\web\admin-panel\node_modules\next\src\server\lib\router-utils\filesystem.ts:157:13)
    at initialize (D:\project\web\admin-panel\node_modules\next\src\server\lib\router-server.ts:93:21)
    at Server.<anonymous> (D:\project\web\admin-panel\node_modules\next\src\server\lib\start-server.ts:293:28)
2026-09-09T00:30:23: Error: Could not find a production build in the '.next' directory. Try building your app with 'next build' before starting the production server. https://nextjs.org/docs/messages/production-start-no-build-id
    at setupFsCheck (D:\project\web\admin-panel\node_modules\next\src\server\lib\router-utils\filesystem.ts:157:13)
    at initialize (D:\project\web\admin-panel\node_modules\next\src\server\lib\router-server.ts:93:21)
    at Server.<anonymous> (D:\project\web\admin-panel\node_modules\next\src\server\lib\start-server.ts:293:28)
2026-09-09T00:30:23: Error: Could not find a production build in the '.next' directory. Try building your app with 'next build' before starting the production server. https://nextjs.org/docs/messages/production-start-no-build-id
    at setupFsCheck (D:\project\web\admin-panel\node_modules\next\src\server\lib\router-utils\filesystem.ts:157:13)
    at initialize (D:\project\web\admin-panel\node_modules\next\src\server\lib\router-server.ts:93:21)
    at Server.<anonymous> (D:\project\web\admin-panel\node_modules\next\src\server\lib\start-server.ts:293:28)
2026-09-09T00:30:23: Error: Could not find a production build in the '.next' directory. Try building your app with 'next build' before starting the production server. https://nextjs.org/docs/messages/production-start-no-build-id
    at setupFsCheck (D:\project\web\admin-panel\node_modules\next\src\server\lib\router-utils\filesystem.ts:157:13)
    at initialize (D:\project\web\admin-panel\node_modules\next\src\server\lib\router-server.ts:93:21)
    at Server.<anonymous> (D:\project\web\admin-panel\node_modules\next\src\server\lib\start-server.ts:293:28)
2026-09-09T00:30:23: Error: Could not find a production build in the '.next' directory. Try building your app with 'next build' before starting the production server. https://nextjs.org/docs/messages/production-start-no-build-id
    at setupFsCheck (D:\project\web\admin-panel\node_modules\next\src\server\lib\router-utils\filesystem.ts:157:13)
    at initialize (D:\project\web\admin-panel\node_modules\next\src\server\lib\router-server.ts:93:21)
    at Server.<anonymous> (D:\project\web\admin-panel\node_modules\next\src\server\lib\start-server.ts:293:28)
2026-09-09T00:30:24: Error: Could not find a production build in the '.next' directory. Try building your app with 'next build' before starting the production server. https://nextjs.org/docs/messages/production-start-no-build-id
    at setupFsCheck (D:\project\web\admin-panel\node_modules\next\src\server\lib\router-utils\filesystem.ts:157:13)
    at initialize (D:\project\web\admin-panel\node_modules\next\src\server\lib\router-server.ts:93:21)
    at Server.<anonymous> (D:\project\web\admin-panel\node_modules\next\src\server\lib\start-server.ts:293:28)
2026-09-09T00:30:24: Error: Could not find a production build in the '.next' directory. Try building your app with 'next build' before starting the production server. https://nextjs.org/docs/messages/production-start-no-build-id
    at setupFsCheck (D:\project\web\admin-panel\node_modules\next\src\server\lib\router-utils\filesystem.ts:157:13)
    at initialize (D:\project\web\admin-panel\node_modules\next\src\server\lib\router-server.ts:93:21)
    at Server.<anonymous> (D:\project\web\admin-panel\node_modules\next\src\server\lib\start-server.ts:293:28)
2026-09-09T00:30:25: Error: Could not find a production build in the '.next' directory. Try building your app with 'next build' before starting the production server. https://nextjs.org/docs/messages/production-start-no-build-id
    at setupFsCheck (D:\project\web\admin-panel\node_modules\next\src\server\lib\router-utils\filesystem.ts:157:13)
    at initialize (D:\project\web\admin-panel\node_modules\next\src\server\lib\router-server.ts:93:21)
    at Server.<anonymous> (D:\project\web\admin-panel\node_modules\next\src\server\lib\start-server.ts:293:28)
2026-09-09T00:30:25: Error: Could not find a production build in the '.next' directory. Try building your app with 'next build' before starting the production server. https://nextjs.org/docs/messages/production-start-no-build-id
    at setupFsCheck (D:\project\web\admin-panel\node_modules\next\src\server\lib\router-utils\filesystem.ts:157:13)
    at initialize (D:\project\web\admin-panel\node_modules\next\src\server\lib\router-server.ts:93:21)
    at Server.<anonymous> (D:\project\web\admin-panel\node_modules\next\src\server\lib\start-server.ts:293:28)
2026-09-09T00:30:25: Error: Could not find a production build in the '.next' directory. Try building your app with 'next build' before starting the production server. https://nextjs.org/docs/messages/production-start-no-build-id
    at setupFsCheck (D:\project\web\admin-panel\node_modules\next\src\server\lib\router-utils\filesystem.ts:157:13)
    at initialize (D:\project\web\admin-panel\node_modules\next\src\server\lib\router-server.ts:93:21)
    at Server.<anonymous> (D:\project\web\admin-panel\node_modules\next\src\server\lib\start-server.ts:293:28)
2026-09-09T00:30:25: Error: Could not find a production build in the '.next' directory. Try building your app with 'next build' before starting the production server. https://nextjs.org/docs/messages/production-start-no-build-id
    at setupFsCheck (D:\project\web\admin-panel\node_modules\next\src\server\lib\router-utils\filesystem.ts:157:13)
    at initialize (D:\project\web\admin-panel\node_modules\next\src\server\lib\router-server.ts:93:21)
    at Server.<anonymous> (D:\project\web\admin-panel\node_modules\next\src\server\lib\start-server.ts:293:28)
2026-09-09T00:30:26: Error: Could not find a production build in the '.next' directory. Try building your app with 'next build' before starting the production server. https://nextjs.org/docs/messages/production-start-no-build-id
    at setupFsCheck (D:\project\web\admin-panel\node_modules\next\src\server\lib\router-utils\filesystem.ts:157:13)
    at initialize (D:\project\web\admin-panel\node_modules\next\src\server\lib\router-server.ts:93:21)
    at Server.<anonymous> (D:\project\web\admin-panel\node_modules\next\src\server\lib\start-server.ts:293:28)
2026-09-09T00:30:26: Error: Could not find a production build in the '.next' directory. Try building your app with 'next build' before starting the production server. https://nextjs.org/docs/messages/production-start-no-build-id
    at setupFsCheck (D:\project\web\admin-panel\node_modules\next\src\server\lib\router-utils\filesystem.ts:157:13)
    at initialize (D:\project\web\admin-panel\node_modules\next\src\server\lib\router-server.ts:93:21)
    at Server.<anonymous> (D:\project\web\admin-panel\node_modules\next\src\server\lib\start-server.ts:293:28)
2026-09-09T00:30:27: Error: Could not find a production build in the '.next' directory. Try building your app with 'next build' before starting the production server. https://nextjs.org/docs/messages/production-start-no-build-id
    at setupFsCheck (D:\project\web\admin-panel\node_modules\next\src\server\lib\router-utils\filesystem.ts:157:13)
    at initialize (D:\project\web\admin-panel\node_modules\next\src\server\lib\router-server.ts:93:21)
    at Server.<anonymous> (D:\project\web\admin-panel\node_modules\next\src\server\lib\start-server.ts:293:28)
2026-09-09T00:30:27: Error: Could not find a production build in the '.next' directory. Try building your app with 'next build' before starting the production server. https://nextjs.org/docs/messages/production-start-no-build-id
    at setupFsCheck (D:\project\web\admin-panel\node_modules\next\src\server\lib\router-utils\filesystem.ts:157:13)
    at initialize (D:\project\web\admin-panel\node_modules\next\src\server\lib\router-server.ts:93:21)
    at Server.<anonymous> (D:\project\web\admin-panel\node_modules\next\src\server\lib\start-server.ts:293:28)
2026-09-09T00:30:27: Error: Could not find a production build in the '.next' directory. Try building your app with 'next build' before starting the production server. https://nextjs.org/docs/messages/production-start-no-build-id
    at setupFsCheck (D:\project\web\admin-panel\node_modules\next\src\server\lib\router-utils\filesystem.ts:157:13)
    at initialize (D:\project\web\admin-panel\node_modules\next\src\server\lib\router-server.ts:93:21)
    at Server.<anonymous> (D:\project\web\admin-panel\node_modules\next\src\server\lib\start-server.ts:293:28)
2026-09-09T00:30:27: Error: Could not find a production build in the '.next' directory. Try building your app with 'next build' before starting the production server. https://nextjs.org/docs/messages/production-start-no-build-id
    at setupFsCheck (D:\project\web\admin-panel\node_modules\next\src\server\lib\router-utils\filesystem.ts:157:13)
    at initialize (D:\project\web\admin-panel\node_modules\next\src\server\lib\router-server.ts:93:21)
    at Server.<anonymous> (D:\project\web\admin-panel\node_modules\next\src\server\lib\start-server.ts:293:28)
2026-09-09T00:30:27: Error: Could not find a production build in the '.next' directory. Try building your app with 'next build' before starting the production server. https://nextjs.org/docs/messages/production-start-no-build-id
    at setupFsCheck (D:\project\web\admin-panel\node_modules\next\src\server\lib\router-utils\filesystem.ts:157:13)
    at initialize (D:\project\web\admin-panel\node_modules\next\src\server\lib\router-server.ts:93:21)
    at Server.<anonymous> (D:\project\web\admin-panel\node_modules\next\src\server\lib\start-server.ts:293:28)
2026-09-09T00:30:28: Error: Could not find a production build in the '.next' directory. Try building your app with 'next build' before starting the production server. https://nextjs.org/docs/messages/production-start-no-build-id
    at setupFsCheck (D:\project\web\admin-panel\node_modules\next\src\server\lib\router-utils\filesystem.ts:157:13)
    at initialize (D:\project\web\admin-panel\node_modules\next\src\server\lib\router-server.ts:93:21)
    at Server.<anonymous> (D:\project\web\admin-panel\node_modules\next\src\server\lib\start-server.ts:293:28)
2026-09-09T00:30:28: Error: Could not find a production build in the '.next' directory. Try building your app with 'next build' before starting the production server. https://nextjs.org/docs/messages/production-start-no-build-id
    at setupFsCheck (D:\project\web\admin-panel\node_modules\next\src\server\lib\router-utils\filesystem.ts:157:13)
    at initialize (D:\project\web\admin-panel\node_modules\next\src\server\lib\router-server.ts:93:21)
    at Server.<anonymous> (D:\project\web\admin-panel\node_modules\next\src\server\lib\start-server.ts:293:28)
2026-09-09T00:30:28: Error: Could not find a production build in the '.next' directory. Try building your app with 'next build' before starting the production server. https://nextjs.org/docs/messages/production-start-no-build-id
    at setupFsCheck (D:\project\web\admin-panel\node_modules\next\src\server\lib\router-utils\filesystem.ts:157:13)
    at initialize (D:\project\web\admin-panel\node_modules\next\src\server\lib\router-server.ts:93:21)
    at Server.<anonymous> (D:\project\web\admin-panel\node_modules\next\src\server\lib\start-server.ts:293:28)
2026-09-09T00:30:29: Error: Could not find a production build in the '.next' directory. Try building your app with 'next build' before starting the production server. https://nextjs.org/docs/messages/production-start-no-build-id
    at setupFsCheck (D:\project\web\admin-panel\node_modules\next\src\server\lib\router-utils\filesystem.ts:157:13)
    at initialize (D:\project\web\admin-panel\node_modules\next\src\server\lib\router-server.ts:93:21)
    at Server.<anonymous> (D:\project\web\admin-panel\node_modules\next\src\server\lib\start-server.ts:293:28)
2026-09-09T00:30:29: Error: Could not find a production build in the '.next' directory. Try building your app with 'next build' before starting the production server. https://nextjs.org/docs/messages/production-start-no-build-id
    at setupFsCheck (D:\project\web\admin-panel\node_modules\next\src\server\lib\router-utils\filesystem.ts:157:13)
    at initialize (D:\project\web\admin-panel\node_modules\next\src\server\lib\router-server.ts:93:21)
    at Server.<anonymous> (D:\project\web\admin-panel\node_modules\next\src\server\lib\start-server.ts:293:28)
2026-09-09T00:30:30: Error: Could not find a production build in the '.next' directory. Try building your app with 'next build' before starting the production server. https://nextjs.org/docs/messages/production-start-no-build-id
    at setupFsCheck (D:\project\web\admin-panel\node_modules\next\src\server\lib\router-utils\filesystem.ts:157:13)
    at initialize (D:\project\web\admin-panel\node_modules\next\src\server\lib\router-server.ts:93:21)
    at Server.<anonymous> (D:\project\web\admin-panel\node_modules\next\src\server\lib\start-server.ts:293:28)
2026-09-09T00:30:30: Error: Could not find a production build in the '.next' directory. Try building your app with 'next build' before starting the production server. https://nextjs.org/docs/messages/production-start-no-build-id
    at setupFsCheck (D:\project\web\admin-panel\node_modules\next\src\server\lib\router-utils\filesystem.ts:157:13)
    at initialize (D:\project\web\admin-panel\node_modules\next\src\server\lib\router-server.ts:93:21)
    at Server.<anonymous> (D:\project\web\admin-panel\node_modules\next\src\server\lib\start-server.ts:293:28)
2026-09-09T00:30:30: Error: Could not find a production build in the '.next' directory. Try building your app with 'next build' before starting the production server. https://nextjs.org/docs/messages/production-start-no-build-id
    at setupFsCheck (D:\project\web\admin-panel\node_modules\next\src\server\lib\router-utils\filesystem.ts:157:13)
    at initialize (D:\project\web\admin-panel\node_modules\next\src\server\lib\router-server.ts:93:21)
    at Server.<anonymous> (D:\project\web\admin-panel\node_modules\next\src\server\lib\start-server.ts:293:28)
2026-09-09T00:30:31: Error: Could not find a production build in the '.next' directory. Try building your app with 'next build' before starting the production server. https://nextjs.org/docs/messages/production-start-no-build-id
    at setupFsCheck (D:\project\web\admin-panel\node_modules\next\src\server\lib\router-utils\filesystem.ts:157:13)
    at initialize (D:\project\web\admin-panel\node_modules\next\src\server\lib\router-server.ts:93:21)
    at Server.<anonymous> (D:\project\web\admin-panel\node_modules\next\src\server\lib\start-server.ts:293:28)
2026-09-09T00:30:31: Error: Could not find a production build in the '.next' directory. Try building your app with 'next build' before starting the production server. https://nextjs.org/docs/messages/production-start-no-build-id
    at setupFsCheck (D:\project\web\admin-panel\node_modules\next\src\server\lib\router-utils\filesystem.ts:157:13)
    at initialize (D:\project\web\admin-panel\node_modules\next\src\server\lib\router-server.ts:93:21)
    at Server.<anonymous> (D:\project\web\admin-panel\node_modules\next\src\server\lib\start-server.ts:293:28)
2026-09-09T00:30:31: Error: Could not find a production build in the '.next' directory. Try building your app with 'next build' before starting the production server. https://nextjs.org/docs/messages/production-start-no-build-id
    at setupFsCheck (D:\project\web\admin-panel\node_modules\next\src\server\lib\router-utils\filesystem.ts:157:13)
    at initialize (D:\project\web\admin-panel\node_modules\next\src\server\lib\router-server.ts:93:21)
    at Server.<anonymous> (D:\project\web\admin-panel\node_modules\next\src\server\lib\start-server.ts:293:28)
2026-09-09T00:30:32: Error: Could not find a production build in the '.next' directory. Try building your app with 'next build' before starting the production server. https://nextjs.org/docs/messages/production-start-no-build-id
    at setupFsCheck (D:\project\web\admin-panel\node_modules\next\src\server\lib\router-utils\filesystem.ts:157:13)
    at initialize (D:\project\web\admin-panel\node_modules\next\src\server\lib\router-server.ts:93:21)
    at Server.<anonymous> (D:\project\web\admin-panel\node_modules\next\src\server\lib\start-server.ts:293:28)
2026-09-09T00:30:32: Error: Could not find a production build in the '.next' directory. Try building your app with 'next build' before starting the production server. https://nextjs.org/docs/messages/production-start-no-build-id
    at setupFsCheck (D:\project\web\admin-panel\node_modules\next\src\server\lib\router-utils\filesystem.ts:157:13)
    at initialize (D:\project\web\admin-panel\node_modules\next\src\server\lib\router-server.ts:93:21)
    at Server.<anonymous> (D:\project\web\admin-panel\node_modules\next\src\server\lib\start-server.ts:293:28)
2026-09-09T00:30:32: Error: Could not find a production build in the '.next' directory. Try building your app with 'next build' before starting the production server. https://nextjs.org/docs/messages/production-start-no-build-id
    at setupFsCheck (D:\project\web\admin-panel\node_modules\next\src\server\lib\router-utils\filesystem.ts:157:13)
    at initialize (D:\project\web\admin-panel\node_modules\next\src\server\lib\router-server.ts:93:21)
    at Server.<anonymous> (D:\project\web\admin-panel\node_modules\next\src\server\lib\start-server.ts:293:28)
2026-09-09T00:30:32: Error: Could not find a production build in the '.next' directory. Try building your app with 'next build' before starting the production server. https://nextjs.org/docs/messages/production-start-no-build-id
    at setupFsCheck (D:\project\web\admin-panel\node_modules\next\src\server\lib\router-utils\filesystem.ts:157:13)
    at initialize (D:\project\web\admin-panel\node_modules\next\src\server\lib\router-server.ts:93:21)
    at Server.<anonymous> (D:\project\web\admin-panel\node_modules\next\src\server\lib\start-server.ts:293:28)
2026-09-09T00:30:32: Error: Could not find a production build in the '.next' directory. Try building your app with 'next build' before starting the production server. https://nextjs.org/docs/messages/production-start-no-build-id
    at setupFsCheck (D:\project\web\admin-panel\node_modules\next\src\server\lib\router-utils\filesystem.ts:157:13)
    at initialize (D:\project\web\admin-panel\node_modules\next\src\server\lib\router-server.ts:93:21)
    at Server.<anonymous> (D:\project\web\admin-panel\node_modules\next\src\server\lib\start-server.ts:293:28)
2026-09-09T00:30:33: Error: Could not find a production build in the '.next' directory. Try building your app with 'next build' before starting the production server. https://nextjs.org/docs/messages/production-start-no-build-id
    at setupFsCheck (D:\project\web\admin-panel\node_modules\next\src\server\lib\router-utils\filesystem.ts:157:13)
    at initialize (D:\project\web\admin-panel\node_modules\next\src\server\lib\router-server.ts:93:21)
    at Server.<anonymous> (D:\project\web\admin-panel\node_modules\next\src\server\lib\start-server.ts:293:28)
2026-09-09T00:30:33: Error: Could not find a production build in the '.next' directory. Try building your app with 'next build' before starting the production server. https://nextjs.org/docs/messages/production-start-no-build-id
    at setupFsCheck (D:\project\web\admin-panel\node_modules\next\src\server\lib\router-utils\filesystem.ts:157:13)
    at initialize (D:\project\web\admin-panel\node_modules\next\src\server\lib\router-server.ts:93:21)
    at Server.<anonymous> (D:\project\web\admin-panel\node_modules\next\src\server\lib\start-server.ts:293:28)
2026-09-09T00:30:33: Error: Could not find a production build in the '.next' directory. Try building your app with 'next build' before starting the production server. https://nextjs.org/docs/messages/production-start-no-build-id
    at setupFsCheck (D:\project\web\admin-panel\node_modules\next\src\server\lib\router-utils\filesystem.ts:157:13)
    at initialize (D:\project\web\admin-panel\node_modules\next\src\server\lib\router-server.ts:93:21)
    at Server.<anonymous> (D:\project\web\admin-panel\node_modules\next\src\server\lib\start-server.ts:293:28)
2026-09-09T00:30:34: Error: Could not find a production build in the '.next' directory. Try building your app with 'next build' before starting the production server. https://nextjs.org/docs/messages/production-start-no-build-id
    at setupFsCheck (D:\project\web\admin-panel\node_modules\next\src\server\lib\router-utils\filesystem.ts:157:13)
    at initialize (D:\project\web\admin-panel\node_modules\next\src\server\lib\router-server.ts:93:21)
    at Server.<anonymous> (D:\project\web\admin-panel\node_modules\next\src\server\lib\start-server.ts:293:28)
2026-09-09T00:30:34: Error: Could not find a production build in the '.next' directory. Try building your app with 'next build' before starting the production server. https://nextjs.org/docs/messages/production-start-no-build-id
    at setupFsCheck (D:\project\web\admin-panel\node_modules\next\src\server\lib\router-utils\filesystem.ts:157:13)
    at initialize (D:\project\web\admin-panel\node_modules\next\src\server\lib\router-server.ts:93:21)
    at Server.<anonymous> (D:\project\web\admin-panel\node_modules\next\src\server\lib\start-server.ts:293:28)
2026-09-09T00:30:34: Error: Could not find a production build in the '.next' directory. Try building your app with 'next build' before starting the production server. https://nextjs.org/docs/messages/production-start-no-build-id
    at setupFsCheck (D:\project\web\admin-panel\node_modules\next\src\server\lib\router-utils\filesystem.ts:157:13)
    at initialize (D:\project\web\admin-panel\node_modules\next\src\server\lib\router-server.ts:93:21)
    at Server.<anonymous> (D:\project\web\admin-panel\node_modules\next\src\server\lib\start-server.ts:293:28)
2026-09-09T00:30:35: Error: Could not find a production build in the '.next' directory. Try building your app with 'next build' before starting the production server. https://nextjs.org/docs/messages/production-start-no-build-id
    at setupFsCheck (D:\project\web\admin-panel\node_modules\next\src\server\lib\router-utils\filesystem.ts:157:13)
    at initialize (D:\project\web\admin-panel\node_modules\next\src\server\lib\router-server.ts:93:21)
    at Server.<anonymous> (D:\project\web\admin-panel\node_modules\next\src\server\lib\start-server.ts:293:28)
2026-09-09T00:30:35: Error: Could not find a production build in the '.next' directory. Try building your app with 'next build' before starting the production server. https://nextjs.org/docs/messages/production-start-no-build-id
    at setupFsCheck (D:\project\web\admin-panel\node_modules\next\src\server\lib\router-utils\filesystem.ts:157:13)
    at initialize (D:\project\web\admin-panel\node_modules\next\src\server\lib\router-server.ts:93:21)
    at Server.<anonymous> (D:\project\web\admin-panel\node_modules\next\src\server\lib\start-server.ts:293:28)
2026-09-09T00:30:35: Error: Could not find a production build in the '.next' directory. Try building your app with 'next build' before starting the production server. https://nextjs.org/docs/messages/production-start-no-build-id
    at setupFsCheck (D:\project\web\admin-panel\node_modules\next\src\server\lib\router-utils\filesystem.ts:157:13)
    at initialize (D:\project\web\admin-panel\node_modules\next\src\server\lib\router-server.ts:93:21)
    at Server.<anonymous> (D:\project\web\admin-panel\node_modules\next\src\server\lib\start-server.ts:293:28)
2026-09-09T00:30:35: Error: Could not find a production build in the '.next' directory. Try building your app with 'next build' before starting the production server. https://nextjs.org/docs/messages/production-start-no-build-id
    at setupFsCheck (D:\project\web\admin-panel\node_modules\next\src\server\lib\router-utils\filesystem.ts:157:13)
    at initialize (D:\project\web\admin-panel\node_modules\next\src\server\lib\router-server.ts:93:21)
    at Server.<anonymous> (D:\project\web\admin-panel\node_modules\next\src\server\lib\start-server.ts:293:28)
2026-09-09T00:30:35: Error: Could not find a production build in the '.next' directory. Try building your app with 'next build' before starting the production server. https://nextjs.org/docs/messages/production-start-no-build-id
    at setupFsCheck (D:\project\web\admin-panel\node_modules\next\src\server\lib\router-utils\filesystem.ts:157:13)
    at initialize (D:\project\web\admin-panel\node_modules\next\src\server\lib\router-server.ts:93:21)
    at Server.<anonymous> (D:\project\web\admin-panel\node_modules\next\src\server\lib\start-server.ts:293:28)
2026-09-09T00:30:36: Error: Could not find a production build in the '.next' directory. Try building your app with 'next build' before starting the production server. https://nextjs.org/docs/messages/production-start-no-build-id
    at setupFsCheck (D:\project\web\admin-panel\node_modules\next\src\server\lib\router-utils\filesystem.ts:157:13)
    at initialize (D:\project\web\admin-panel\node_modules\next\src\server\lib\router-server.ts:93:21)
    at Server.<anonymous> (D:\project\web\admin-panel\node_modules\next\src\server\lib\start-server.ts:293:28)
2026-09-09T00:30:37: Error: Could not find a production build in the '.next' directory. Try building your app with 'next build' before starting the production server. https://nextjs.org/docs/messages/production-start-no-build-id
    at setupFsCheck (D:\project\web\admin-panel\node_modules\next\src\server\lib\router-utils\filesystem.ts:157:13)
    at initialize (D:\project\web\admin-panel\node_modules\next\src\server\lib\router-server.ts:93:21)
    at Server.<anonymous> (D:\project\web\admin-panel\node_modules\next\src\server\lib\start-server.ts:293:28)
2026-09-09T00:30:37: Error: Could not find a production build in the '.next' directory. Try building your app with 'next build' before starting the production server. https://nextjs.org/docs/messages/production-start-no-build-id
    at setupFsCheck (D:\project\web\admin-panel\node_modules\next\src\server\lib\router-utils\filesystem.ts:157:13)
    at initialize (D:\project\web\admin-panel\node_modules\next\src\server\lib\router-server.ts:93:21)
    at Server.<anonymous> (D:\project\web\admin-panel\node_modules\next\src\server\lib\start-server.ts:293:28)
2026-09-09T00:30:37: Error: Could not find a production build in the '.next' directory. Try building your app with 'next build' before starting the production server. https://nextjs.org/docs/messages/production-start-no-build-id
    at setupFsCheck (D:\project\web\admin-panel\node_modules\next\src\server\lib\router-utils\filesystem.ts:157:13)
    at initialize (D:\project\web\admin-panel\node_modules\next\src\server\lib\router-server.ts:93:21)
    at Server.<anonymous> (D:\project\web\admin-panel\node_modules\next\src\server\lib\start-server.ts:293:28)
2026-09-09T00:30:37: Error: Could not find a production build in the '.next' directory. Try building your app with 'next build' before starting the production server. https://nextjs.org/docs/messages/production-start-no-build-id
    at setupFsCheck (D:\project\web\admin-panel\node_modules\next\src\server\lib\router-utils\filesystem.ts:157:13)
    at initialize (D:\project\web\admin-panel\node_modules\next\src\server\lib\router-server.ts:93:21)
    at Server.<anonymous> (D:\project\web\admin-panel\node_modules\next\src\server\lib\start-server.ts:293:28)
2026-09-09T00:30:38: Error: Could not find a production build in the '.next' directory. Try building your app with 'next build' before starting the production server. https://nextjs.org/docs/messages/production-start-no-build-id
    at setupFsCheck (D:\project\web\admin-panel\node_modules\next\src\server\lib\router-utils\filesystem.ts:157:13)
    at initialize (D:\project\web\admin-panel\node_modules\next\src\server\lib\router-server.ts:93:21)
    at Server.<anonymous> (D:\project\web\admin-panel\node_modules\next\src\server\lib\start-server.ts:293:28)
2026-09-09T00:30:38: Error: Could not find a production build in the '.next' directory. Try building your app with 'next build' before starting the production server. https://nextjs.org/docs/messages/production-start-no-build-id
    at setupFsCheck (D:\project\web\admin-panel\node_modules\next\src\server\lib\router-utils\filesystem.ts:157:13)
    at initialize (D:\project\web\admin-panel\node_modules\next\src\server\lib\router-server.ts:93:21)
    at Server.<anonymous> (D:\project\web\admin-panel\node_modules\next\src\server\lib\start-server.ts:293:28)
2026-09-09T00:30:38: Error: Could not find a production build in the '.next' directory. Try building your app with 'next build' before starting the production server. https://nextjs.org/docs/messages/production-start-no-build-id
    at setupFsCheck (D:\project\web\admin-panel\node_modules\next\src\server\lib\router-utils\filesystem.ts:157:13)
    at initialize (D:\project\web\admin-panel\node_modules\next\src\server\lib\router-server.ts:93:21)
    at Server.<anonymous> (D:\project\web\admin-panel\node_modules\next\src\server\lib\start-server.ts:293:28)
2026-09-09T00:30:39: Error: Could not find a production build in the '.next' directory. Try building your app with 'next build' before starting the production server. https://nextjs.org/docs/messages/production-start-no-build-id
    at setupFsCheck (D:\project\web\admin-panel\node_modules\next\src\server\lib\router-utils\filesystem.ts:157:13)
    at initialize (D:\project\web\admin-panel\node_modules\next\src\server\lib\router-server.ts:93:21)
    at Server.<anonymous> (D:\project\web\admin-panel\node_modules\next\src\server\lib\start-server.ts:293:28)
2026-09-09T00:30:39: Error: Could not find a production build in the '.next' directory. Try building your app with 'next build' before starting the production server. https://nextjs.org/docs/messages/production-start-no-build-id
    at setupFsCheck (D:\project\web\admin-panel\node_modules\next\src\server\lib\router-utils\filesystem.ts:157:13)
    at initialize (D:\project\web\admin-panel\node_modules\next\src\server\lib\router-server.ts:93:21)
    at Server.<anonymous> (D:\project\web\admin-panel\node_modules\next\src\server\lib\start-server.ts:293:28)
2026-09-09T00:30:39: Error: Could not find a production build in the '.next' directory. Try building your app with 'next build' before starting the production server. https://nextjs.org/docs/messages/production-start-no-build-id
    at setupFsCheck (D:\project\web\admin-panel\node_modules\next\src\server\lib\router-utils\filesystem.ts:157:13)
    at initialize (D:\project\web\admin-panel\node_modules\next\src\server\lib\router-server.ts:93:21)
    at Server.<anonymous> (D:\project\web\admin-panel\node_modules\next\src\server\lib\start-server.ts:293:28)
2026-09-09T00:30:39: Error: Could not find a production build in the '.next' directory. Try building your app with 'next build' before starting the production server. https://nextjs.org/docs/messages/production-start-no-build-id
    at setupFsCheck (D:\project\web\admin-panel\node_modules\next\src\server\lib\router-utils\filesystem.ts:157:13)
    at initialize (D:\project\web\admin-panel\node_modules\next\src\server\lib\router-server.ts:93:21)
    at Server.<anonymous> (D:\project\web\admin-panel\node_modules\next\src\server\lib\start-server.ts:293:28)
2026-09-09T00:30:40: Error: Could not find a production build in the '.next' directory. Try building your app with 'next build' before starting the production server. https://nextjs.org/docs/messages/production-start-no-build-id
    at setupFsCheck (D:\project\web\admin-panel\node_modules\next\src\server\lib\router-utils\filesystem.ts:157:13)
    at initialize (D:\project\web\admin-panel\node_modules\next\src\server\lib\router-server.ts:93:21)
    at Server.<anonymous> (D:\project\web\admin-panel\node_modules\next\src\server\lib\start-server.ts:293:28)
2026-09-09T00:30:40: Error: Could not find a production build in the '.next' directory. Try building your app with 'next build' before starting the production server. https://nextjs.org/docs/messages/production-start-no-build-id
    at setupFsCheck (D:\project\web\admin-panel\node_modules\next\src\server\lib\router-utils\filesystem.ts:157:13)
    at initialize (D:\project\web\admin-panel\node_modules\next\src\server\lib\router-server.ts:93:21)
    at Server.<anonymous> (D:\project\web\admin-panel\node_modules\next\src\server\lib\start-server.ts:293:28)
2026-09-09T00:30:40: Error: Could not find a production build in the '.next' directory. Try building your app with 'next build' before starting the production server. https://nextjs.org/docs/messages/production-start-no-build-id
    at setupFsCheck (D:\project\web\admin-panel\node_modules\next\src\server\lib\router-utils\filesystem.ts:157:13)
    at initialize (D:\project\web\admin-panel\node_modules\next\src\server\lib\router-server.ts:93:21)
    at Server.<anonymous> (D:\project\web\admin-panel\node_modules\next\src\server\lib\start-server.ts:293:28)
2026-09-09T00:30:41: Error: Could not find a production build in the '.next' directory. Try building your app with 'next build' before starting the production server. https://nextjs.org/docs/messages/production-start-no-build-id
    at setupFsCheck (D:\project\web\admin-panel\node_modules\next\src\server\lib\router-utils\filesystem.ts:157:13)
    at initialize (D:\project\web\admin-panel\node_modules\next\src\server\lib\router-server.ts:93:21)
    at Server.<anonymous> (D:\project\web\admin-panel\node_modules\next\src\server\lib\start-server.ts:293:28)
2026-09-09T00:30:41: Error: Could not find a production build in the '.next' directory. Try building your app with 'next build' before starting the production server. https://nextjs.org/docs/messages/production-start-no-build-id
    at setupFsCheck (D:\project\web\admin-panel\node_modules\next\src\server\lib\router-utils\filesystem.ts:157:13)
    at initialize (D:\project\web\admin-panel\node_modules\next\src\server\lib\router-server.ts:93:21)
    at Server.<anonymous> (D:\project\web\admin-panel\node_modules\next\src\server\lib\start-server.ts:293:28)
2026-09-09T00:30:41: Error: Could not find a production build in the '.next' directory. Try building your app with 'next build' before starting the production server. https://nextjs.org/docs/messages/production-start-no-build-id
    at setupFsCheck (D:\project\web\admin-panel\node_modules\next\src\server\lib\router-utils\filesystem.ts:157:13)
    at initialize (D:\project\web\admin-panel\node_modules\next\src\server\lib\router-server.ts:93:21)
    at Server.<anonymous> (D:\project\web\admin-panel\node_modules\next\src\server\lib\start-server.ts:293:28)
2026-09-09T00:30:41: Error: Could not find a production build in the '.next' directory. Try building your app with 'next build' before starting the production server. https://nextjs.org/docs/messages/production-start-no-build-id
    at setupFsCheck (D:\project\web\admin-panel\node_modules\next\src\server\lib\router-utils\filesystem.ts:157:13)
    at initialize (D:\project\web\admin-panel\node_modules\next\src\server\lib\router-server.ts:93:21)
    at Server.<anonymous> (D:\project\web\admin-panel\node_modules\next\src\server\lib\start-server.ts:293:28)
2026-09-09T00:30:42: Error: Could not find a production build in the '.next' directory. Try building your app with 'next build' before starting the production server. https://nextjs.org/docs/messages/production-start-no-build-id
    at setupFsCheck (D:\project\web\admin-panel\node_modules\next\src\server\lib\router-utils\filesystem.ts:157:13)
    at initialize (D:\project\web\admin-panel\node_modules\next\src\server\lib\router-server.ts:93:21)
    at Server.<anonymous> (D:\project\web\admin-panel\node_modules\next\src\server\lib\start-server.ts:293:28)
2026-09-09T00:30:42: Error: Could not find a production build in the '.next' directory. Try building your app with 'next build' before starting the production server. https://nextjs.org/docs/messages/production-start-no-build-id
    at setupFsCheck (D:\project\web\admin-panel\node_modules\next\src\server\lib\router-utils\filesystem.ts:157:13)
    at initialize (D:\project\web\admin-panel\node_modules\next\src\server\lib\router-server.ts:93:21)
    at Server.<anonymous> (D:\project\web\admin-panel\node_modules\next\src\server\lib\start-server.ts:293:28)
2026-09-09T00:30:43: Error: Could not find a production build in the '.next' directory. Try building your app with 'next build' before starting the production server. https://nextjs.org/docs/messages/production-start-no-build-id
    at setupFsCheck (D:\project\web\admin-panel\node_modules\next\src\server\lib\router-utils\filesystem.ts:157:13)
    at initialize (D:\project\web\admin-panel\node_modules\next\src\server\lib\router-server.ts:93:21)
    at Server.<anonymous> (D:\project\web\admin-panel\node_modules\next\src\server\lib\start-server.ts:293:28)
2026-09-09T00:30:43: Error: Could not find a production build in the '.next' directory. Try building your app with 'next build' before starting the production server. https://nextjs.org/docs/messages/production-start-no-build-id
    at setupFsCheck (D:\project\web\admin-panel\node_modules\next\src\server\lib\router-utils\filesystem.ts:157:13)
    at initialize (D:\project\web\admin-panel\node_modules\next\src\server\lib\router-server.ts:93:21)
    at Server.<anonymous> (D:\project\web\admin-panel\node_modules\next\src\server\lib\start-server.ts:293:28)
2026-09-09T00:30:43: Error: Could not find a production build in the '.next' directory. Try building your app with 'next build' before starting the production server. https://nextjs.org/docs/messages/production-start-no-build-id
    at setupFsCheck (D:\project\web\admin-panel\node_modules\next\src\server\lib\router-utils\filesystem.ts:157:13)
    at initialize (D:\project\web\admin-panel\node_modules\next\src\server\lib\router-server.ts:93:21)
    at Server.<anonymous> (D:\project\web\admin-panel\node_modules\next\src\server\lib\start-server.ts:293:28)
2026-09-09T00:30:43: Error: Could not find a production build in the '.next' directory. Try building your app with 'next build' before starting the production server. https://nextjs.org/docs/messages/production-start-no-build-id
    at setupFsCheck (D:\project\web\admin-panel\node_modules\next\src\server\lib\router-utils\filesystem.ts:157:13)
    at initialize (D:\project\web\admin-panel\node_modules\next\src\server\lib\router-server.ts:93:21)
    at Server.<anonymous> (D:\project\web\admin-panel\node_modules\next\src\server\lib\start-server.ts:293:28)
2026-09-09T00:30:43: Error: Could not find a production build in the '.next' directory. Try building your app with 'next build' before starting the production server. https://nextjs.org/docs/messages/production-start-no-build-id
    at setupFsCheck (D:\project\web\admin-panel\node_modules\next\src\server\lib\router-utils\filesystem.ts:157:13)
    at initialize (D:\project\web\admin-panel\node_modules\next\src\server\lib\router-server.ts:93:21)
    at Server.<anonymous> (D:\project\web\admin-panel\node_modules\next\src\server\lib\start-server.ts:293:28)
2026-09-09T00:30:43: Error: Could not find a production build in the '.next' directory. Try building your app with 'next build' before starting the production server. https://nextjs.org/docs/messages/production-start-no-build-id
    at setupFsCheck (D:\project\web\admin-panel\node_modules\next\src\server\lib\router-utils\filesystem.ts:157:13)
    at initialize (D:\project\web\admin-panel\node_modules\next\src\server\lib\router-server.ts:93:21)
    at Server.<anonymous> (D:\project\web\admin-panel\node_modules\next\src\server\lib\start-server.ts:293:28)
2026-09-09T00:30:44: Error: Could not find a production build in the '.next' directory. Try building your app with 'next build' before starting the production server. https://nextjs.org/docs/messages/production-start-no-build-id
    at setupFsCheck (D:\project\web\admin-panel\node_modules\next\src\server\lib\router-utils\filesystem.ts:157:13)
    at initialize (D:\project\web\admin-panel\node_modules\next\src\server\lib\router-server.ts:93:21)
    at Server.<anonymous> (D:\project\web\admin-panel\node_modules\next\src\server\lib\start-server.ts:293:28)
2026-09-09T00:30:44: Error: Could not find a production build in the '.next' directory. Try building your app with 'next build' before starting the production server. https://nextjs.org/docs/messages/production-start-no-build-id
    at setupFsCheck (D:\project\web\admin-panel\node_modules\next\src\server\lib\router-utils\filesystem.ts:157:13)
    at initialize (D:\project\web\admin-panel\node_modules\next\src\server\lib\router-server.ts:93:21)
    at Server.<anonymous> (D:\project\web\admin-panel\node_modules\next\src\server\lib\start-server.ts:293:28)
2026-09-09T00:30:45: Error: Could not find a production build in the '.next' directory. Try building your app with 'next build' before starting the production server. https://nextjs.org/docs/messages/production-start-no-build-id
    at setupFsCheck (D:\project\web\admin-panel\node_modules\next\src\server\lib\router-utils\filesystem.ts:157:13)
    at initialize (D:\project\web\admin-panel\node_modules\next\src\server\lib\router-server.ts:93:21)
    at Server.<anonymous> (D:\project\web\admin-panel\node_modules\next\src\server\lib\start-server.ts:293:28)
2026-09-09T00:30:45: Error: Could not find a production build in the '.next' directory. Try building your app with 'next build' before starting the production server. https://nextjs.org/docs/messages/production-start-no-build-id
    at setupFsCheck (D:\project\web\admin-panel\node_modules\next\src\server\lib\router-utils\filesystem.ts:157:13)
    at initialize (D:\project\web\admin-panel\node_modules\next\src\server\lib\router-server.ts:93:21)
    at Server.<anonymous> (D:\project\web\admin-panel\node_modules\next\src\server\lib\start-server.ts:293:28)
2026-09-09T00:30:45: Error: Could not find a production build in the '.next' directory. Try building your app with 'next build' before starting the production server. https://nextjs.org/docs/messages/production-start-no-build-id
    at setupFsCheck (D:\project\web\admin-panel\node_modules\next\src\server\lib\router-utils\filesystem.ts:157:13)
    at initialize (D:\project\web\admin-panel\node_modules\next\src\server\lib\router-server.ts:93:21)
    at Server.<anonymous> (D:\project\web\admin-panel\node_modules\next\src\server\lib\start-server.ts:293:28)
2026-09-09T00:30:45: Error: Could not find a production build in the '.next' directory. Try building your app with 'next build' before starting the production server. https://nextjs.org/docs/messages/production-start-no-build-id
    at setupFsCheck (D:\project\web\admin-panel\node_modules\next\src\server\lib\router-utils\filesystem.ts:157:13)
    at initialize (D:\project\web\admin-panel\node_modules\next\src\server\lib\router-server.ts:93:21)
    at Server.<anonymous> (D:\project\web\admin-panel\node_modules\next\src\server\lib\start-server.ts:293:28)
2026-09-09T00:30:46: Error: Could not find a production build in the '.next' directory. Try building your app with 'next build' before starting the production server. https://nextjs.org/docs/messages/production-start-no-build-id
    at setupFsCheck (D:\project\web\admin-panel\node_modules\next\src\server\lib\router-utils\filesystem.ts:157:13)
    at initialize (D:\project\web\admin-panel\node_modules\next\src\server\lib\router-server.ts:93:21)
    at Server.<anonymous> (D:\project\web\admin-panel\node_modules\next\src\server\lib\start-server.ts:293:28)
2026-09-09T00:30:46: Error: Could not find a production build in the '.next' directory. Try building your app with 'next build' before starting the production server. https://nextjs.org/docs/messages/production-start-no-build-id
    at setupFsCheck (D:\project\web\admin-panel\node_modules\next\src\server\lib\router-utils\filesystem.ts:157:13)
    at initialize (D:\project\web\admin-panel\node_modules\next\src\server\lib\router-server.ts:93:21)
    at Server.<anonymous> (D:\project\web\admin-panel\node_modules\next\src\server\lib\start-server.ts:293:28)
2026-09-09T00:30:46: Error: Could not find a production build in the '.next' directory. Try building your app with 'next build' before starting the production server. https://nextjs.org/docs/messages/production-start-no-build-id
    at setupFsCheck (D:\project\web\admin-panel\node_modules\next\src\server\lib\router-utils\filesystem.ts:157:13)
    at initialize (D:\project\web\admin-panel\node_modules\next\src\server\lib\router-server.ts:93:21)
    at Server.<anonymous> (D:\project\web\admin-panel\node_modules\next\src\server\lib\start-server.ts:293:28)
2026-09-09T00:30:47: Error: Could not find a production build in the '.next' directory. Try building your app with 'next build' before starting the production server. https://nextjs.org/docs/messages/production-start-no-build-id
    at setupFsCheck (D:\project\web\admin-panel\node_modules\next\src\server\lib\router-utils\filesystem.ts:157:13)
    at initialize (D:\project\web\admin-panel\node_modules\next\src\server\lib\router-server.ts:93:21)
    at Server.<anonymous> (D:\project\web\admin-panel\node_modules\next\src\server\lib\start-server.ts:293:28)
2026-09-09T00:30:47: Error: Could not find a production build in the '.next' directory. Try building your app with 'next build' before starting the production server. https://nextjs.org/docs/messages/production-start-no-build-id
    at setupFsCheck (D:\project\web\admin-panel\node_modules\next\src\server\lib\router-utils\filesystem.ts:157:13)
    at initialize (D:\project\web\admin-panel\node_modules\next\src\server\lib\router-server.ts:93:21)
    at Server.<anonymous> (D:\project\web\admin-panel\node_modules\next\src\server\lib\start-server.ts:293:28)
2026-09-09T00:30:47: Error: Could not find a production build in the '.next' directory. Try building your app with 'next build' before starting the production server. https://nextjs.org/docs/messages/production-start-no-build-id
    at setupFsCheck (D:\project\web\admin-panel\node_modules\next\src\server\lib\router-utils\filesystem.ts:157:13)
    at initialize (D:\project\web\admin-panel\node_modules\next\src\server\lib\router-server.ts:93:21)
    at Server.<anonymous> (D:\project\web\admin-panel\node_modules\next\src\server\lib\start-server.ts:293:28)
2026-09-09T00:30:48: Error: Could not find a production build in the '.next' directory. Try building your app with 'next build' before starting the production server. https://nextjs.org/docs/messages/production-start-no-build-id
    at setupFsCheck (D:\project\web\admin-panel\node_modules\next\src\server\lib\router-utils\filesystem.ts:157:13)
    at initialize (D:\project\web\admin-panel\node_modules\next\src\server\lib\router-server.ts:93:21)
    at Server.<anonymous> (D:\project\web\admin-panel\node_modules\next\src\server\lib\start-server.ts:293:28)
2026-09-09T00:30:48: Error: Could not find a production build in the '.next' directory. Try building your app with 'next build' before starting the production server. https://nextjs.org/docs/messages/production-start-no-build-id
    at setupFsCheck (D:\project\web\admin-panel\node_modules\next\src\server\lib\router-utils\filesystem.ts:157:13)
    at initialize (D:\project\web\admin-panel\node_modules\next\src\server\lib\router-server.ts:93:21)
    at Server.<anonymous> (D:\project\web\admin-panel\node_modules\next\src\server\lib\start-server.ts:293:28)
2026-09-09T00:30:48: Error: Could not find a production build in the '.next' directory. Try building your app with 'next build' before starting the production server. https://nextjs.org/docs/messages/production-start-no-build-id
    at setupFsCheck (D:\project\web\admin-panel\node_modules\next\src\server\lib\router-utils\filesystem.ts:157:13)
    at initialize (D:\project\web\admin-panel\node_modules\next\src\server\lib\router-server.ts:93:21)
    at Server.<anonymous> (D:\project\web\admin-panel\node_modules\next\src\server\lib\start-server.ts:293:28)
2026-09-09T00:30:48: Error: Could not find a production build in the '.next' directory. Try building your app with 'next build' before starting the production server. https://nextjs.org/docs/messages/production-start-no-build-id
    at setupFsCheck (D:\project\web\admin-panel\node_modules\next\src\server\lib\router-utils\filesystem.ts:157:13)
    at initialize (D:\project\web\admin-panel\node_modules\next\src\server\lib\router-server.ts:93:21)
    at Server.<anonymous> (D:\project\web\admin-panel\node_modules\next\src\server\lib\start-server.ts:293:28)
2026-09-09T00:30:49: Error: Could not find a production build in the '.next' directory. Try building your app with 'next build' before starting the production server. https://nextjs.org/docs/messages/production-start-no-build-id
    at setupFsCheck (D:\project\web\admin-panel\node_modules\next\src\server\lib\router-utils\filesystem.ts:157:13)
    at initialize (D:\project\web\admin-panel\node_modules\next\src\server\lib\router-server.ts:93:21)
    at Server.<anonymous> (D:\project\web\admin-panel\node_modules\next\src\server\lib\start-server.ts:293:28)
2026-09-09T00:30:49: Error: Could not find a production build in the '.next' directory. Try building your app with 'next build' before starting the production server. https://nextjs.org/docs/messages/production-start-no-build-id
    at setupFsCheck (D:\project\web\admin-panel\node_modules\next\src\server\lib\router-utils\filesystem.ts:157:13)
    at initialize (D:\project\web\admin-panel\node_modules\next\src\server\lib\router-server.ts:93:21)
    at Server.<anonymous> (D:\project\web\admin-panel\node_modules\next\src\server\lib\start-server.ts:293:28)
2026-09-09T00:30:49: Error: Could not find a production build in the '.next' directory. Try building your app with 'next build' before starting the production server. https://nextjs.org/docs/messages/production-start-no-build-id
    at setupFsCheck (D:\project\web\admin-panel\node_modules\next\src\server\lib\router-utils\filesystem.ts:157:13)
    at initialize (D:\project\web\admin-panel\node_modules\next\src\server\lib\router-server.ts:93:21)
    at Server.<anonymous> (D:\project\web\admin-panel\node_modules\next\src\server\lib\start-server.ts:293:28)
2026-09-09T00:30:50: Error: Could not find a production build in the '.next' directory. Try building your app with 'next build' before starting the production server. https://nextjs.org/docs/messages/production-start-no-build-id
    at setupFsCheck (D:\project\web\admin-panel\node_modules\next\src\server\lib\router-utils\filesystem.ts:157:13)
    at initialize (D:\project\web\admin-panel\node_modules\next\src\server\lib\router-server.ts:93:21)
    at Server.<anonymous> (D:\project\web\admin-panel\node_modules\next\src\server\lib\start-server.ts:293:28)
2026-09-09T00:30:50: Error: Could not find a production build in the '.next' directory. Try building your app with 'next build' before starting the production server. https://nextjs.org/docs/messages/production-start-no-build-id
    at setupFsCheck (D:\project\web\admin-panel\node_modules\next\src\server\lib\router-utils\filesystem.ts:157:13)
    at initialize (D:\project\web\admin-panel\node_modules\next\src\server\lib\router-server.ts:93:21)
    at Server.<anonymous> (D:\project\web\admin-panel\node_modules\next\src\server\lib\start-server.ts:293:28)
2026-09-09T00:30:50: Error: Could not find a production build in the '.next' directory. Try building your app with 'next build' before starting the production server. https://nextjs.org/docs/messages/production-start-no-build-id
    at setupFsCheck (D:\project\web\admin-panel\node_modules\next\src\server\lib\router-utils\filesystem.ts:157:13)
    at initialize (D:\project\web\admin-panel\node_modules\next\src\server\lib\router-server.ts:93:21)
    at Server.<anonymous> (D:\project\web\admin-panel\node_modules\next\src\server\lib\start-server.ts:293:28)
2026-09-09T00:30:51: Error: Could not find a production build in the '.next' directory. Try building your app with 'next build' before starting the production server. https://nextjs.org/docs/messages/production-start-no-build-id
    at setupFsCheck (D:\project\web\admin-panel\node_modules\next\src\server\lib\router-utils\filesystem.ts:157:13)
    at initialize (D:\project\web\admin-panel\node_modules\next\src\server\lib\router-server.ts:93:21)
    at Server.<anonymous> (D:\project\web\admin-panel\node_modules\next\src\server\lib\start-server.ts:293:28)
2026-09-09T00:30:51: Error: Could not find a production build in the '.next' directory. Try building your app with 'next build' before starting the production server. https://nextjs.org/docs/messages/production-start-no-build-id
    at setupFsCheck (D:\project\web\admin-panel\node_modules\next\src\server\lib\router-utils\filesystem.ts:157:13)
    at initialize (D:\project\web\admin-panel\node_modules\next\src\server\lib\router-server.ts:93:21)
    at Server.<anonymous> (D:\project\web\admin-panel\node_modules\next\src\server\lib\start-server.ts:293:28)
2026-09-09T00:30:52: Error: Could not find a production build in the '.next' directory. Try building your app with 'next build' before starting the production server. https://nextjs.org/docs/messages/production-start-no-build-id
    at setupFsCheck (D:\project\web\admin-panel\node_modules\next\src\server\lib\router-utils\filesystem.ts:157:13)
    at initialize (D:\project\web\admin-panel\node_modules\next\src\server\lib\router-server.ts:93:21)
    at Server.<anonymous> (D:\project\web\admin-panel\node_modules\next\src\server\lib\start-server.ts:293:28)
2026-09-09T00:30:52: Error: Could not find a production build in the '.next' directory. Try building your app with 'next build' before starting the production server. https://nextjs.org/docs/messages/production-start-no-build-id
    at setupFsCheck (D:\project\web\admin-panel\node_modules\next\src\server\lib\router-utils\filesystem.ts:157:13)
    at initialize (D:\project\web\admin-panel\node_modules\next\src\server\lib\router-server.ts:93:21)
    at Server.<anonymous> (D:\project\web\admin-panel\node_modules\next\src\server\lib\start-server.ts:293:28)
2026-09-09T00:30:52: Error: Could not find a production build in the '.next' directory. Try building your app with 'next build' before starting the production server. https://nextjs.org/docs/messages/production-start-no-build-id
    at setupFsCheck (D:\project\web\admin-panel\node_modules\next\src\server\lib\router-utils\filesystem.ts:157:13)
    at initialize (D:\project\web\admin-panel\node_modules\next\src\server\lib\router-server.ts:93:21)
    at Server.<anonymous> (D:\project\web\admin-panel\node_modules\next\src\server\lib\start-server.ts:293:28)
2026-09-09T00:30:53: Error: Could not find a production build in the '.next' directory. Try building your app with 'next build' before starting the production server. https://nextjs.org/docs/messages/production-start-no-build-id
    at setupFsCheck (D:\project\web\admin-panel\node_modules\next\src\server\lib\router-utils\filesystem.ts:157:13)
    at initialize (D:\project\web\admin-panel\node_modules\next\src\server\lib\router-server.ts:93:21)
    at Server.<anonymous> (D:\project\web\admin-panel\node_modules\next\src\server\lib\start-server.ts:293:28)
2026-09-09T00:30:53: Error: Could not find a production build in the '.next' directory. Try building your app with 'next build' before starting the production server. https://nextjs.org/docs/messages/production-start-no-build-id
    at setupFsCheck (D:\project\web\admin-panel\node_modules\next\src\server\lib\router-utils\filesystem.ts:157:13)
    at initialize (D:\project\web\admin-panel\node_modules\next\src\server\lib\router-server.ts:93:21)
    at Server.<anonymous> (D:\project\web\admin-panel\node_modules\next\src\server\lib\start-server.ts:293:28)
2026-09-09T00:30:53: Error: Could not find a production build in the '.next' directory. Try building your app with 'next build' before starting the production server. https://nextjs.org/docs/messages/production-start-no-build-id
    at setupFsCheck (D:\project\web\admin-panel\node_modules\next\src\server\lib\router-utils\filesystem.ts:157:13)
    at initialize (D:\project\web\admin-panel\node_modules\next\src\server\lib\router-server.ts:93:21)
    at Server.<anonymous> (D:\project\web\admin-panel\node_modules\next\src\server\lib\start-server.ts:293:28)
2026-09-09T00:30:53: Error: Could not find a production build in the '.next' directory. Try building your app with 'next build' before starting the production server. https://nextjs.org/docs/messages/production-start-no-build-id
    at setupFsCheck (D:\project\web\admin-panel\node_modules\next\src\server\lib\router-utils\filesystem.ts:157:13)
    at initialize (D:\project\web\admin-panel\node_modules\next\src\server\lib\router-server.ts:93:21)
    at Server.<anonymous> (D:\project\web\admin-panel\node_modules\next\src\server\lib\start-server.ts:293:28)
2026-09-09T00:30:53: Error: Could not find a production build in the '.next' directory. Try building your app with 'next build' before starting the production server. https://nextjs.org/docs/messages/production-start-no-build-id
    at setupFsCheck (D:\project\web\admin-panel\node_modules\next\src\server\lib\router-utils\filesystem.ts:157:13)
    at initialize (D:\project\web\admin-panel\node_modules\next\src\server\lib\router-server.ts:93:21)
    at Server.<anonymous> (D:\project\web\admin-panel\node_modules\next\src\server\lib\start-server.ts:293:28)
2026-09-09T00:30:54: Error: Could not find a production build in the '.next' directory. Try building your app with 'next build' before starting the production server. https://nextjs.org/docs/messages/production-start-no-build-id
    at setupFsCheck (D:\project\web\admin-panel\node_modules\next\src\server\lib\router-utils\filesystem.ts:157:13)
    at initialize (D:\project\web\admin-panel\node_modules\next\src\server\lib\router-server.ts:93:21)
    at Server.<anonymous> (D:\project\web\admin-panel\node_modules\next\src\server\lib\start-server.ts:293:28)
2026-09-09T00:30:54: Error: Could not find a production build in the '.next' directory. Try building your app with 'next build' before starting the production server. https://nextjs.org/docs/messages/production-start-no-build-id
    at setupFsCheck (D:\project\web\admin-panel\node_modules\next\src\server\lib\router-utils\filesystem.ts:157:13)
    at initialize (D:\project\web\admin-panel\node_modules\next\src\server\lib\router-server.ts:93:21)
    at Server.<anonymous> (D:\project\web\admin-panel\node_modules\next\src\server\lib\start-server.ts:293:28)
2026-09-09T00:30:55: Error: Could not find a production build in the '.next' directory. Try building your app with 'next build' before starting the production server. https://nextjs.org/docs/messages/production-start-no-build-id
    at setupFsCheck (D:\project\web\admin-panel\node_modules\next\src\server\lib\router-utils\filesystem.ts:157:13)
    at initialize (D:\project\web\admin-panel\node_modules\next\src\server\lib\router-server.ts:93:21)
    at Server.<anonymous> (D:\project\web\admin-panel\node_modules\next\src\server\lib\start-server.ts:293:28)
2026-09-09T00:30:55: Error: Could not find a production build in the '.next' directory. Try building your app with 'next build' before starting the production server. https://nextjs.org/docs/messages/production-start-no-build-id
    at setupFsCheck (D:\project\web\admin-panel\node_modules\next\src\server\lib\router-utils\filesystem.ts:157:13)
    at initialize (D:\project\web\admin-panel\node_modules\next\src\server\lib\router-server.ts:93:21)
    at Server.<anonymous> (D:\project\web\admin-panel\node_modules\next\src\server\lib\start-server.ts:293:28)
2026-09-09T00:30:55: Error: Could not find a production build in the '.next' directory. Try building your app with 'next build' before starting the production server. https://nextjs.org/docs/messages/production-start-no-build-id
    at setupFsCheck (D:\project\web\admin-panel\node_modules\next\src\server\lib\router-utils\filesystem.ts:157:13)
    at initialize (D:\project\web\admin-panel\node_modules\next\src\server\lib\router-server.ts:93:21)
    at Server.<anonymous> (D:\project\web\admin-panel\node_modules\next\src\server\lib\start-server.ts:293:28)
2026-09-09T00:30:55: Error: Could not find a production build in the '.next' directory. Try building your app with 'next build' before starting the production server. https://nextjs.org/docs/messages/production-start-no-build-id
    at setupFsCheck (D:\project\web\admin-panel\node_modules\next\src\server\lib\router-utils\filesystem.ts:157:13)
    at initialize (D:\project\web\admin-panel\node_modules\next\src\server\lib\router-server.ts:93:21)
    at Server.<anonymous> (D:\project\web\admin-panel\node_modules\next\src\server\lib\start-server.ts:293:28)
2026-09-09T00:30:55: Error: Could not find a production build in the '.next' directory. Try building your app with 'next build' before starting the production server. https://nextjs.org/docs/messages/production-start-no-build-id
    at setupFsCheck (D:\project\web\admin-panel\node_modules\next\src\server\lib\router-utils\filesystem.ts:157:13)
    at initialize (D:\project\web\admin-panel\node_modules\next\src\server\lib\router-server.ts:93:21)
    at Server.<anonymous> (D:\project\web\admin-panel\node_modules\next\src\server\lib\start-server.ts:293:28)
2026-09-09T00:30:56: Error: Could not find a production build in the '.next' directory. Try building your app with 'next build' before starting the production server. https://nextjs.org/docs/messages/production-start-no-build-id
    at setupFsCheck (D:\project\web\admin-panel\node_modules\next\src\server\lib\router-utils\filesystem.ts:157:13)
    at initialize (D:\project\web\admin-panel\node_modules\next\src\server\lib\router-server.ts:93:21)
    at Server.<anonymous> (D:\project\web\admin-panel\node_modules\next\src\server\lib\start-server.ts:293:28)
2026-09-09T00:30:56: Error: Could not find a production build in the '.next' directory. Try building your app with 'next build' before starting the production server. https://nextjs.org/docs/messages/production-start-no-build-id
    at setupFsCheck (D:\project\web\admin-panel\node_modules\next\src\server\lib\router-utils\filesystem.ts:157:13)
    at initialize (D:\project\web\admin-panel\node_modules\next\src\server\lib\router-server.ts:93:21)
    at Server.<anonymous> (D:\project\web\admin-panel\node_modules\next\src\server\lib\start-server.ts:293:28)
2026-09-09T00:30:57: Error: Could not find a production build in the '.next' directory. Try building your app with 'next build' before starting the production server. https://nextjs.org/docs/messages/production-start-no-build-id
    at setupFsCheck (D:\project\web\admin-panel\node_modules\next\src\server\lib\router-utils\filesystem.ts:157:13)
    at initialize (D:\project\web\admin-panel\node_modules\next\src\server\lib\router-server.ts:93:21)
    at Server.<anonymous> (D:\project\web\admin-panel\node_modules\next\src\server\lib\start-server.ts:293:28)
2026-09-09T00:30:57: Error: Could not find a production build in the '.next' directory. Try building your app with 'next build' before starting the production server. https://nextjs.org/docs/messages/production-start-no-build-id
    at setupFsCheck (D:\project\web\admin-panel\node_modules\next\src\server\lib\router-utils\filesystem.ts:157:13)
    at initialize (D:\project\web\admin-panel\node_modules\next\src\server\lib\router-server.ts:93:21)
    at Server.<anonymous> (D:\project\web\admin-panel\node_modules\next\src\server\lib\start-server.ts:293:28)
2026-09-09T00:30:57: Error: Could not find a production build in the '.next' directory. Try building your app with 'next build' before starting the production server. https://nextjs.org/docs/messages/production-start-no-build-id
    at setupFsCheck (D:\project\web\admin-panel\node_modules\next\src\server\lib\router-utils\filesystem.ts:157:13)
    at initialize (D:\project\web\admin-panel\node_modules\next\src\server\lib\router-server.ts:93:21)
    at Server.<anonymous> (D:\project\web\admin-panel\node_modules\next\src\server\lib\start-server.ts:293:28)
2026-09-09T00:30:58: Error: Could not find a production build in the '.next' directory. Try building your app with 'next build' before starting the production server. https://nextjs.org/docs/messages/production-start-no-build-id
    at setupFsCheck (D:\project\web\admin-panel\node_modules\next\src\server\lib\router-utils\filesystem.ts:157:13)
    at initialize (D:\project\web\admin-panel\node_modules\next\src\server\lib\router-server.ts:93:21)
    at Server.<anonymous> (D:\project\web\admin-panel\node_modules\next\src\server\lib\start-server.ts:293:28)
2026-09-09T00:30:58: Error: Could not find a production build in the '.next' directory. Try building your app with 'next build' before starting the production server. https://nextjs.org/docs/messages/production-start-no-build-id
    at setupFsCheck (D:\project\web\admin-panel\node_modules\next\src\server\lib\router-utils\filesystem.ts:157:13)
    at initialize (D:\project\web\admin-panel\node_modules\next\src\server\lib\router-server.ts:93:21)
    at Server.<anonymous> (D:\project\web\admin-panel\node_modules\next\src\server\lib\start-server.ts:293:28)
2026-09-09T00:30:58: Error: Could not find a production build in the '.next' directory. Try building your app with 'next build' before starting the production server. https://nextjs.org/docs/messages/production-start-no-build-id
    at setupFsCheck (D:\project\web\admin-panel\node_modules\next\src\server\lib\router-utils\filesystem.ts:157:13)
    at initialize (D:\project\web\admin-panel\node_modules\next\src\server\lib\router-server.ts:93:21)
    at Server.<anonymous> (D:\project\web\admin-panel\node_modules\next\src\server\lib\start-server.ts:293:28)
2026-09-09T00:30:58: Error: Could not find a production build in the '.next' directory. Try building your app with 'next build' before starting the production server. https://nextjs.org/docs/messages/production-start-no-build-id
    at setupFsCheck (D:\project\web\admin-panel\node_modules\next\src\server\lib\router-utils\filesystem.ts:157:13)
    at initialize (D:\project\web\admin-panel\node_modules\next\src\server\lib\router-server.ts:93:21)
    at Server.<anonymous> (D:\project\web\admin-panel\node_modules\next\src\server\lib\start-server.ts:293:28)
2026-09-09T00:30:59: Error: Could not find a production build in the '.next' directory. Try building your app with 'next build' before starting the production server. https://nextjs.org/docs/messages/production-start-no-build-id
    at setupFsCheck (D:\project\web\admin-panel\node_modules\next\src\server\lib\router-utils\filesystem.ts:157:13)
    at initialize (D:\project\web\admin-panel\node_modules\next\src\server\lib\router-server.ts:93:21)
    at Server.<anonymous> (D:\project\web\admin-panel\node_modules\next\src\server\lib\start-server.ts:293:28)
2026-09-09T00:31:00: Error: Could not find a production build in the '.next' directory. Try building your app with 'next build' before starting the production server. https://nextjs.org/docs/messages/production-start-no-build-id
    at setupFsCheck (D:\project\web\admin-panel\node_modules\next\src\server\lib\router-utils\filesystem.ts:157:13)
    at initialize (D:\project\web\admin-panel\node_modules\next\src\server\lib\router-server.ts:93:21)
    at Server.<anonymous> (D:\project\web\admin-panel\node_modules\next\src\server\lib\start-server.ts:293:28)
2026-09-09T00:31:00: Error: Could not find a production build in the '.next' directory. Try building your app with 'next build' before starting the production server. https://nextjs.org/docs/messages/production-start-no-build-id
    at setupFsCheck (D:\project\web\admin-panel\node_modules\next\src\server\lib\router-utils\filesystem.ts:157:13)
    at initialize (D:\project\web\admin-panel\node_modules\next\src\server\lib\router-server.ts:93:21)
    at Server.<anonymous> (D:\project\web\admin-panel\node_modules\next\src\server\lib\start-server.ts:293:28)
2026-09-09T00:31:00: Error: Could not find a production build in the '.next' directory. Try building your app with 'next build' before starting the production server. https://nextjs.org/docs/messages/production-start-no-build-id
    at setupFsCheck (D:\project\web\admin-panel\node_modules\next\src\server\lib\router-utils\filesystem.ts:157:13)
    at initialize (D:\project\web\admin-panel\node_modules\next\src\server\lib\router-server.ts:93:21)
    at Server.<anonymous> (D:\project\web\admin-panel\node_modules\next\src\server\lib\start-server.ts:293:28)
2026-09-09T00:31:00: Error: Could not find a production build in the '.next' directory. Try building your app with 'next build' before starting the production server. https://nextjs.org/docs/messages/production-start-no-build-id
    at setupFsCheck (D:\project\web\admin-panel\node_modules\next\src\server\lib\router-utils\filesystem.ts:157:13)
    at initialize (D:\project\web\admin-panel\node_modules\next\src\server\lib\router-server.ts:93:21)
    at Server.<anonymous> (D:\project\web\admin-panel\node_modules\next\src\server\lib\start-server.ts:293:28)
2026-09-09T00:31:01: Error: Could not find a production build in the '.next' directory. Try building your app with 'next build' before starting the production server. https://nextjs.org/docs/messages/production-start-no-build-id
    at setupFsCheck (D:\project\web\admin-panel\node_modules\next\src\server\lib\router-utils\filesystem.ts:157:13)
    at initialize (D:\project\web\admin-panel\node_modules\next\src\server\lib\router-server.ts:93:21)
    at Server.<anonymous> (D:\project\web\admin-panel\node_modules\next\src\server\lib\start-server.ts:293:28)
2026-09-09T00:43:45:  ⨯ upstream image response failed for https://dl.harfhesab.com/package-game-icon/2026/5/15/1778798659271_icon.png 404
2026-09-09T00:43:45:  ⨯ upstream image response failed for https://dl.harfhesab.com/package-game-season/2026/5/18/1779096449593_se-1.png 404
2026-09-09T00:43:45:  ⨯ upstream image response failed for https://dl.harfhesab.com/package-game-season/2026/5/15/1778799502772_se-1.png 404
2026-09-09T00:43:45:  ⨯ upstream image response failed for https://dl.harfhesab.com/package-game-season/2026/5/15/1778834086759_se-3.png 404
2026-09-09T00:43:45:  ⨯ upstream image response failed for https://dl.harfhesab.com/package-game-icon/2026/5/18/1779095719841_icon.png 404
2026-09-09T00:43:45:  ⨯ upstream image response failed for https://dl.harfhesab.com/package-game-season/2026/5/15/1778833292531_se-2.png 404
2026-09-09T00:43:45:  ⨯ upstream image response failed for https://dl.harfhesab.com/package-game-season/2026/5/18/1779097592819_se-3.png 404
2026-09-09T00:43:45:  ⨯ upstream image response failed for https://dl.harfhesab.com/package-game-season/2026/5/18/1779097039936_se-2.png 404
2026-09-09T00:43:45:  ⨯ upstream image response failed for https://dl.harfhesab.com/package-game-icon/2026/6/23/1782177015815_icon.png 404
2026-09-09T00:43:45:  ⨯ upstream image response failed for https://dl.harfhesab.com/package-game-icon/2026/8/23/1787445315077_icon.png 404
2026-09-09T00:43:45:  ⨯ upstream image response failed for https://dl.harfhesab.com/package-game-icon/2026/6/28/1782601847822_icon.png 404
2026-09-09T00:43:46:  ⨯ upstream image response failed for https://dl.harfhesab.com/package-game-icon/2026/9/3/1788472872127_icon.png 404
2026-09-09T00:43:46:  ⨯ upstream image response failed for https://dl.harfhesab.com/package-game-icon/2026/8/22/1787443039229_on-1.png 404
2026-09-09T00:43:46:  ⨯ upstream image response failed for https://dl.harfhesab.com/package-game-season/2026/6/24/1782249277422_se-2.png 404
2026-09-09T00:43:46:  ⨯ upstream image response failed for https://dl.harfhesab.com/package-game-season/2026/6/24/1782249524015_se-3.png 404
2026-09-09T00:43:46:  ⨯ upstream image response failed for https://dl.harfhesab.com/package-game-season/2026/6/24/1782248879350_se-1.png 404
2026-09-09T00:43:49:  ⨯ upstream image response failed for https://dl.harfhesab.com/package-game-season/2026/9/5/1788628695169_se-2.png 404
2026-09-09T00:43:55:  ⨯ upstream image response failed for https://dl.harfhesab.com/package-game-season/2026/5/18/1779096449593_se-1.png 404
2026-09-09T00:43:55:  ⨯ upstream image response failed for https://dl.harfhesab.com/package-game-season/2026/5/15/1778799502772_se-1.png 404
2026-09-09T00:43:55:  ⨯ upstream image response failed for https://dl.harfhesab.com/package-game-icon/2026/5/18/1779095719841_icon.png 404
2026-09-09T00:43:56:  ⨯ upstream image response failed for https://dl.harfhesab.com/package-game-season/2026/5/15/1778834086759_se-3.png 404
2026-09-09T00:43:56:  ⨯ upstream image response failed for https://dl.harfhesab.com/package-game-icon/2026/5/15/1778798659271_icon.png 404
2026-09-09T00:43:56:  ⨯ upstream image response failed for https://dl.harfhesab.com/package-game-season/2026/5/15/1778833292531_se-2.png 404
2026-09-09T00:43:56:  ⨯ upstream image response failed for https://dl.harfhesab.com/package-game-season/2026/5/18/1779097592819_se-3.png 404
2026-09-09T00:43:56:  ⨯ upstream image response failed for https://dl.harfhesab.com/package-game-season/2026/5/18/1779097039936_se-2.png 404
2026-09-09T00:43:57:  ⨯ upstream image response failed for https://dl.harfhesab.com/package-game-season/2026/6/24/1782248879350_se-1.png 404
2026-09-09T00:43:57:  ⨯ upstream image response failed for https://dl.harfhesab.com/package-game-icon/2026/9/3/1788472872127_icon.png 404
2026-09-09T00:43:57:  ⨯ upstream image response failed for https://dl.harfhesab.com/package-game-icon/2026/6/23/1782177015815_icon.png 404
2026-09-09T00:43:57:  ⨯ upstream image response failed for https://dl.harfhesab.com/package-game-season/2026/6/24/1782249277422_se-2.png 404
2026-09-09T00:43:57:  ⨯ upstream image response failed for https://dl.harfhesab.com/package-game-icon/2026/6/28/1782601847822_icon.png 404
2026-09-09T00:43:57:  ⨯ upstream image response failed for https://dl.harfhesab.com/package-game-season/2026/6/24/1782249524015_se-3.png 404
2026-09-09T00:43:57:  ⨯ upstream image response failed for https://dl.harfhesab.com/package-game-icon/2026/8/23/1787445315077_icon.png 404
2026-09-09T00:43:57:  ⨯ upstream image response failed for https://dl.harfhesab.com/package-game-icon/2026/5/15/1778798659271_icon.png 404
2026-09-09T00:43:57:  ⨯ upstream image response failed for https://dl.harfhesab.com/package-game-icon/2026/5/18/1779095719841_icon.png 404
2026-09-09T00:43:57:  ⨯ upstream image response failed for https://dl.harfhesab.com/package-game-icon/2026/8/22/1787443039229_on-1.png 404
2026-09-09T00:44:01:  ⨯ upstream image response failed for https://dl.harfhesab.com/package-game-season/2026/9/5/1788628695169_se-2.png 404
2026-09-09T00:47:49:  ⨯ upstream image response failed for https://dl.harfhesab.com/package-game-icon/2026/5/15/1778798659271_icon.png 404
2026-09-09T00:47:49:  ⨯ upstream image response failed for https://dl.harfhesab.com/package-game-season/2026/5/18/1779096449593_se-1.png 404
2026-09-09T00:47:49:  ⨯ upstream image response failed for https://dl.harfhesab.com/package-game-season/2026/5/15/1778834086759_se-3.png 404
2026-09-09T00:47:49:  ⨯ upstream image response failed for https://dl.harfhesab.com/package-game-season/2026/5/15/1778833292531_se-2.png 404
2026-09-09T00:47:49:  ⨯ upstream image response failed for https://dl.harfhesab.com/package-game-season/2026/5/15/1778799502772_se-1.png 404
2026-09-09T00:47:49:  ⨯ upstream image response failed for https://dl.harfhesab.com/package-game-icon/2026/5/18/1779095719841_icon.png 404
2026-09-09T00:47:49:  ⨯ upstream image response failed for https://dl.harfhesab.com/package-game-season/2026/5/18/1779097039936_se-2.png 404
2026-09-09T00:47:49:  ⨯ upstream image response failed for https://dl.harfhesab.com/package-game-season/2026/5/18/1779097592819_se-3.png 404
2026-09-09T00:47:49:  ⨯ upstream image response failed for https://dl.harfhesab.com/package-game-season/2026/6/24/1782248879350_se-1.png 404
2026-09-09T00:47:49:  ⨯ upstream image response failed for https://dl.harfhesab.com/package-game-icon/2026/6/23/1782177015815_icon.png 404
2026-09-09T00:47:49:  ⨯ upstream image response failed for https://dl.harfhesab.com/package-game-season/2026/6/24/1782249277422_se-2.png 404
2026-09-09T00:47:49:  ⨯ upstream image response failed for https://dl.harfhesab.com/package-game-season/2026/6/24/1782249524015_se-3.png 404
2026-09-09T00:47:51:  ⨯ upstream image response failed for https://dl.harfhesab.com/package-game-icon/2026/6/28/1782601847822_icon.png 404
2026-09-09T00:47:51:  ⨯ upstream image response failed for https://dl.harfhesab.com/package-game-icon/2026/8/23/1787445315077_icon.png 404
2026-09-09T00:47:51:  ⨯ upstream image response failed for https://dl.harfhesab.com/package-game-icon/2026/9/3/1788472872127_icon.png 404
2026-09-09T00:47:51:  ⨯ upstream image response failed for https://dl.harfhesab.com/package-game-icon/2026/6/23/1782177015815_icon.png 404
2026-09-09T00:47:51:  ⨯ upstream image response failed for https://dl.harfhesab.com/package-game-icon/2026/8/22/1787443039229_on-1.png 404
2026-09-09T00:47:51:  ⨯ upstream image response failed for https://dl.harfhesab.com/package-game-icon/2026/5/18/1779095719841_icon.png 404
2026-09-09T00:47:51:  ⨯ upstream image response failed for https://dl.harfhesab.com/package-game-icon/2026/5/15/1778798659271_icon.png 404
2026-09-09T00:47:53:  ⨯ upstream image response failed for https://dl.harfhesab.com/package-game-season/2026/9/5/1788628695169_se-2.png 404
2026-09-09T00:48:20:  ⨯ upstream image response failed for https://dl.harfhesab.com/package-game-season/2026/5/15/1778799502772_se-1.png 404
2026-09-09T00:48:20:  ⨯ upstream image response failed for https://dl.harfhesab.com/package-game-icon/2026/5/18/1779095719841_icon.png 404
2026-09-09T00:48:20:  ⨯ upstream image response failed for https://dl.harfhesab.com/package-game-season/2026/5/18/1779096449593_se-1.png 404
2026-09-09T00:48:20:  ⨯ upstream image response failed for https://dl.harfhesab.com/package-game-season/2026/5/15/1778834086759_se-3.png 404
2026-09-09T00:48:20:  ⨯ upstream image response failed for https://dl.harfhesab.com/package-game-season/2026/5/15/1778833292531_se-2.png 404
2026-09-09T00:48:20:  ⨯ upstream image response failed for https://dl.harfhesab.com/package-game-icon/2026/5/15/1778798659271_icon.png 404
2026-09-09T00:48:20:  ⨯ upstream image response failed for https://dl.harfhesab.com/package-game-season/2026/5/18/1779097039936_se-2.png 404
2026-09-09T00:48:20:  ⨯ upstream image response failed for https://dl.harfhesab.com/package-game-season/2026/5/18/1779097592819_se-3.png 404
2026-09-09T00:48:20:  ⨯ upstream image response failed for https://dl.harfhesab.com/package-game-season/2026/6/24/1782248879350_se-1.png 404
2026-09-09T00:48:21:  ⨯ upstream image response failed for https://dl.harfhesab.com/package-game-icon/2026/6/23/1782177015815_icon.png 404
2026-09-09T00:48:21:  ⨯ upstream image response failed for https://dl.harfhesab.com/package-game-season/2026/6/24/1782249277422_se-2.png 404
2026-09-09T00:48:21:  ⨯ upstream image response failed for https://dl.harfhesab.com/package-game-season/2026/6/24/1782249524015_se-3.png 404
2026-09-09T00:48:23:  ⨯ upstream image response failed for https://dl.harfhesab.com/package-game-icon/2026/6/23/1782177015815_icon.png 404
2026-09-09T00:48:23:  ⨯ upstream image response failed for https://dl.harfhesab.com/package-game-icon/2026/6/28/1782601847822_icon.png 404
2026-09-09T00:48:24:  ⨯ upstream image response failed for https://dl.harfhesab.com/package-game-icon/2026/9/3/1788472872127_icon.png 404
2026-09-09T00:48:24:  ⨯ upstream image response failed for https://dl.harfhesab.com/package-game-icon/2026/8/22/1787443039229_on-1.png 404
2026-09-09T00:48:24:  ⨯ upstream image response failed for https://dl.harfhesab.com/package-game-icon/2026/8/23/1787445315077_icon.png 404
2026-09-09T00:48:24:  ⨯ upstream image response failed for https://dl.harfhesab.com/package-game-icon/2026/5/18/1779095719841_icon.png 404
2026-09-09T00:48:24:  ⨯ upstream image response failed for https://dl.harfhesab.com/package-game-icon/2026/5/15/1778798659271_icon.png 404
2026-09-09T00:48:26:  ⨯ upstream image response failed for https://dl.harfhesab.com/package-game-season/2026/9/5/1788628695169_se-2.png 404
2026-09-09T00:55:25:  ⨯ upstream image response failed for https://dl.harfhesab.com/package-game-season/2026/9/5/1788628695169_se-2.png 404
2026-09-09T00:55:42:  ⨯ upstream image response failed for https://dl.harfhesab.com/package-game-season/2026/5/18/1779096449593_se-1.png 404
2026-09-09T00:55:42:  ⨯ upstream image response failed for https://dl.harfhesab.com/package-game-season/2026/5/15/1778834086759_se-3.png 404
2026-09-09T00:55:42:  ⨯ upstream image response failed for https://dl.harfhesab.com/package-game-icon/2026/5/15/1778798659271_icon.png 404
2026-09-09T00:55:42:  ⨯ upstream image response failed for https://dl.harfhesab.com/package-game-season/2026/5/15/1778799502772_se-1.png 404
2026-09-09T00:55:42:  ⨯ upstream image response failed for https://dl.harfhesab.com/package-game-season/2026/5/15/1778833292531_se-2.png 404
2026-09-09T00:55:42:  ⨯ upstream image response failed for https://dl.harfhesab.com/package-game-season/2026/5/18/1779097592819_se-3.png 404
2026-09-09T00:55:42:  ⨯ upstream image response failed for https://dl.harfhesab.com/package-game-icon/2026/5/18/1779095719841_icon.png 404
2026-09-09T00:55:42:  ⨯ upstream image response failed for https://dl.harfhesab.com/package-game-season/2026/5/18/1779097039936_se-2.png 404
2026-09-09T00:55:42:  ⨯ upstream image response failed for https://dl.harfhesab.com/package-game-season/2026/6/24/1782248879350_se-1.png 404
2026-09-09T00:55:42:  ⨯ upstream image response failed for https://dl.harfhesab.com/package-game-icon/2026/6/23/1782177015815_icon.png 404
2026-09-09T00:55:42:  ⨯ upstream image response failed for https://dl.harfhesab.com/package-game-season/2026/6/24/1782249524015_se-3.png 404
2026-09-09T00:55:42:  ⨯ upstream image response failed for https://dl.harfhesab.com/package-game-season/2026/6/24/1782249277422_se-2.png 404
2026-09-09T00:55:44:  ⨯ upstream image response failed for https://dl.harfhesab.com/package-game-icon/2026/6/28/1782601847822_icon.png 404
2026-09-09T00:55:44:  ⨯ upstream image response failed for https://dl.harfhesab.com/package-game-icon/2026/6/23/1782177015815_icon.png 404
2026-09-09T00:55:44:  ⨯ upstream image response failed for https://dl.harfhesab.com/package-game-icon/2026/9/3/1788472872127_icon.png 404
2026-09-09T00:55:44:  ⨯ upstream image response failed for https://dl.harfhesab.com/package-game-icon/2026/8/22/1787443039229_on-1.png 404
2026-09-09T00:55:44:  ⨯ upstream image response failed for https://dl.harfhesab.com/package-game-icon/2026/8/23/1787445315077_icon.png 404
2026-09-09T00:55:44:  ⨯ upstream image response failed for https://dl.harfhesab.com/package-game-icon/2026/5/15/1778798659271_icon.png 404
2026-09-09T00:55:44:  ⨯ upstream image response failed for https://dl.harfhesab.com/package-game-icon/2026/5/18/1779095719841_icon.png 404
2026-09-09T00:56:06:  ⨯ upstream image response failed for https://dl.harfhesab.com/package-game-season/2026/5/15/1778799502772_se-1.png 404
2026-09-09T00:56:07:  ⨯ upstream image response failed for https://dl.harfhesab.com/package-game-season/2026/5/18/1779097592819_se-3.png 404
2026-09-09T00:56:07:  ⨯ upstream image response failed for https://dl.harfhesab.com/package-game-icon/2026/5/18/1779095719841_icon.png 404
2026-09-09T00:56:07:  ⨯ upstream image response failed for https://dl.harfhesab.com/package-game-icon/2026/5/15/1778798659271_icon.png 404
2026-09-09T00:56:07:  ⨯ upstream image response failed for https://dl.harfhesab.com/package-game-season/2026/5/15/1778834086759_se-3.png 404
2026-09-09T00:56:07:  ⨯ upstream image response failed for https://dl.harfhesab.com/package-game-season/2026/5/18/1779096449593_se-1.png 404
2026-09-09T00:56:07:  ⨯ upstream image response failed for https://dl.harfhesab.com/package-game-season/2026/5/15/1778833292531_se-2.png 404
2026-09-09T00:56:07:  ⨯ upstream image response failed for https://dl.harfhesab.com/package-game-season/2026/5/18/1779097039936_se-2.png 404
2026-09-09T00:56:07:  ⨯ upstream image response failed for https://dl.harfhesab.com/package-game-season/2026/6/24/1782248879350_se-1.png 404
2026-09-09T00:56:07:  ⨯ upstream image response failed for https://dl.harfhesab.com/package-game-icon/2026/6/23/1782177015815_icon.png 404
2026-09-09T00:56:07:  ⨯ upstream image response failed for https://dl.harfhesab.com/package-game-season/2026/6/24/1782249524015_se-3.png 404
2026-09-09T00:56:07:  ⨯ upstream image response failed for https://dl.harfhesab.com/package-game-season/2026/6/24/1782249277422_se-2.png 404
2026-09-09T00:56:08:  ⨯ upstream image response failed for https://dl.harfhesab.com/package-game-icon/2026/5/18/1779095719841_icon.png 404
2026-09-09T00:56:08:  ⨯ upstream image response failed for https://dl.harfhesab.com/package-game-icon/2026/6/28/1782601847822_icon.png 404
2026-09-09T00:56:08:  ⨯ upstream image response failed for https://dl.harfhesab.com/package-game-icon/2026/9/3/1788472872127_icon.png 404
2026-09-09T00:56:08:  ⨯ upstream image response failed for https://dl.harfhesab.com/package-game-icon/2026/8/22/1787443039229_on-1.png 404
2026-09-09T00:56:08:  ⨯ upstream image response failed for https://dl.harfhesab.com/package-game-icon/2026/6/23/1782177015815_icon.png 404
2026-09-09T00:56:08:  ⨯ upstream image response failed for https://dl.harfhesab.com/package-game-icon/2026/8/23/1787445315077_icon.png 404
2026-09-09T00:56:08:  ⨯ upstream image response failed for https://dl.harfhesab.com/package-game-icon/2026/5/15/1778798659271_icon.png 404
2026-09-09T00:56:21:  ⨯ upstream image response failed for https://dl.harfhesab.com/package-game-icon/2026/8/23/1787445315077_icon.png 404
2026-09-09T00:56:21:  ⨯ upstream image response failed for https://dl.harfhesab.com/package-game-banner/2026/9/3/1788472872157_nner.png 404
2026-09-09T00:56:21:  ⨯ upstream image response failed for https://dl.harfhesab.com/package-game-icon/2026/9/3/1788472872127_icon.png 404
2026-09-09T00:56:21:  ⨯ upstream image response failed for https://dl.harfhesab.com/package-game-banner/2026/8/16/1786896376637_er-1.png 404
2026-09-09T00:56:21:  ⨯ upstream image response failed for https://dl.harfhesab.com/package-game-icon/2026/6/23/1782177015815_icon.png 404
2026-09-09T00:56:21:  ⨯ upstream image response failed for https://dl.harfhesab.com/package-game-banner/2026/6/28/1782601849502_nner.png 404
2026-09-09T00:56:21:  ⨯ upstream image response failed for https://dl.harfhesab.com/package-game-icon/2026/6/28/1782601847822_icon.png 404
2026-09-09T00:56:21:  ⨯ upstream image response failed for https://dl.harfhesab.com/package-game-banner/2026/6/23/1782177016234_nner.png 404
2026-09-09T00:56:22:  ⨯ upstream image response failed for https://dl.harfhesab.com/package-game-banner/2026/8/23/1787445315106_nner.png 404
2026-09-09T00:56:22:  ⨯ upstream image response failed for https://dl.harfhesab.com/package-game-icon/2026/8/22/1787443039229_on-1.png 404
2026-09-09T00:56:22:  ⨯ upstream image response failed for https://dl.harfhesab.com/package-game-banner/2026/5/18/1779095719866_nner.png 404
2026-09-09T00:56:22:  ⨯ upstream image response failed for https://dl.harfhesab.com/package-game-icon/2026/5/18/1779095719841_icon.png 404
2026-09-09T00:56:22:  ⨯ upstream image response failed for https://dl.harfhesab.com/package-game-icon/2026/5/15/1778798659271_icon.png 404
2026-09-09T00:56:22:  ⨯ upstream image response failed for https://dl.harfhesab.com/package-game-banner/2026/5/15/1778798660901_nner.png 404
2026-09-09T01:00:10:  ⨯ upstream image response failed for https://dl.harfhesab.com/package-game-banner/2026/8/16/1786896376637_er-1.png 404
2026-09-09T01:00:10:  ⨯ upstream image response failed for https://dl.harfhesab.com/package-game-icon/2026/8/22/1787443039229_on-1.png 404
2026-09-09T01:00:10:  ⨯ upstream image response failed for https://dl.harfhesab.com/package-game-icon/2026/6/28/1782601847822_icon.png 404
2026-09-09T01:00:10:  ⨯ upstream image response failed for https://dl.harfhesab.com/package-game-icon/2026/9/3/1788472872127_icon.png 404
2026-09-09T01:00:10:  ⨯ upstream image response failed for https://dl.harfhesab.com/package-game-icon/2026/8/23/1787445315077_icon.png 404
2026-09-09T01:00:10:  ⨯ upstream image response failed for https://dl.harfhesab.com/package-game-banner/2026/9/3/1788472872157_nner.png 404
2026-09-09T01:00:10:  ⨯ upstream image response failed for https://dl.harfhesab.com/package-game-banner/2026/8/23/1787445315106_nner.png 404
2026-09-09T01:00:10:  ⨯ upstream image response failed for https://dl.harfhesab.com/package-game-banner/2026/6/28/1782601849502_nner.png 404
2026-09-09T01:00:10:  ⨯ upstream image response failed for https://dl.harfhesab.com/package-game-icon/2026/6/23/1782177015815_icon.png 404
2026-09-09T01:00:10:  ⨯ upstream image response failed for https://dl.harfhesab.com/package-game-icon/2026/5/18/1779095719841_icon.png 404
2026-09-09T01:00:11:  ⨯ upstream image response failed for https://dl.harfhesab.com/package-game-banner/2026/5/18/1779095719866_nner.png 404
2026-09-09T01:00:11:  ⨯ upstream image response failed for https://dl.harfhesab.com/package-game-banner/2026/6/23/1782177016234_nner.png 404
2026-09-09T01:00:11:  ⨯ upstream image response failed for https://dl.harfhesab.com/package-game-icon/2026/5/15/1778798659271_icon.png 404
2026-09-09T01:00:11:  ⨯ upstream image response failed for https://dl.harfhesab.com/package-game-banner/2026/5/15/1778798660901_nner.png 404
2026-09-09T01:00:12:  ⨯ upstream image response failed for https://dl.harfhesab.com/package-game-icon/2026/9/3/1788472872127_icon.png 404
2026-09-09T01:00:12:  ⨯ upstream image response failed for https://dl.harfhesab.com/package-game-banner/2026/9/3/1788472872157_nner.png 404
2026-09-09T01:01:16:  ⨯ upstream image response failed for https://dl.harfhesab.com/package-game-icon/2026/8/23/1787445315077_icon.png 404
2026-09-09T01:01:16:  ⨯ upstream image response failed for https://dl.harfhesab.com/package-game-icon/2026/6/23/1782177015815_icon.png 404
2026-09-09T01:01:16:  ⨯ upstream image response failed for https://dl.harfhesab.com/package-game-banner/2026/8/23/1787445315106_nner.png 404
2026-09-09T01:01:16:  ⨯ upstream image response failed for https://dl.harfhesab.com/package-game-icon/2026/6/28/1782601847822_icon.png 404
2026-09-09T01:01:16:  ⨯ upstream image response failed for https://dl.harfhesab.com/package-game-banner/2026/6/23/1782177016234_nner.png 404
2026-09-09T01:01:16:  ⨯ upstream image response failed for https://dl.harfhesab.com/package-game-banner/2026/6/28/1782601849502_nner.png 404
2026-09-09T01:01:16:  ⨯ upstream image response failed for https://dl.harfhesab.com/package-game-icon/2026/8/22/1787443039229_on-1.png 404
2026-09-09T01:01:16:  ⨯ upstream image response failed for https://dl.harfhesab.com/package-game-banner/2026/8/16/1786896376637_er-1.png 404
2026-09-09T01:01:16:  ⨯ upstream image response failed for https://dl.harfhesab.com/package-game-banner/2026/5/18/1779095719866_nner.png 404
2026-09-09T01:01:16:  ⨯ upstream image response failed for https://dl.harfhesab.com/package-game-icon/2026/5/18/1779095719841_icon.png 404
2026-09-09T01:01:16:  ⨯ upstream image response failed for https://dl.harfhesab.com/package-game-icon/2026/5/15/1778798659271_icon.png 404
2026-09-09T01:01:16:  ⨯ upstream image response failed for https://dl.harfhesab.com/package-game-banner/2026/5/15/1778798660901_nner.png 404
2026-09-09T01:02:14:  ⨯ upstream image response failed for https://dl.harfhesab.com/package-game-season/2026/5/18/1779096449593_se-1.png 404
2026-09-09T01:02:14:  ⨯ upstream image response failed for https://dl.harfhesab.com/package-game-icon/2026/5/18/1779095719841_icon.png 404
2026-09-09T01:02:14:  ⨯ upstream image response failed for https://dl.harfhesab.com/package-game-season/2026/5/15/1778834086759_se-3.png 404
2026-09-09T01:02:14:  ⨯ upstream image response failed for https://dl.harfhesab.com/package-game-season/2026/5/18/1779097592819_se-3.png 404
2026-09-09T01:02:14:  ⨯ upstream image response failed for https://dl.harfhesab.com/package-game-season/2026/5/18/1779097039936_se-2.png 404
2026-09-09T01:02:14:  ⨯ upstream image response failed for https://dl.harfhesab.com/package-game-season/2026/5/15/1778799502772_se-1.png 404
2026-09-09T01:02:14:  ⨯ upstream image response failed for https://dl.harfhesab.com/package-game-season/2026/5/15/1778833292531_se-2.png 404
2026-09-09T01:02:14:  ⨯ upstream image response failed for https://dl.harfhesab.com/package-game-season/2026/6/24/1782249524015_se-3.png 404
2026-09-09T01:02:14:  ⨯ upstream image response failed for https://dl.harfhesab.com/package-game-season/2026/6/24/1782249277422_se-2.png 404
2026-09-09T01:02:14:  ⨯ upstream image response failed for https://dl.harfhesab.com/package-game-icon/2026/5/15/1778798659271_icon.png 404
2026-09-09T01:02:14:  ⨯ upstream image response failed for https://dl.harfhesab.com/package-game-icon/2026/6/23/1782177015815_icon.png 404
2026-09-09T01:02:14:  ⨯ upstream image response failed for https://dl.harfhesab.com/package-game-season/2026/6/24/1782248879350_se-1.png 404
2026-09-09T01:02:15:  ⨯ upstream image response failed for https://dl.harfhesab.com/package-game-icon/2026/6/23/1782177015815_icon.png 404
2026-09-09T01:02:15:  ⨯ upstream image response failed for https://dl.harfhesab.com/package-game-icon/2026/5/18/1779095719841_icon.png 404
2026-09-09T01:02:15:  ⨯ upstream image response failed for https://dl.harfhesab.com/package-game-icon/2026/6/28/1782601847822_icon.png 404
2026-09-09T01:02:15:  ⨯ upstream image response failed for https://dl.harfhesab.com/package-game-icon/2026/8/22/1787443039229_on-1.png 404
2026-09-09T01:02:15:  ⨯ upstream image response failed for https://dl.harfhesab.com/package-game-icon/2026/8/23/1787445315077_icon.png 404
2026-09-09T01:02:15:  ⨯ upstream image response failed for https://dl.harfhesab.com/package-game-icon/2026/5/15/1778798659271_icon.png 404
2026-09-09T01:02:19:  ⨯ upstream image response failed for https://dl.harfhesab.com/package-game-season/2026/9/3/1788477191317_se-1.png 404
2026-09-09T01:02:19:  ⨯ upstream image response failed for https://dl.harfhesab.com/package-game-season/2026/9/3/1788477386739_se-2.png 404
2026-09-09T01:02:57:  ⨯ upstream image response failed for https://dl.harfhesab.com/package-game-season/2026/9/3/1788477191317_se-1.png 404
2026-09-09T01:03:26:  ⨯ upstream image response failed for https://dl.harfhesab.com/package-game-icon/2026/5/15/1778798659271_icon.png 404
2026-09-09T01:03:26:  ⨯ upstream image response failed for https://dl.harfhesab.com/package-game-season/2026/5/15/1778799502772_se-1.png 404
2026-09-09T01:03:26:  ⨯ upstream image response failed for https://dl.harfhesab.com/package-game-season/2026/5/15/1778834086759_se-3.png 404
2026-09-09T01:03:26:  ⨯ upstream image response failed for https://dl.harfhesab.com/package-game-icon/2026/5/18/1779095719841_icon.png 404
2026-09-09T01:03:26:  ⨯ upstream image response failed for https://dl.harfhesab.com/package-game-season/2026/5/15/1778833292531_se-2.png 404
2026-09-09T01:03:26:  ⨯ upstream image response failed for https://dl.harfhesab.com/package-game-season/2026/5/18/1779096449593_se-1.png 404
2026-09-09T01:03:26:  ⨯ upstream image response failed for https://dl.harfhesab.com/package-game-icon/2026/6/23/1782177015815_icon.png 404
2026-09-09T01:03:26:  ⨯ upstream image response failed for https://dl.harfhesab.com/package-game-season/2026/5/18/1779097592819_se-3.png 404
2026-09-09T01:03:27:  ⨯ upstream image response failed for https://dl.harfhesab.com/package-game-season/2026/5/18/1779097039936_se-2.png 404
2026-09-09T01:03:27:  ⨯ upstream image response failed for https://dl.harfhesab.com/package-game-season/2026/6/24/1782249277422_se-2.png 404
2026-09-09T01:03:27:  ⨯ upstream image response failed for https://dl.harfhesab.com/package-game-season/2026/6/24/1782249524015_se-3.png 404
2026-09-09T01:03:27:  ⨯ upstream image response failed for https://dl.harfhesab.com/package-game-season/2026/6/24/1782248879350_se-1.png 404
2026-09-09T01:03:29:  ⨯ upstream image response failed for https://dl.harfhesab.com/package-game-icon/2026/5/18/1779095719841_icon.png 404
2026-09-09T01:03:29:  ⨯ upstream image response failed for https://dl.harfhesab.com/package-game-icon/2026/6/23/1782177015815_icon.png 404
2026-09-09T01:03:29:  ⨯ upstream image response failed for https://dl.harfhesab.com/package-game-icon/2026/8/22/1787443039229_on-1.png 404
2026-09-09T01:03:29:  ⨯ upstream image response failed for https://dl.harfhesab.com/package-game-icon/2026/8/23/1787445315077_icon.png 404
2026-09-09T01:03:29:  ⨯ upstream image response failed for https://dl.harfhesab.com/package-game-icon/2026/6/28/1782601847822_icon.png 404
2026-09-09T01:03:29:  ⨯ upstream image response failed for https://dl.harfhesab.com/package-game-icon/2026/5/15/1778798659271_icon.png 404
2026-09-09T01:03:33:  ⨯ upstream image response failed for https://dl.harfhesab.com/package-game-season/2026/9/3/1788477386739_se-2.png 404
2026-09-09T01:03:38:  ⨯ upstream image response failed for https://dl.harfhesab.com/package-game-season/2026/9/3/1788477386739_se-2.png 404
2026-09-09T01:04:36:  ⨯ upstream image response failed for https://dl.harfhesab.com/package-game-season/2026/5/15/1778799502772_se-1.png 404
2026-09-09T01:04:36:  ⨯ upstream image response failed for https://dl.harfhesab.com/package-game-season/2026/5/18/1779097039936_se-2.png 404
2026-09-09T01:04:36:  ⨯ upstream image response failed for https://dl.harfhesab.com/package-game-season/2026/5/15/1778834086759_se-3.png 404
2026-09-09T01:04:36:  ⨯ upstream image response failed for https://dl.harfhesab.com/package-game-season/2026/5/15/1778833292531_se-2.png 404
2026-09-09T01:04:36:  ⨯ upstream image response failed for https://dl.harfhesab.com/package-game-season/2026/5/18/1779097592819_se-3.png 404
2026-09-09T01:04:36:  ⨯ upstream image response failed for https://dl.harfhesab.com/package-game-icon/2026/5/15/1778798659271_icon.png 404
2026-09-09T01:04:36:  ⨯ upstream image response failed for https://dl.harfhesab.com/package-game-season/2026/5/18/1779096449593_se-1.png 404
2026-09-09T01:04:36:  ⨯ upstream image response failed for https://dl.harfhesab.com/package-game-icon/2026/5/18/1779095719841_icon.png 404
2026-09-09T01:04:36:  ⨯ upstream image response failed for https://dl.harfhesab.com/package-game-season/2026/6/24/1782248879350_se-1.png 404
2026-09-09T01:04:36:  ⨯ upstream image response failed for https://dl.harfhesab.com/package-game-icon/2026/6/23/1782177015815_icon.png 404
2026-09-09T01:04:36:  ⨯ upstream image response failed for https://dl.harfhesab.com/package-game-season/2026/6/24/1782249277422_se-2.png 404
2026-09-09T01:04:36:  ⨯ upstream image response failed for https://dl.harfhesab.com/package-game-season/2026/6/24/1782249524015_se-3.png 404
2026-09-09T01:04:38:  ⨯ upstream image response failed for https://dl.harfhesab.com/package-game-icon/2026/6/28/1782601847822_icon.png 404
2026-09-09T01:04:38:  ⨯ upstream image response failed for https://dl.harfhesab.com/package-game-icon/2026/8/23/1787445315077_icon.png 404
2026-09-09T01:04:38:  ⨯ upstream image response failed for https://dl.harfhesab.com/package-game-icon/2026/6/23/1782177015815_icon.png 404
2026-09-09T01:04:38:  ⨯ upstream image response failed for https://dl.harfhesab.com/package-game-icon/2026/5/18/1779095719841_icon.png 404
2026-09-09T01:04:38:  ⨯ upstream image response failed for https://dl.harfhesab.com/package-game-icon/2026/8/22/1787443039229_on-1.png 404
2026-09-09T01:04:38:  ⨯ upstream image response failed for https://dl.harfhesab.com/package-game-icon/2026/5/15/1778798659271_icon.png 404
2026-09-09T01:05:08:  ⨯ upstream image response failed for https://dl.harfhesab.com/package-game-banner/2026/8/16/1786896376637_er-1.png 404
2026-09-09T01:05:08:  ⨯ upstream image response failed for https://dl.harfhesab.com/package-game-icon/2026/8/23/1787445315077_icon.png 404
2026-09-09T01:05:08:  ⨯ upstream image response failed for https://dl.harfhesab.com/package-game-banner/2026/8/23/1787445315106_nner.png 404
2026-09-09T01:05:08:  ⨯ upstream image response failed for https://dl.harfhesab.com/package-game-icon/2026/8/22/1787443039229_on-1.png 404
2026-09-09T01:05:08:  ⨯ upstream image response failed for https://dl.harfhesab.com/package-game-icon/2026/6/28/1782601847822_icon.png 404
2026-09-09T01:05:08:  ⨯ upstream image response failed for https://dl.harfhesab.com/package-game-icon/2026/6/23/1782177015815_icon.png 404
2026-09-09T01:05:08:  ⨯ upstream image response failed for https://dl.harfhesab.com/package-game-banner/2026/6/23/1782177016234_nner.png 404
2026-09-09T01:05:08:  ⨯ upstream image response failed for https://dl.harfhesab.com/package-game-banner/2026/6/28/1782601849502_nner.png 404
2026-09-09T01:05:08:  ⨯ upstream image response failed for https://dl.harfhesab.com/package-game-banner/2026/5/18/1779095719866_nner.png 404
2026-09-09T01:05:08:  ⨯ upstream image response failed for https://dl.harfhesab.com/package-game-icon/2026/5/18/1779095719841_icon.png 404
2026-09-09T01:05:08:  ⨯ upstream image response failed for https://dl.harfhesab.com/package-game-icon/2026/5/15/1778798659271_icon.png 404
2026-09-09T01:05:08:  ⨯ upstream image response failed for https://dl.harfhesab.com/package-game-banner/2026/5/15/1778798660901_nner.png 404
2026-09-09T01:13:33:  ⨯ upstream image response failed for https://dl.harfhesab.com/package-game-icon/2026/8/23/1787445315077_icon.png 404
2026-09-09T01:13:33:  ⨯ upstream image response failed for https://dl.harfhesab.com/package-game-banner/2026/8/23/1787445315106_nner.png 404
2026-09-09T01:14:13:  ⨯ upstream image response failed for https://dl.harfhesab.com/package-game-icon/2026/8/22/1787443039229_on-1.png 404
2026-09-09T01:14:14:  ⨯ upstream image response failed for https://dl.harfhesab.com/package-game-icon/2026/5/18/1779095719841_icon.png 404
2026-09-09T01:14:15:  ⨯ upstream image response failed for https://dl.harfhesab.com/package-game-banner/2026/5/18/1779095719866_nner.png 404
2026-09-09T01:14:15:  ⨯ upstream image response failed for https://dl.harfhesab.com/package-game-icon/2026/6/28/1782601847822_icon.png 404
2026-09-09T01:14:15:  ⨯ upstream image response failed for https://dl.harfhesab.com/package-game-banner/2026/6/23/1782177016234_nner.png 404
2026-09-09T01:14:16:  ⨯ upstream image response failed for https://dl.harfhesab.com/package-game-banner/2026/6/28/1782601849502_nner.png 404
2026-09-09T01:14:16:  ⨯ upstream image response failed for https://dl.harfhesab.com/package-game-banner/2026/8/16/1786896376637_er-1.png 404
2026-09-09T01:14:16:  ⨯ upstream image response failed for https://dl.harfhesab.com/package-game-icon/2026/5/15/1778798659271_icon.png 404
2026-09-09T01:14:16:  ⨯ upstream image response failed for https://dl.harfhesab.com/package-game-icon/2026/6/23/1782177015815_icon.png 404
2026-09-09T01:14:17:  ⨯ upstream image response failed for https://dl.harfhesab.com/package-game-banner/2026/5/15/1778798660901_nner.png 404
2026-09-09T01:17:07:  ⨯ upstream image response failed for https://dl.harfhesab.com/package-game-icon/2026/8/22/1787443039229_on-1.png 404
2026-09-09T01:17:08:  ⨯ upstream image response failed for https://dl.harfhesab.com/package-game-banner/2026/6/28/1782601849502_nner.png 404
2026-09-09T01:17:08:  ⨯ upstream image response failed for https://dl.harfhesab.com/package-game-icon/2026/5/18/1779095719841_icon.png 404
2026-09-09T01:17:08:  ⨯ upstream image response failed for https://dl.harfhesab.com/package-game-banner/2026/6/23/1782177016234_nner.png 404
2026-09-09T01:17:08:  ⨯ upstream image response failed for https://dl.harfhesab.com/package-game-banner/2026/8/16/1786896376637_er-1.png 404
2026-09-09T01:17:08:  ⨯ upstream image response failed for https://dl.harfhesab.com/package-game-icon/2026/6/23/1782177015815_icon.png 404
2026-09-09T01:17:08:  ⨯ upstream image response failed for https://dl.harfhesab.com/package-game-banner/2026/5/15/1778798660901_nner.png 404
2026-09-09T01:17:08:  ⨯ upstream image response failed for https://dl.harfhesab.com/package-game-icon/2026/5/15/1778798659271_icon.png 404
2026-09-09T01:17:08:  ⨯ upstream image response failed for https://dl.harfhesab.com/package-game-banner/2026/5/18/1779095719866_nner.png 404
2026-09-09T01:17:08:  ⨯ upstream image response failed for https://dl.harfhesab.com/package-game-icon/2026/6/28/1782601847822_icon.png 404
2026-09-09T01:19:58:  ⨯ upstream image response failed for https://dl.harfhesab.com/package-game-icon/2026/6/28/1782601847822_icon.png 404
2026-09-09T01:19:58:  ⨯ upstream image response failed for https://dl.harfhesab.com/package-game-banner/2026/6/23/1782177016234_nner.png 404
2026-09-09T01:19:58:  ⨯ upstream image response failed for https://dl.harfhesab.com/package-game-banner/2026/6/28/1782601849502_nner.png 404
2026-09-09T01:19:58:  ⨯ upstream image response failed for https://dl.harfhesab.com/package-game-icon/2026/6/23/1782177015815_icon.png 404
2026-09-09T01:19:58:  ⨯ upstream image response failed for https://dl.harfhesab.com/package-game-icon/2026/5/18/1779095719841_icon.png 404
2026-09-09T01:19:58:  ⨯ upstream image response failed for https://dl.harfhesab.com/package-game-banner/2026/8/16/1786896376637_er-1.png 404
2026-09-09T01:19:58:  ⨯ upstream image response failed for https://dl.harfhesab.com/package-game-banner/2026/5/18/1779095719866_nner.png 404
2026-09-09T01:19:58:  ⨯ upstream image response failed for https://dl.harfhesab.com/package-game-icon/2026/8/22/1787443039229_on-1.png 404
2026-09-09T01:19:58:  ⨯ upstream image response failed for https://dl.harfhesab.com/package-game-icon/2026/5/15/1778798659271_icon.png 404
2026-09-09T01:19:58:  ⨯ upstream image response failed for https://dl.harfhesab.com/package-game-banner/2026/5/15/1778798660901_nner.png 404
2026-09-09T01:20:02:  ⨯ upstream image response failed for https://dl.harfhesab.com/package-game-icon/2026/5/15/1778798659271_icon.png 404
2026-09-09T01:20:02:  ⨯ upstream image response failed for https://dl.harfhesab.com/package-game-season/2026/5/15/1778834086759_se-3.png 404
2026-09-09T01:20:02:  ⨯ upstream image response failed for https://dl.harfhesab.com/package-game-season/2026/5/18/1779097039936_se-2.png 404
2026-09-09T01:20:02:  ⨯ upstream image response failed for https://dl.harfhesab.com/package-game-season/2026/5/18/1779097592819_se-3.png 404
2026-09-09T01:20:02:  ⨯ upstream image response failed for https://dl.harfhesab.com/package-game-season/2026/5/15/1778833292531_se-2.png 404
2026-09-09T01:20:02:  ⨯ upstream image response failed for https://dl.harfhesab.com/package-game-season/2026/6/24/1782248879350_se-1.png 404
2026-09-09T01:20:02:  ⨯ upstream image response failed for https://dl.harfhesab.com/package-game-icon/2026/6/23/1782177015815_icon.png 404
2026-09-09T01:20:02:  ⨯ upstream image response failed for https://dl.harfhesab.com/package-game-season/2026/5/18/1779096449593_se-1.png 404
2026-09-09T01:20:02:  ⨯ upstream image response failed for https://dl.harfhesab.com/package-game-icon/2026/5/18/1779095719841_icon.png 404
2026-09-09T01:20:02:  ⨯ upstream image response failed for https://dl.harfhesab.com/package-game-season/2026/5/15/1778799502772_se-1.png 404
2026-09-09T01:20:02:  ⨯ upstream image response failed for https://dl.harfhesab.com/package-game-season/2026/6/24/1782249524015_se-3.png 404
2026-09-09T01:20:03:  ⨯ upstream image response failed for https://dl.harfhesab.com/package-game-season/2026/6/24/1782249277422_se-2.png 404
2026-09-09T01:20:04:  ⨯ upstream image response failed for https://dl.harfhesab.com/package-game-icon/2026/6/28/1782601847822_icon.png 404
2026-09-09T01:20:04:  ⨯ upstream image response failed for https://dl.harfhesab.com/package-game-icon/2026/5/15/1778798659271_icon.png 404
2026-09-09T01:20:04:  ⨯ upstream image response failed for https://dl.harfhesab.com/package-game-icon/2026/8/22/1787443039229_on-1.png 404
2026-09-09T01:20:04:  ⨯ upstream image response failed for https://dl.harfhesab.com/package-game-icon/2026/6/23/1782177015815_icon.png 404
2026-09-09T01:20:04:  ⨯ upstream image response failed for https://dl.harfhesab.com/package-game-icon/2026/5/18/1779095719841_icon.png 404
2026-09-09T01:20:54:  ⨯ upstream image response failed for https://dl.harfhesab.com/package-game-icon/2026/8/22/1787443039229_on-1.png 404
2026-09-09T01:20:54:  ⨯ upstream image response failed for https://dl.harfhesab.com/package-game-banner/2026/8/16/1786896376637_er-1.png 404
2026-09-09T01:20:54:  ⨯ upstream image response failed for https://dl.harfhesab.com/package-game-banner/2026/6/28/1782601849502_nner.png 404
2026-09-09T01:20:54:  ⨯ upstream image response failed for https://dl.harfhesab.com/package-game-banner/2026/6/23/1782177016234_nner.png 404
2026-09-09T01:20:54:  ⨯ upstream image response failed for https://dl.harfhesab.com/package-game-icon/2026/5/18/1779095719841_icon.png 404
2026-09-09T01:20:54:  ⨯ upstream image response failed for https://dl.harfhesab.com/package-game-banner/2026/5/15/1778798660901_nner.png 404
2026-09-09T01:20:54:  ⨯ upstream image response failed for https://dl.harfhesab.com/package-game-icon/2026/6/28/1782601847822_icon.png 404
2026-09-09T01:20:54:  ⨯ upstream image response failed for https://dl.harfhesab.com/package-game-banner/2026/5/18/1779095719866_nner.png 404
2026-09-09T01:20:54:  ⨯ upstream image response failed for https://dl.harfhesab.com/package-game-icon/2026/5/15/1778798659271_icon.png 404
2026-09-09T01:20:54:  ⨯ upstream image response failed for https://dl.harfhesab.com/package-game-icon/2026/6/23/1782177015815_icon.png 404
2026-09-09T01:24:25:  ⨯ upstream image response failed for https://dl.harfhesab.com/package-game-banner/2026/8/16/1786896376637_er-1.png 404
2026-09-09T01:24:26:  ⨯ upstream image response failed for https://dl.harfhesab.com/package-game-icon/2026/8/22/1787443039229_on-1.png 404
2026-09-09T01:24:49:  ⨯ upstream image response failed for https://dl.harfhesab.com/package-game-banner/2026/8/16/1786896376637_er-1.png 404
2026-09-09T01:25:11:  ⨯ upstream image response failed for https://dl.harfhesab.com/package-game-banner/2026/6/28/1782601849502_nner.png 404
2026-09-09T01:25:11:  ⨯ upstream image response failed for https://dl.harfhesab.com/package-game-banner/2026/5/18/1779095719866_nner.png 404
2026-09-09T01:25:11:  ⨯ upstream image response failed for https://dl.harfhesab.com/package-game-icon/2026/6/23/1782177015815_icon.png 404
2026-09-09T01:25:12:  ⨯ upstream image response failed for https://dl.harfhesab.com/package-game-icon/2026/5/18/1779095719841_icon.png 404
2026-09-09T01:25:12:  ⨯ upstream image response failed for https://dl.harfhesab.com/package-game-banner/2026/6/23/1782177016234_nner.png 404
2026-09-09T01:25:12:  ⨯ upstream image response failed for https://dl.harfhesab.com/package-game-icon/2026/6/28/1782601847822_icon.png 404
2026-09-09T01:25:13:  ⨯ upstream image response failed for https://dl.harfhesab.com/package-game-banner/2026/5/15/1778798660901_nner.png 404
2026-09-09T01:25:13:  ⨯ upstream image response failed for https://dl.harfhesab.com/package-game-icon/2026/5/15/1778798659271_icon.png 404
2026-09-09T01:25:20:  ⨯ upstream image response failed for https://dl.harfhesab.com/package-game-season/2026/5/15/1778799502772_se-1.png 404
2026-09-09T01:25:20:  ⨯ upstream image response failed for https://dl.harfhesab.com/package-game-season/2026/5/18/1779097039936_se-2.png 404
2026-09-09T01:25:21:  ⨯ upstream image response failed for https://dl.harfhesab.com/package-game-icon/2026/5/18/1779095719841_icon.png 404
2026-09-09T01:25:21:  ⨯ upstream image response failed for https://dl.harfhesab.com/package-game-season/2026/5/15/1778833292531_se-2.png 404
2026-09-09T01:25:21:  ⨯ upstream image response failed for https://dl.harfhesab.com/package-game-icon/2026/5/15/1778798659271_icon.png 404
2026-09-09T01:25:21:  ⨯ upstream image response failed for https://dl.harfhesab.com/package-game-season/2026/5/15/1778834086759_se-3.png 404
2026-09-09T01:25:21:  ⨯ upstream image response failed for https://dl.harfhesab.com/package-game-season/2026/5/18/1779096449593_se-1.png 404
2026-09-09T01:25:21:  ⨯ upstream image response failed for https://dl.harfhesab.com/package-game-season/2026/5/18/1779097592819_se-3.png 404
2026-09-09T01:25:21:  ⨯ upstream image response failed for https://dl.harfhesab.com/package-game-icon/2026/6/23/1782177015815_icon.png 404
2026-09-09T01:25:21:  ⨯ upstream image response failed for https://dl.harfhesab.com/package-game-season/2026/6/24/1782248879350_se-1.png 404
2026-09-09T01:25:21:  ⨯ upstream image response failed for https://dl.harfhesab.com/package-game-season/2026/6/24/1782249277422_se-2.png 404
2026-09-09T01:25:21:  ⨯ upstream image response failed for https://dl.harfhesab.com/package-game-season/2026/6/24/1782249524015_se-3.png 404
2026-09-09T01:25:23:  ⨯ upstream image response failed for https://dl.harfhesab.com/package-game-icon/2026/5/18/1779095719841_icon.png 404
2026-09-09T01:25:23:  ⨯ upstream image response failed for https://dl.harfhesab.com/package-game-icon/2026/6/28/1782601847822_icon.png 404
2026-09-09T01:25:23:  ⨯ upstream image response failed for https://dl.harfhesab.com/package-game-icon/2026/6/23/1782177015815_icon.png 404
2026-09-09T01:25:23:  ⨯ upstream image response failed for https://dl.harfhesab.com/package-game-icon/2026/5/15/1778798659271_icon.png 404
2026-09-09T01:25:28:  ⨯ upstream image response failed for https://dl.harfhesab.com/package-game-season/2026/8/18/1787049026184_se-6.png 404
2026-09-09T01:25:28:  ⨯ upstream image response failed for https://dl.harfhesab.com/package-game-season/2026/8/17/1786964538900_se-1.png 404
2026-09-09T01:25:28:  ⨯ upstream image response failed for https://dl.harfhesab.com/package-game-season/2026/8/18/1787036635740_se-3.png 404
2026-09-09T01:25:28:  ⨯ upstream image response failed for https://dl.harfhesab.com/package-game-season/2026/8/18/1787036398685_se-2.png 404
2026-09-09T01:25:28:  ⨯ upstream image response failed for https://dl.harfhesab.com/package-game-season/2026/8/18/1787036789891_se-4.png 404
2026-09-09T01:25:28:  ⨯ upstream image response failed for https://dl.harfhesab.com/package-game-season/2026/8/18/1787041115419_se-5.png 404
2026-09-09T01:25:28:  ⨯ upstream image response failed for https://dl.harfhesab.com/package-game-season/2026/8/21/1787317202716_se-7.png 404
2026-09-09T01:25:28:  ⨯ upstream image response failed for https://dl.harfhesab.com/package-game-season/2026/8/21/1787318692470_se-8.png 404
2026-09-09T01:25:39:  ⨯ upstream image response failed for https://dl.harfhesab.com/package-game-season/2026/8/17/1786964538900_se-1.png 404
2026-09-09T01:26:16:  ⨯ upstream image response failed for https://dl.harfhesab.com/package-game-season/2026/5/15/1778799502772_se-1.png 404
2026-09-09T01:26:16:  ⨯ upstream image response failed for https://dl.harfhesab.com/package-game-season/2026/5/15/1778834086759_se-3.png 404
2026-09-09T01:26:16:  ⨯ upstream image response failed for https://dl.harfhesab.com/package-game-season/2026/5/18/1779096449593_se-1.png 404
2026-09-09T01:26:16:  ⨯ upstream image response failed for https://dl.harfhesab.com/package-game-season/2026/5/15/1778833292531_se-2.png 404
2026-09-09T01:26:16:  ⨯ upstream image response failed for https://dl.harfhesab.com/package-game-icon/2026/5/15/1778798659271_icon.png 404
2026-09-09T01:26:16:  ⨯ upstream image response failed for https://dl.harfhesab.com/package-game-season/2026/5/18/1779097592819_se-3.png 404
2026-09-09T01:26:16:  ⨯ upstream image response failed for https://dl.harfhesab.com/package-game-icon/2026/5/18/1779095719841_icon.png 404
2026-09-09T01:26:16:  ⨯ upstream image response failed for https://dl.harfhesab.com/package-game-season/2026/5/18/1779097039936_se-2.png 404
2026-09-09T01:26:16:  ⨯ upstream image response failed for https://dl.harfhesab.com/package-game-season/2026/6/24/1782248879350_se-1.png 404
2026-09-09T01:26:16:  ⨯ upstream image response failed for https://dl.harfhesab.com/package-game-icon/2026/6/23/1782177015815_icon.png 404
2026-09-09T01:26:16:  ⨯ upstream image response failed for https://dl.harfhesab.com/package-game-season/2026/6/24/1782249277422_se-2.png 404
2026-09-09T01:26:17:  ⨯ upstream image response failed for https://dl.harfhesab.com/package-game-season/2026/6/24/1782249524015_se-3.png 404
2026-09-09T01:26:17:  ⨯ upstream image response failed for https://dl.harfhesab.com/package-game-icon/2026/6/28/1782601847822_icon.png 404
2026-09-09T01:26:17:  ⨯ upstream image response failed for https://dl.harfhesab.com/package-game-icon/2026/6/23/1782177015815_icon.png 404
2026-09-09T01:26:17:  ⨯ upstream image response failed for https://dl.harfhesab.com/package-game-icon/2026/5/18/1779095719841_icon.png 404
2026-09-09T01:26:17:  ⨯ upstream image response failed for https://dl.harfhesab.com/package-game-icon/2026/5/15/1778798659271_icon.png 404
2026-09-09T01:26:20:  ⨯ upstream image response failed for https://dl.harfhesab.com/package-game-season/2026/8/18/1787036398685_se-2.png 404
2026-09-09T01:26:20:  ⨯ upstream image response failed for https://dl.harfhesab.com/package-game-season/2026/8/18/1787036635740_se-3.png 404
2026-09-09T01:26:20:  ⨯ upstream image response failed for https://dl.harfhesab.com/package-game-season/2026/8/18/1787036789891_se-4.png 404
2026-09-09T01:26:20:  ⨯ upstream image response failed for https://dl.harfhesab.com/package-game-season/2026/8/18/1787041115419_se-5.png 404
2026-09-09T01:26:20:  ⨯ upstream image response failed for https://dl.harfhesab.com/package-game-season/2026/8/18/1787049026184_se-6.png 404
2026-09-09T01:26:20:  ⨯ upstream image response failed for https://dl.harfhesab.com/package-game-season/2026/8/21/1787317202716_se-7.png 404
2026-09-09T01:26:20:  ⨯ upstream image response failed for https://dl.harfhesab.com/package-game-season/2026/8/21/1787318692470_se-8.png 404
2026-09-09T01:26:24:  ⨯ upstream image response failed for https://dl.harfhesab.com/package-game-season/2026/8/18/1787036398685_se-2.png 404
2026-09-09T01:26:50:  ⨯ upstream image response failed for https://dl.harfhesab.com/package-game-season/2026/5/15/1778833292531_se-2.png 404
2026-09-09T01:26:50:  ⨯ upstream image response failed for https://dl.harfhesab.com/package-game-season/2026/5/15/1778799502772_se-1.png 404
2026-09-09T01:26:50:  ⨯ upstream image response failed for https://dl.harfhesab.com/package-game-icon/2026/5/15/1778798659271_icon.png 404
2026-09-09T01:26:50:  ⨯ upstream image response failed for https://dl.harfhesab.com/package-game-icon/2026/5/18/1779095719841_icon.png 404
2026-09-09T01:26:50:  ⨯ upstream image response failed for https://dl.harfhesab.com/package-game-season/2026/5/18/1779096449593_se-1.png 404
2026-09-09T01:26:50:  ⨯ upstream image response failed for https://dl.harfhesab.com/package-game-season/2026/5/15/1778834086759_se-3.png 404
2026-09-09T01:26:50:  ⨯ upstream image response failed for https://dl.harfhesab.com/package-game-season/2026/5/18/1779097592819_se-3.png 404
2026-09-09T01:26:50:  ⨯ upstream image response failed for https://dl.harfhesab.com/package-game-icon/2026/6/23/1782177015815_icon.png 404
2026-09-09T01:26:50:  ⨯ upstream image response failed for https://dl.harfhesab.com/package-game-season/2026/6/24/1782248879350_se-1.png 404
2026-09-09T01:26:50:  ⨯ upstream image response failed for https://dl.harfhesab.com/package-game-season/2026/5/18/1779097039936_se-2.png 404
2026-09-09T01:26:50:  ⨯ upstream image response failed for https://dl.harfhesab.com/package-game-season/2026/6/24/1782249524015_se-3.png 404
2026-09-09T01:26:50:  ⨯ upstream image response failed for https://dl.harfhesab.com/package-game-season/2026/6/24/1782249277422_se-2.png 404
2026-09-09T01:26:56:  ⨯ upstream image response failed for https://dl.harfhesab.com/package-game-icon/2026/6/23/1782177015815_icon.png 404
2026-09-09T01:26:56:  ⨯ upstream image response failed for https://dl.harfhesab.com/package-game-icon/2026/6/28/1782601847822_icon.png 404
2026-09-09T01:26:56:  ⨯ upstream image response failed for https://dl.harfhesab.com/package-game-icon/2026/5/15/1778798659271_icon.png 404
2026-09-09T01:26:56:  ⨯ upstream image response failed for https://dl.harfhesab.com/package-game-icon/2026/5/18/1779095719841_icon.png 404
2026-09-09T01:26:59:  ⨯ upstream image response failed for https://dl.harfhesab.com/package-game-season/2026/8/18/1787036635740_se-3.png 404
2026-09-09T01:27:00:  ⨯ upstream image response failed for https://dl.harfhesab.com/package-game-season/2026/8/18/1787041115419_se-5.png 404
2026-09-09T01:27:00:  ⨯ upstream image response failed for https://dl.harfhesab.com/package-game-season/2026/8/18/1787049026184_se-6.png 404
2026-09-09T01:27:00:  ⨯ upstream image response failed for https://dl.harfhesab.com/package-game-season/2026/8/18/1787036789891_se-4.png 404
2026-09-09T01:27:00:  ⨯ upstream image response failed for https://dl.harfhesab.com/package-game-season/2026/8/21/1787318692470_se-8.png 404
2026-09-09T01:27:00:  ⨯ upstream image response failed for https://dl.harfhesab.com/package-game-season/2026/8/21/1787317202716_se-7.png 404
2026-09-09T01:27:10:  ⨯ upstream image response failed for https://dl.harfhesab.com/package-game-icon/2026/5/18/1779095719841_icon.png 404
2026-09-09T01:27:10:  ⨯ upstream image response failed for https://dl.harfhesab.com/package-game-season/2026/5/15/1778799502772_se-1.png 404
2026-09-09T01:27:10:  ⨯ upstream image response failed for https://dl.harfhesab.com/package-game-season/2026/5/18/1779096449593_se-1.png 404
2026-09-09T01:27:10:  ⨯ upstream image response failed for https://dl.harfhesab.com/package-game-season/2026/5/15/1778833292531_se-2.png 404
2026-09-09T01:27:10:  ⨯ upstream image response failed for https://dl.harfhesab.com/package-game-season/2026/5/18/1779097039936_se-2.png 404
2026-09-09T01:27:10:  ⨯ upstream image response failed for https://dl.harfhesab.com/package-game-season/2026/5/15/1778834086759_se-3.png 404
2026-09-09T01:27:10:  ⨯ upstream image response failed for https://dl.harfhesab.com/package-game-icon/2026/5/15/1778798659271_icon.png 404
2026-09-09T01:27:10:  ⨯ upstream image response failed for https://dl.harfhesab.com/package-game-season/2026/6/24/1782248879350_se-1.png 404
2026-09-09T01:27:10:  ⨯ upstream image response failed for https://dl.harfhesab.com/package-game-season/2026/5/18/1779097592819_se-3.png 404
2026-09-09T01:27:11:  ⨯ upstream image response failed for https://dl.harfhesab.com/package-game-icon/2026/6/23/1782177015815_icon.png 404
2026-09-09T01:27:11:  ⨯ upstream image response failed for https://dl.harfhesab.com/package-game-season/2026/6/24/1782249277422_se-2.png 404
2026-09-09T01:27:11:  ⨯ upstream image response failed for https://dl.harfhesab.com/package-game-season/2026/6/24/1782249524015_se-3.png 404
2026-09-09T01:27:11:  ⨯ upstream image response failed for https://dl.harfhesab.com/package-game-icon/2026/6/28/1782601847822_icon.png 404
2026-09-09T01:27:11:  ⨯ upstream image response failed for https://dl.harfhesab.com/package-game-icon/2026/5/18/1779095719841_icon.png 404
2026-09-09T01:27:11:  ⨯ upstream image response failed for https://dl.harfhesab.com/package-game-icon/2026/6/23/1782177015815_icon.png 404
2026-09-09T01:27:11:  ⨯ upstream image response failed for https://dl.harfhesab.com/package-game-icon/2026/5/15/1778798659271_icon.png 404
2026-09-09T01:27:15:  ⨯ upstream image response failed for https://dl.harfhesab.com/package-game-season/2026/8/18/1787041115419_se-5.png 404
2026-09-09T01:27:15:  ⨯ upstream image response failed for https://dl.harfhesab.com/package-game-season/2026/8/18/1787036635740_se-3.png 404
2026-09-09T01:27:15:  ⨯ upstream image response failed for https://dl.harfhesab.com/package-game-season/2026/8/18/1787036789891_se-4.png 404
2026-09-09T01:27:15:  ⨯ upstream image response failed for https://dl.harfhesab.com/package-game-season/2026/8/18/1787049026184_se-6.png 404
2026-09-09T01:27:15:  ⨯ upstream image response failed for https://dl.harfhesab.com/package-game-season/2026/8/21/1787317202716_se-7.png 404
2026-09-09T01:27:15:  ⨯ upstream image response failed for https://dl.harfhesab.com/package-game-season/2026/8/21/1787318692470_se-8.png 404
2026-09-09T01:27:18:  ⨯ upstream image response failed for https://dl.harfhesab.com/package-game-season/2026/8/18/1787036635740_se-3.png 404
2026-09-09T01:27:43:  ⨯ upstream image response failed for https://dl.harfhesab.com/package-game-season/2026/5/15/1778799502772_se-1.png 404
2026-09-09T01:27:43:  ⨯ upstream image response failed for https://dl.harfhesab.com/package-game-season/2026/5/18/1779097592819_se-3.png 404
2026-09-09T01:27:43:  ⨯ upstream image response failed for https://dl.harfhesab.com/package-game-season/2026/5/18/1779097039936_se-2.png 404
2026-09-09T01:27:43:  ⨯ upstream image response failed for https://dl.harfhesab.com/package-game-season/2026/5/15/1778833292531_se-2.png 404
2026-09-09T01:27:43:  ⨯ upstream image response failed for https://dl.harfhesab.com/package-game-season/2026/5/15/1778834086759_se-3.png 404
2026-09-09T01:27:43:  ⨯ upstream image response failed for https://dl.harfhesab.com/package-game-icon/2026/5/18/1779095719841_icon.png 404
2026-09-09T01:27:43:  ⨯ upstream image response failed for https://dl.harfhesab.com/package-game-icon/2026/5/15/1778798659271_icon.png 404
2026-09-09T01:27:43:  ⨯ upstream image response failed for https://dl.harfhesab.com/package-game-season/2026/5/18/1779096449593_se-1.png 404
2026-09-09T01:27:44:  ⨯ upstream image response failed for https://dl.harfhesab.com/package-game-season/2026/6/24/1782249277422_se-2.png 404
2026-09-09T01:27:44:  ⨯ upstream image response failed for https://dl.harfhesab.com/package-game-icon/2026/6/23/1782177015815_icon.png 404
2026-09-09T01:27:44:  ⨯ upstream image response failed for https://dl.harfhesab.com/package-game-season/2026/6/24/1782249524015_se-3.png 404
2026-09-09T01:27:44:  ⨯ upstream image response failed for https://dl.harfhesab.com/package-game-season/2026/6/24/1782248879350_se-1.png 404
2026-09-09T01:27:45:  ⨯ upstream image response failed for https://dl.harfhesab.com/package-game-icon/2026/6/23/1782177015815_icon.png 404
2026-09-09T01:27:45:  ⨯ upstream image response failed for https://dl.harfhesab.com/package-game-icon/2026/5/18/1779095719841_icon.png 404
2026-09-09T01:27:45:  ⨯ upstream image response failed for https://dl.harfhesab.com/package-game-icon/2026/6/28/1782601847822_icon.png 404
2026-09-09T01:27:45:  ⨯ upstream image response failed for https://dl.harfhesab.com/package-game-icon/2026/5/15/1778798659271_icon.png 404
2026-09-09T01:27:48:  ⨯ upstream image response failed for https://dl.harfhesab.com/package-game-season/2026/8/18/1787049026184_se-6.png 404
2026-09-09T01:27:48:  ⨯ upstream image response failed for https://dl.harfhesab.com/package-game-season/2026/8/18/1787036789891_se-4.png 404
2026-09-09T01:27:48:  ⨯ upstream image response failed for https://dl.harfhesab.com/package-game-season/2026/8/18/1787041115419_se-5.png 404
2026-09-09T01:27:48:  ⨯ upstream image response failed for https://dl.harfhesab.com/package-game-season/2026/8/21/1787318692470_se-8.png 404
2026-09-09T01:27:48:  ⨯ upstream image response failed for https://dl.harfhesab.com/package-game-season/2026/8/21/1787317202716_se-7.png 404
2026-09-09T01:27:52:  ⨯ upstream image response failed for https://dl.harfhesab.com/package-game-season/2026/8/18/1787036789891_se-4.png 404
2026-09-09T01:29:00:  ⨯ upstream image response failed for https://dl.harfhesab.com/package-game-icon/2026/5/18/1779095719841_icon.png 404
2026-09-09T01:29:00:  ⨯ upstream image response failed for https://dl.harfhesab.com/package-game-season/2026/5/18/1779096449593_se-1.png 404
2026-09-09T01:29:00:  ⨯ upstream image response failed for https://dl.harfhesab.com/package-game-season/2026/5/15/1778833292531_se-2.png 404
2026-09-09T01:29:00:  ⨯ upstream image response failed for https://dl.harfhesab.com/package-game-icon/2026/5/15/1778798659271_icon.png 404
2026-09-09T01:29:00:  ⨯ upstream image response failed for https://dl.harfhesab.com/package-game-season/2026/5/18/1779097039936_se-2.png 404
2026-09-09T01:29:00:  ⨯ upstream image response failed for https://dl.harfhesab.com/package-game-season/2026/5/15/1778834086759_se-3.png 404
2026-09-09T01:29:00:  ⨯ upstream image response failed for https://dl.harfhesab.com/package-game-season/2026/5/18/1779097592819_se-3.png 404
2026-09-09T01:29:00:  ⨯ upstream image response failed for https://dl.harfhesab.com/package-game-season/2026/5/15/1778799502772_se-1.png 404
2026-09-09T01:29:00:  ⨯ upstream image response failed for https://dl.harfhesab.com/package-game-icon/2026/6/23/1782177015815_icon.png 404
2026-09-09T01:29:00:  ⨯ upstream image response failed for https://dl.harfhesab.com/package-game-season/2026/6/24/1782248879350_se-1.png 404
2026-09-09T01:29:00:  ⨯ upstream image response failed for https://dl.harfhesab.com/package-game-season/2026/6/24/1782249277422_se-2.png 404
2026-09-09T01:29:00:  ⨯ upstream image response failed for https://dl.harfhesab.com/package-game-season/2026/6/24/1782249524015_se-3.png 404
2026-09-09T01:29:02:  ⨯ upstream image response failed for https://dl.harfhesab.com/package-game-icon/2026/6/28/1782601847822_icon.png 404
2026-09-09T01:29:02:  ⨯ upstream image response failed for https://dl.harfhesab.com/package-game-icon/2026/6/23/1782177015815_icon.png 404
2026-09-09T01:29:03:  ⨯ upstream image response failed for https://dl.harfhesab.com/package-game-icon/2026/5/15/1778798659271_icon.png 404
2026-09-09T01:29:03:  ⨯ upstream image response failed for https://dl.harfhesab.com/package-game-icon/2026/5/18/1779095719841_icon.png 404
2026-09-09T01:29:05:  ⨯ upstream image response failed for https://dl.harfhesab.com/package-game-season/2026/8/18/1787049026184_se-6.png 404
2026-09-09T01:29:05:  ⨯ upstream image response failed for https://dl.harfhesab.com/package-game-season/2026/8/18/1787041115419_se-5.png 404
2026-09-09T01:29:05:  ⨯ upstream image response failed for https://dl.harfhesab.com/package-game-season/2026/8/21/1787318692470_se-8.png 404
2026-09-09T01:29:05:  ⨯ upstream image response failed for https://dl.harfhesab.com/package-game-season/2026/8/21/1787317202716_se-7.png 404
2026-09-09T01:29:17:  ⨯ upstream image response failed for https://dl.harfhesab.com/package-game-season/2026/8/18/1787041115419_se-5.png 404
2026-09-09T01:30:01:  ⨯ upstream image response failed for https://dl.harfhesab.com/package-game-season/2026/5/15/1778799502772_se-1.png 404
2026-09-09T01:30:01:  ⨯ upstream image response failed for https://dl.harfhesab.com/package-game-season/2026/5/18/1779097592819_se-3.png 404
2026-09-09T01:30:01:  ⨯ upstream image response failed for https://dl.harfhesab.com/package-game-season/2026/5/18/1779096449593_se-1.png 404
2026-09-09T01:30:01:  ⨯ upstream image response failed for https://dl.harfhesab.com/package-game-season/2026/5/18/1779097039936_se-2.png 404
2026-09-09T01:30:01:  ⨯ upstream image response failed for https://dl.harfhesab.com/package-game-icon/2026/5/18/1779095719841_icon.png 404
2026-09-09T01:30:01:  ⨯ upstream image response failed for https://dl.harfhesab.com/package-game-icon/2026/5/15/1778798659271_icon.png 404
2026-09-09T01:30:01:  ⨯ upstream image response failed for https://dl.harfhesab.com/package-game-season/2026/5/15/1778834086759_se-3.png 404
2026-09-09T01:30:01:  ⨯ upstream image response failed for https://dl.harfhesab.com/package-game-season/2026/5/15/1778833292531_se-2.png 404
2026-09-09T01:30:01:  ⨯ upstream image response failed for https://dl.harfhesab.com/package-game-icon/2026/6/23/1782177015815_icon.png 404
2026-09-09T01:30:01:  ⨯ upstream image response failed for https://dl.harfhesab.com/package-game-season/2026/6/24/1782248879350_se-1.png 404
2026-09-09T01:30:01:  ⨯ upstream image response failed for https://dl.harfhesab.com/package-game-season/2026/6/24/1782249277422_se-2.png 404
2026-09-09T01:30:01:  ⨯ upstream image response failed for https://dl.harfhesab.com/package-game-season/2026/6/24/1782249524015_se-3.png 404
2026-09-09T01:30:05:  ⨯ upstream image response failed for https://dl.harfhesab.com/package-game-icon/2026/6/28/1782601847822_icon.png 404
2026-09-09T01:30:05:  ⨯ upstream image response failed for https://dl.harfhesab.com/package-game-icon/2026/5/18/1779095719841_icon.png 404
2026-09-09T01:30:05:  ⨯ upstream image response failed for https://dl.harfhesab.com/package-game-icon/2026/6/23/1782177015815_icon.png 404
2026-09-09T01:30:05:  ⨯ upstream image response failed for https://dl.harfhesab.com/package-game-icon/2026/5/15/1778798659271_icon.png 404
2026-09-09T01:30:08:  ⨯ upstream image response failed for https://dl.harfhesab.com/package-game-season/2026/8/18/1787049026184_se-6.png 404
2026-09-09T01:30:08:  ⨯ upstream image response failed for https://dl.harfhesab.com/package-game-season/2026/8/21/1787318692470_se-8.png 404
2026-09-09T01:30:08:  ⨯ upstream image response failed for https://dl.harfhesab.com/package-game-season/2026/8/21/1787317202716_se-7.png 404
2026-09-09T01:30:24:  ⨯ upstream image response failed for https://dl.harfhesab.com/package-game-season/2026/8/18/1787049026184_se-6.png 404
2026-09-09T01:30:43:  ⨯ upstream image response failed for https://dl.harfhesab.com/package-game-season/2026/5/15/1778799502772_se-1.png 404
2026-09-09T01:30:43:  ⨯ upstream image response failed for https://dl.harfhesab.com/package-game-season/2026/5/18/1779097592819_se-3.png 404
2026-09-09T01:30:43:  ⨯ upstream image response failed for https://dl.harfhesab.com/package-game-season/2026/5/15/1778834086759_se-3.png 404
2026-09-09T01:30:43:  ⨯ upstream image response failed for https://dl.harfhesab.com/package-game-icon/2026/5/18/1779095719841_icon.png 404
2026-09-09T01:30:43:  ⨯ upstream image response failed for https://dl.harfhesab.com/package-game-season/2026/5/18/1779096449593_se-1.png 404
2026-09-09T01:30:43:  ⨯ upstream image response failed for https://dl.harfhesab.com/package-game-season/2026/5/15/1778833292531_se-2.png 404
2026-09-09T01:30:43:  ⨯ upstream image response failed for https://dl.harfhesab.com/package-game-icon/2026/5/15/1778798659271_icon.png 404
2026-09-09T01:30:43:  ⨯ upstream image response failed for https://dl.harfhesab.com/package-game-season/2026/5/18/1779097039936_se-2.png 404
2026-09-09T01:30:43:  ⨯ upstream image response failed for https://dl.harfhesab.com/package-game-icon/2026/6/23/1782177015815_icon.png 404
2026-09-09T01:30:43:  ⨯ upstream image response failed for https://dl.harfhesab.com/package-game-season/2026/6/24/1782248879350_se-1.png 404
2026-09-09T01:30:43:  ⨯ upstream image response failed for https://dl.harfhesab.com/package-game-season/2026/6/24/1782249524015_se-3.png 404
2026-09-09T01:30:43:  ⨯ upstream image response failed for https://dl.harfhesab.com/package-game-season/2026/6/24/1782249277422_se-2.png 404
2026-09-09T01:30:46:  ⨯ upstream image response failed for https://dl.harfhesab.com/package-game-icon/2026/6/23/1782177015815_icon.png 404
2026-09-09T01:30:46:  ⨯ upstream image response failed for https://dl.harfhesab.com/package-game-icon/2026/6/28/1782601847822_icon.png 404
2026-09-09T01:30:46:  ⨯ upstream image response failed for https://dl.harfhesab.com/package-game-icon/2026/5/15/1778798659271_icon.png 404
2026-09-09T01:30:46:  ⨯ upstream image response failed for https://dl.harfhesab.com/package-game-icon/2026/5/18/1779095719841_icon.png 404
2026-09-09T01:30:49:  ⨯ upstream image response failed for https://dl.harfhesab.com/package-game-season/2026/8/21/1787317202716_se-7.png 404
2026-09-09T01:30:49:  ⨯ upstream image response failed for https://dl.harfhesab.com/package-game-season/2026/8/21/1787318692470_se-8.png 404
2026-09-09T01:31:01:  ⨯ upstream image response failed for https://dl.harfhesab.com/package-game-season/2026/8/21/1787317202716_se-7.png 404
2026-09-09T01:31:34:  ⨯ upstream image response failed for https://dl.harfhesab.com/package-game-season/2026/5/15/1778799502772_se-1.png 404
2026-09-09T01:31:34:  ⨯ upstream image response failed for https://dl.harfhesab.com/package-game-season/2026/5/18/1779097039936_se-2.png 404
2026-09-09T01:31:34:  ⨯ upstream image response failed for https://dl.harfhesab.com/package-game-icon/2026/5/18/1779095719841_icon.png 404
2026-09-09T01:31:34:  ⨯ upstream image response failed for https://dl.harfhesab.com/package-game-season/2026/5/15/1778834086759_se-3.png 404
2026-09-09T01:31:34:  ⨯ upstream image response failed for https://dl.harfhesab.com/package-game-season/2026/5/15/1778833292531_se-2.png 404
2026-09-09T01:31:34:  ⨯ upstream image response failed for https://dl.harfhesab.com/package-game-icon/2026/5/15/1778798659271_icon.png 404
2026-09-09T01:31:34:  ⨯ upstream image response failed for https://dl.harfhesab.com/package-game-season/2026/5/18/1779096449593_se-1.png 404
2026-09-09T01:31:34:  ⨯ upstream image response failed for https://dl.harfhesab.com/package-game-season/2026/5/18/1779097592819_se-3.png 404
2026-09-09T01:31:35:  ⨯ upstream image response failed for https://dl.harfhesab.com/package-game-season/2026/6/24/1782248879350_se-1.png 404
2026-09-09T01:31:35:  ⨯ upstream image response failed for https://dl.harfhesab.com/package-game-icon/2026/6/23/1782177015815_icon.png 404
2026-09-09T01:31:35:  ⨯ upstream image response failed for https://dl.harfhesab.com/package-game-season/2026/6/24/1782249277422_se-2.png 404
2026-09-09T01:31:35:  ⨯ upstream image response failed for https://dl.harfhesab.com/package-game-season/2026/6/24/1782249524015_se-3.png 404
2026-09-09T01:31:41:  ⨯ upstream image response failed for https://dl.harfhesab.com/package-game-season/2026/8/21/1787318692470_se-8.png 404
2026-09-09T01:31:48:  ⨯ upstream image response failed for https://dl.harfhesab.com/package-game-season/2026/8/21/1787318692470_se-8.png 404
2026-09-09T01:32:20:  ⨯ upstream image response failed for https://dl.harfhesab.com/package-game-season/2026/5/15/1778799502772_se-1.png 404
2026-09-09T01:32:20:  ⨯ upstream image response failed for https://dl.harfhesab.com/package-game-season/2026/5/18/1779097592819_se-3.png 404
2026-09-09T01:32:20:  ⨯ upstream image response failed for https://dl.harfhesab.com/package-game-icon/2026/5/18/1779095719841_icon.png 404
2026-09-09T01:32:20:  ⨯ upstream image response failed for https://dl.harfhesab.com/package-game-season/2026/5/18/1779096449593_se-1.png 404
2026-09-09T01:32:20:  ⨯ upstream image response failed for https://dl.harfhesab.com/package-game-season/2026/5/18/1779097039936_se-2.png 404
2026-09-09T01:32:20:  ⨯ upstream image response failed for https://dl.harfhesab.com/package-game-icon/2026/5/15/1778798659271_icon.png 404
2026-09-09T01:32:20:  ⨯ upstream image response failed for https://dl.harfhesab.com/package-game-season/2026/5/15/1778833292531_se-2.png 404
2026-09-09T01:32:20:  ⨯ upstream image response failed for https://dl.harfhesab.com/package-game-season/2026/6/24/1782248879350_se-1.png 404
2026-09-09T01:32:20:  ⨯ upstream image response failed for https://dl.harfhesab.com/package-game-season/2026/5/15/1778834086759_se-3.png 404
2026-09-09T01:32:20:  ⨯ upstream image response failed for https://dl.harfhesab.com/package-game-icon/2026/6/23/1782177015815_icon.png 404
2026-09-09T01:32:20:  ⨯ upstream image response failed for https://dl.harfhesab.com/package-game-season/2026/6/24/1782249277422_se-2.png 404
2026-09-09T01:32:20:  ⨯ upstream image response failed for https://dl.harfhesab.com/package-game-season/2026/6/24/1782249524015_se-3.png 404
2026-09-09T01:32:22:  ⨯ upstream image response failed for https://dl.harfhesab.com/package-game-icon/2026/6/23/1782177015815_icon.png 404
2026-09-09T01:32:22:  ⨯ upstream image response failed for https://dl.harfhesab.com/package-game-icon/2026/6/28/1782601847822_icon.png 404
2026-09-09T01:32:22:  ⨯ upstream image response failed for https://dl.harfhesab.com/package-game-icon/2026/5/18/1779095719841_icon.png 404
2026-09-09T01:32:22:  ⨯ upstream image response failed for https://dl.harfhesab.com/package-game-icon/2026/5/15/1778798659271_icon.png 404
2026-09-09T01:32:46:  ⨯ upstream image response failed for https://dl.harfhesab.com/package-game-icon/2026/5/18/1779095719841_icon.png 404
2026-09-09T01:32:46:  ⨯ upstream image response failed for https://dl.harfhesab.com/package-game-banner/2026/6/28/1782601849502_nner.png 404
2026-09-09T01:32:46:  ⨯ upstream image response failed for https://dl.harfhesab.com/package-game-banner/2026/5/18/1779095719866_nner.png 404
2026-09-09T01:32:46:  ⨯ upstream image response failed for https://dl.harfhesab.com/package-game-icon/2026/6/23/1782177015815_icon.png 404
2026-09-09T01:32:46:  ⨯ upstream image response failed for https://dl.harfhesab.com/package-game-icon/2026/6/28/1782601847822_icon.png 404
2026-09-09T01:32:46:  ⨯ upstream image response failed for https://dl.harfhesab.com/package-game-banner/2026/6/23/1782177016234_nner.png 404
2026-09-09T01:32:47:  ⨯ upstream image response failed for https://dl.harfhesab.com/package-game-banner/2026/5/15/1778798660901_nner.png 404
2026-09-09T01:32:47:  ⨯ upstream image response failed for https://dl.harfhesab.com/package-game-icon/2026/5/15/1778798659271_icon.png 404
2026-09-09T01:52:34:  ⨯ upstream image response failed for https://dl.harfhesab.com/package-game-banner/2026/6/28/1782601849502_nner.png 404
2026-09-09T01:52:34:  ⨯ upstream image response failed for https://dl.harfhesab.com/package-game-icon/2026/6/28/1782601847822_icon.png 404
2026-09-09T01:53:08:  ⨯ upstream image response failed for https://dl.harfhesab.com/package-game-banner/2026/6/23/1782177016234_nner.png 404
2026-09-09T01:53:08:  ⨯ upstream image response failed for https://dl.harfhesab.com/package-game-icon/2026/6/23/1782177015815_icon.png 404
2026-09-09T01:53:08:  ⨯ upstream image response failed for https://dl.harfhesab.com/package-game-banner/2026/5/15/1778798660901_nner.png 404
2026-09-09T01:53:08:  ⨯ upstream image response failed for https://dl.harfhesab.com/package-game-icon/2026/5/15/1778798659271_icon.png 404
2026-09-09T01:53:08:  ⨯ upstream image response failed for https://dl.harfhesab.com/package-game-banner/2026/5/18/1779095719866_nner.png 404
2026-09-09T01:53:08:  ⨯ upstream image response failed for https://dl.harfhesab.com/package-game-icon/2026/5/18/1779095719841_icon.png 404
2026-09-09T02:02:39:  ⨯ upstream image response failed for https://dl.harfhesab.com/package-game-season/2026/5/18/1779096449593_se-1.png 404
2026-09-09T02:02:39:  ⨯ upstream image response failed for https://dl.harfhesab.com/package-game-season/2026/5/15/1778799502772_se-1.png 404
2026-09-09T02:02:39:  ⨯ upstream image response failed for https://dl.harfhesab.com/package-game-icon/2026/5/15/1778798659271_icon.png 404
2026-09-09T02:02:39:  ⨯ upstream image response failed for https://dl.harfhesab.com/package-game-season/2026/5/15/1778833292531_se-2.png 404
2026-09-09T02:02:39:  ⨯ upstream image response failed for https://dl.harfhesab.com/package-game-season/2026/5/15/1778834086759_se-3.png 404
2026-09-09T02:02:39:  ⨯ upstream image response failed for https://dl.harfhesab.com/package-game-season/2026/5/18/1779097039936_se-2.png 404
2026-09-09T02:02:39:  ⨯ upstream image response failed for https://dl.harfhesab.com/package-game-icon/2026/5/18/1779095719841_icon.png 404
2026-09-09T02:02:39:  ⨯ upstream image response failed for https://dl.harfhesab.com/package-game-season/2026/5/18/1779097592819_se-3.png 404
2026-09-09T02:02:39:  ⨯ upstream image response failed for https://dl.harfhesab.com/package-game-season/2026/6/24/1782249524015_se-3.png 404
2026-09-09T02:02:39:  ⨯ upstream image response failed for https://dl.harfhesab.com/package-game-season/2026/6/24/1782249277422_se-2.png 404
2026-09-09T02:02:39:  ⨯ upstream image response failed for https://dl.harfhesab.com/package-game-icon/2026/6/23/1782177015815_icon.png 404
2026-09-09T02:02:39:  ⨯ upstream image response failed for https://dl.harfhesab.com/package-game-season/2026/6/24/1782248879350_se-1.png 404
2026-09-09T02:02:40:  ⨯ upstream image response failed for https://dl.harfhesab.com/package-game-icon/2026/6/23/1782177015815_icon.png 404
2026-09-09T02:02:41:  ⨯ upstream image response failed for https://dl.harfhesab.com/package-game-icon/2026/5/15/1778798659271_icon.png 404
2026-09-09T02:02:41:  ⨯ upstream image response failed for https://dl.harfhesab.com/package-game-icon/2026/5/18/1779095719841_icon.png 404
2026-09-09T02:02:46:  ⨯ upstream image response failed for https://dl.harfhesab.com/package-game-icon/2026/6/28/1782601847822_icon.png 404
2026-09-09T02:02:46:  ⨯ upstream image response failed for https://dl.harfhesab.com/package-game-season/2026/6/28/1782603643684_se-1.png 404
2026-09-09T02:02:46:  ⨯ upstream image response failed for https://dl.harfhesab.com/package-game-season/2026/6/28/1782604060714_se-3.png 404
2026-09-09T02:02:46:  ⨯ upstream image response failed for https://dl.harfhesab.com/package-game-season/2026/6/28/1782604514775_se-5.png 404
2026-09-09T02:02:46:  ⨯ upstream image response failed for https://dl.harfhesab.com/package-game-season/2026/6/28/1782603899524_se-2.png 404
2026-09-09T02:02:46:  ⨯ upstream image response failed for https://dl.harfhesab.com/package-game-season/2026/6/28/1782604289318_se-4.png 404
2026-09-09T02:02:46:  ⨯ upstream image response failed for https://dl.harfhesab.com/package-game-season/2026/6/28/1782604641570_se-6.png 404
2026-09-09T02:02:51:  ⨯ upstream image response failed for https://dl.harfhesab.com/package-game-season/2026/6/28/1782603643684_se-1.png 404
2026-09-09T02:02:51:  ⨯ upstream image response failed for https://dl.harfhesab.com/package-game-icon/2026/6/28/1782601847822_icon.png 404
2026-09-09T02:03:10:  ⨯ upstream image response failed for https://dl.harfhesab.com/package-game-season/2026/5/15/1778799502772_se-1.png 404
2026-09-09T02:03:11:  ⨯ upstream image response failed for https://dl.harfhesab.com/package-game-season/2026/5/18/1779097592819_se-3.png 404
2026-09-09T02:03:11:  ⨯ upstream image response failed for https://dl.harfhesab.com/package-game-season/2026/5/18/1779096449593_se-1.png 404
2026-09-09T02:03:11:  ⨯ upstream image response failed for https://dl.harfhesab.com/package-game-season/2026/5/15/1778833292531_se-2.png 404
2026-09-09T02:03:11:  ⨯ upstream image response failed for https://dl.harfhesab.com/package-game-icon/2026/5/15/1778798659271_icon.png 404
2026-09-09T02:03:11:  ⨯ upstream image response failed for https://dl.harfhesab.com/package-game-season/2026/5/15/1778834086759_se-3.png 404
2026-09-09T02:03:11:  ⨯ upstream image response failed for https://dl.harfhesab.com/package-game-icon/2026/5/18/1779095719841_icon.png 404
2026-09-09T02:03:11:  ⨯ upstream image response failed for https://dl.harfhesab.com/package-game-season/2026/5/18/1779097039936_se-2.png 404
2026-09-09T02:03:11:  ⨯ upstream image response failed for https://dl.harfhesab.com/package-game-season/2026/6/24/1782248879350_se-1.png 404
2026-09-09T02:03:11:  ⨯ upstream image response failed for https://dl.harfhesab.com/package-game-season/2026/6/24/1782249277422_se-2.png 404
2026-09-09T02:03:11:  ⨯ upstream image response failed for https://dl.harfhesab.com/package-game-icon/2026/6/23/1782177015815_icon.png 404
2026-09-09T02:03:11:  ⨯ upstream image response failed for https://dl.harfhesab.com/package-game-season/2026/6/24/1782249524015_se-3.png 404
2026-09-09T02:03:12:  ⨯ upstream image response failed for https://dl.harfhesab.com/package-game-icon/2026/5/18/1779095719841_icon.png 404
2026-09-09T02:03:12:  ⨯ upstream image response failed for https://dl.harfhesab.com/package-game-icon/2026/6/23/1782177015815_icon.png 404
2026-09-09T02:03:12:  ⨯ upstream image response failed for https://dl.harfhesab.com/package-game-icon/2026/5/15/1778798659271_icon.png 404
2026-09-09T02:03:15:  ⨯ upstream image response failed for https://dl.harfhesab.com/package-game-icon/2026/6/28/1782601847822_icon.png 404
2026-09-09T02:03:15:  ⨯ upstream image response failed for https://dl.harfhesab.com/package-game-season/2026/6/28/1782604060714_se-3.png 404
2026-09-09T02:03:15:  ⨯ upstream image response failed for https://dl.harfhesab.com/package-game-season/2026/6/28/1782603899524_se-2.png 404
2026-09-09T02:03:16:  ⨯ upstream image response failed for https://dl.harfhesab.com/package-game-season/2026/6/28/1782604641570_se-6.png 404
2026-09-09T02:03:16:  ⨯ upstream image response failed for https://dl.harfhesab.com/package-game-season/2026/6/28/1782604289318_se-4.png 404
2026-09-09T02:03:16:  ⨯ upstream image response failed for https://dl.harfhesab.com/package-game-season/2026/6/28/1782604514775_se-5.png 404
2026-09-09T02:03:19:  ⨯ upstream image response failed for https://dl.harfhesab.com/package-game-icon/2026/6/28/1782601847822_icon.png 404
2026-09-09T02:03:19:  ⨯ upstream image response failed for https://dl.harfhesab.com/package-game-season/2026/6/28/1782603899524_se-2.png 404
2026-09-09T02:03:39:  ⨯ upstream image response failed for https://dl.harfhesab.com/package-game-season/2026/5/15/1778799502772_se-1.png 404
2026-09-09T02:03:39:  ⨯ upstream image response failed for https://dl.harfhesab.com/package-game-season/2026/5/18/1779097592819_se-3.png 404
2026-09-09T02:03:39:  ⨯ upstream image response failed for https://dl.harfhesab.com/package-game-season/2026/5/18/1779096449593_se-1.png 404
2026-09-09T02:03:39:  ⨯ upstream image response failed for https://dl.harfhesab.com/package-game-icon/2026/5/18/1779095719841_icon.png 404
2026-09-09T02:03:39:  ⨯ upstream image response failed for https://dl.harfhesab.com/package-game-icon/2026/5/15/1778798659271_icon.png 404
2026-09-09T02:03:39:  ⨯ upstream image response failed for https://dl.harfhesab.com/package-game-season/2026/5/15/1778833292531_se-2.png 404
2026-09-09T02:03:39:  ⨯ upstream image response failed for https://dl.harfhesab.com/package-game-season/2026/5/15/1778834086759_se-3.png 404
2026-09-09T02:03:39:  ⨯ upstream image response failed for https://dl.harfhesab.com/package-game-season/2026/6/24/1782248879350_se-1.png 404
2026-09-09T02:03:39:  ⨯ upstream image response failed for https://dl.harfhesab.com/package-game-season/2026/5/18/1779097039936_se-2.png 404
2026-09-09T02:03:39:  ⨯ upstream image response failed for https://dl.harfhesab.com/package-game-icon/2026/6/23/1782177015815_icon.png 404
2026-09-09T02:03:39:  ⨯ upstream image response failed for https://dl.harfhesab.com/package-game-season/2026/6/24/1782249277422_se-2.png 404
2026-09-09T02:03:39:  ⨯ upstream image response failed for https://dl.harfhesab.com/package-game-season/2026/6/24/1782249524015_se-3.png 404
2026-09-09T02:03:44:  ⨯ upstream image response failed for https://dl.harfhesab.com/package-game-icon/2026/6/23/1782177015815_icon.png 404
2026-09-09T02:03:44:  ⨯ upstream image response failed for https://dl.harfhesab.com/package-game-icon/2026/5/18/1779095719841_icon.png 404
2026-09-09T02:03:44:  ⨯ upstream image response failed for https://dl.harfhesab.com/package-game-icon/2026/5/15/1778798659271_icon.png 404
2026-09-09T02:03:47:  ⨯ upstream image response failed for https://dl.harfhesab.com/package-game-season/2026/6/28/1782604060714_se-3.png 404
2026-09-09T02:03:47:  ⨯ upstream image response failed for https://dl.harfhesab.com/package-game-icon/2026/6/28/1782601847822_icon.png 404
2026-09-09T02:03:47:  ⨯ upstream image response failed for https://dl.harfhesab.com/package-game-season/2026/6/28/1782604514775_se-5.png 404
2026-09-09T02:03:47:  ⨯ upstream image response failed for https://dl.harfhesab.com/package-game-season/2026/6/28/1782604289318_se-4.png 404
2026-09-09T02:03:47:  ⨯ upstream image response failed for https://dl.harfhesab.com/package-game-season/2026/6/28/1782604641570_se-6.png 404
2026-09-09T02:03:54:  ⨯ upstream image response failed for https://dl.harfhesab.com/package-game-season/2026/6/28/1782604060714_se-3.png 404
2026-09-09T02:03:54:  ⨯ upstream image response failed for https://dl.harfhesab.com/package-game-icon/2026/6/28/1782601847822_icon.png 404
2026-09-09T02:04:26:  ⨯ upstream image response failed for https://dl.harfhesab.com/package-game-season/2026/5/15/1778799502772_se-1.png 404
2026-09-09T02:04:26:  ⨯ upstream image response failed for https://dl.harfhesab.com/package-game-season/2026/5/18/1779097039936_se-2.png 404
2026-09-09T02:04:27:  ⨯ upstream image response failed for https://dl.harfhesab.com/package-game-icon/2026/5/15/1778798659271_icon.png 404
2026-09-09T02:04:27:  ⨯ upstream image response failed for https://dl.harfhesab.com/package-game-season/2026/5/15/1778833292531_se-2.png 404
2026-09-09T02:04:27:  ⨯ upstream image response failed for https://dl.harfhesab.com/package-game-season/2026/5/18/1779096449593_se-1.png 404
2026-09-09T02:04:27:  ⨯ upstream image response failed for https://dl.harfhesab.com/package-game-season/2026/5/18/1779097592819_se-3.png 404
2026-09-09T02:04:27:  ⨯ upstream image response failed for https://dl.harfhesab.com/package-game-icon/2026/5/18/1779095719841_icon.png 404
2026-09-09T02:04:27:  ⨯ upstream image response failed for https://dl.harfhesab.com/package-game-season/2026/5/15/1778834086759_se-3.png 404
2026-09-09T02:04:27:  ⨯ upstream image response failed for https://dl.harfhesab.com/package-game-season/2026/6/24/1782248879350_se-1.png 404
2026-09-09T02:04:27:  ⨯ upstream image response failed for https://dl.harfhesab.com/package-game-icon/2026/6/23/1782177015815_icon.png 404
2026-09-09T02:04:27:  ⨯ upstream image response failed for https://dl.harfhesab.com/package-game-season/2026/6/24/1782249277422_se-2.png 404
2026-09-09T02:04:27:  ⨯ upstream image response failed for https://dl.harfhesab.com/package-game-season/2026/6/24/1782249524015_se-3.png 404
2026-09-09T02:04:37:  ⨯ upstream image response failed for https://dl.harfhesab.com/package-game-icon/2026/5/18/1779095719841_icon.png 404
2026-09-09T02:04:37:  ⨯ upstream image response failed for https://dl.harfhesab.com/package-game-icon/2026/5/15/1778798659271_icon.png 404
2026-09-09T02:04:37:  ⨯ upstream image response failed for https://dl.harfhesab.com/package-game-icon/2026/6/23/1782177015815_icon.png 404
2026-09-09T02:04:42:  ⨯ upstream image response failed for https://dl.harfhesab.com/package-game-icon/2026/6/28/1782601847822_icon.png 404
2026-09-09T02:04:42:  ⨯ upstream image response failed for https://dl.harfhesab.com/package-game-season/2026/6/28/1782604289318_se-4.png 404
2026-09-09T02:04:42:  ⨯ upstream image response failed for https://dl.harfhesab.com/package-game-season/2026/6/28/1782604641570_se-6.png 404
2026-09-09T02:04:42:  ⨯ upstream image response failed for https://dl.harfhesab.com/package-game-season/2026/6/28/1782604514775_se-5.png 404
2026-09-09T02:04:47:  ⨯ upstream image response failed for https://dl.harfhesab.com/package-game-icon/2026/6/28/1782601847822_icon.png 404
2026-09-09T02:04:47:  ⨯ upstream image response failed for https://dl.harfhesab.com/package-game-season/2026/6/28/1782604289318_se-4.png 404
2026-09-09T02:05:13:  ⨯ upstream image response failed for https://dl.harfhesab.com/package-game-season/2026/5/15/1778799502772_se-1.png 404
2026-09-09T02:05:13:  ⨯ upstream image response failed for https://dl.harfhesab.com/package-game-season/2026/5/18/1779097592819_se-3.png 404
2026-09-09T02:05:13:  ⨯ upstream image response failed for https://dl.harfhesab.com/package-game-icon/2026/5/15/1778798659271_icon.png 404
2026-09-09T02:05:13:  ⨯ upstream image response failed for https://dl.harfhesab.com/package-game-season/2026/5/15/1778834086759_se-3.png 404
2026-09-09T02:05:13:  ⨯ upstream image response failed for https://dl.harfhesab.com/package-game-season/2026/5/18/1779097039936_se-2.png 404
2026-09-09T02:05:13:  ⨯ upstream image response failed for https://dl.harfhesab.com/package-game-season/2026/5/15/1778833292531_se-2.png 404
2026-09-09T02:05:13:  ⨯ upstream image response failed for https://dl.harfhesab.com/package-game-season/2026/6/24/1782248879350_se-1.png 404
2026-09-09T02:05:13:  ⨯ upstream image response failed for https://dl.harfhesab.com/package-game-season/2026/6/24/1782249277422_se-2.png 404
2026-09-09T02:05:13:  ⨯ upstream image response failed for https://dl.harfhesab.com/package-game-icon/2026/6/23/1782177015815_icon.png 404
2026-09-09T02:05:13:  ⨯ upstream image response failed for https://dl.harfhesab.com/package-game-season/2026/6/24/1782249524015_se-3.png 404
2026-09-09T02:05:13:  ⨯ upstream image response failed for https://dl.harfhesab.com/package-game-season/2026/5/18/1779096449593_se-1.png 404
2026-09-09T02:05:15:  ⨯ upstream image response failed for https://dl.harfhesab.com/package-game-icon/2026/5/18/1779095719841_icon.png 404
2026-09-09T02:05:15:  ⨯ upstream image response failed for https://dl.harfhesab.com/package-game-icon/2026/6/23/1782177015815_icon.png 404
2026-09-09T02:05:16:  ⨯ upstream image response failed for https://dl.harfhesab.com/package-game-icon/2026/5/18/1779095719841_icon.png 404
2026-09-09T02:05:16:  ⨯ upstream image response failed for https://dl.harfhesab.com/package-game-icon/2026/5/15/1778798659271_icon.png 404
2026-09-09T02:05:18:  ⨯ upstream image response failed for https://dl.harfhesab.com/package-game-icon/2026/6/28/1782601847822_icon.png 404
2026-09-09T02:05:18:  ⨯ upstream image response failed for https://dl.harfhesab.com/package-game-season/2026/6/28/1782604641570_se-6.png 404
2026-09-09T02:05:18:  ⨯ upstream image response failed for https://dl.harfhesab.com/package-game-season/2026/6/28/1782604514775_se-5.png 404
2026-09-09T02:05:33:  ⨯ upstream image response failed for https://dl.harfhesab.com/package-game-icon/2026/5/18/1779095719841_icon.png 404
2026-09-09T02:05:33:  ⨯ upstream image response failed for https://dl.harfhesab.com/package-game-icon/2026/6/23/1782177015815_icon.png 404
2026-09-09T02:05:33:  ⨯ upstream image response failed for https://dl.harfhesab.com/package-game-icon/2026/5/15/1778798659271_icon.png 404
2026-09-09T02:05:43:  ⨯ upstream image response failed for https://dl.harfhesab.com/package-game-icon/2026/5/18/1779095719841_icon.png 404
2026-09-09T02:05:43:  ⨯ upstream image response failed for https://dl.harfhesab.com/package-game-icon/2026/6/23/1782177015815_icon.png 404
2026-09-09T02:05:43:  ⨯ upstream image response failed for https://dl.harfhesab.com/package-game-icon/2026/5/15/1778798659271_icon.png 404
2026-09-09T02:05:46:  ⨯ upstream image response failed for https://dl.harfhesab.com/package-game-season/2026/6/28/1782604641570_se-6.png 404
2026-09-09T02:05:46:  ⨯ upstream image response failed for https://dl.harfhesab.com/package-game-season/2026/6/28/1782604514775_se-5.png 404
2026-09-09T02:05:46:  ⨯ upstream image response failed for https://dl.harfhesab.com/package-game-icon/2026/6/28/1782601847822_icon.png 404
2026-09-09T02:05:50:  ⨯ upstream image response failed for https://dl.harfhesab.com/package-game-icon/2026/6/23/1782177015815_icon.png 404
2026-09-09T02:05:50:  ⨯ upstream image response failed for https://dl.harfhesab.com/package-game-banner/2026/6/23/1782177016234_nner.png 404
2026-09-09T02:05:50:  ⨯ upstream image response failed for https://dl.harfhesab.com/package-game-icon/2026/5/18/1779095719841_icon.png 404
2026-09-09T02:05:50:  ⨯ upstream image response failed for https://dl.harfhesab.com/package-game-banner/2026/5/18/1779095719866_nner.png 404
2026-09-09T02:05:50:  ⨯ upstream image response failed for https://dl.harfhesab.com/package-game-icon/2026/5/15/1778798659271_icon.png 404
2026-09-09T02:05:51:  ⨯ upstream image response failed for https://dl.harfhesab.com/package-game-banner/2026/5/15/1778798660901_nner.png 404
2026-09-09T02:06:06:  ⨯ upstream image response failed for https://dl.harfhesab.com/package-game-season/2026/5/15/1778834086759_se-3.png 404
2026-09-09T02:06:06:  ⨯ upstream image response failed for https://dl.harfhesab.com/package-game-icon/2026/5/15/1778798659271_icon.png 404
2026-09-09T02:06:06:  ⨯ upstream image response failed for https://dl.harfhesab.com/package-game-season/2026/5/18/1779096449593_se-1.png 404
2026-09-09T02:06:06:  ⨯ upstream image response failed for https://dl.harfhesab.com/package-game-season/2026/5/15/1778833292531_se-2.png 404
2026-09-09T02:06:06:  ⨯ upstream image response failed for https://dl.harfhesab.com/package-game-icon/2026/5/18/1779095719841_icon.png 404
2026-09-09T02:06:06:  ⨯ upstream image response failed for https://dl.harfhesab.com/package-game-season/2026/5/15/1778799502772_se-1.png 404
2026-09-09T02:06:07:  ⨯ upstream image response failed for https://dl.harfhesab.com/package-game-season/2026/5/18/1779097039936_se-2.png 404
2026-09-09T02:06:07:  ⨯ upstream image response failed for https://dl.harfhesab.com/package-game-season/2026/5/18/1779097592819_se-3.png 404
2026-09-09T02:06:07:  ⨯ upstream image response failed for https://dl.harfhesab.com/package-game-icon/2026/6/23/1782177015815_icon.png 404
2026-09-09T02:06:07:  ⨯ upstream image response failed for https://dl.harfhesab.com/package-game-season/2026/6/24/1782249277422_se-2.png 404
2026-09-09T02:06:07:  ⨯ upstream image response failed for https://dl.harfhesab.com/package-game-season/2026/6/24/1782249524015_se-3.png 404
2026-09-09T02:06:07:  ⨯ upstream image response failed for https://dl.harfhesab.com/package-game-season/2026/6/24/1782248879350_se-1.png 404
2026-09-09T02:06:27:  ⨯ upstream image response failed for https://dl.harfhesab.com/package-game-icon/2026/5/18/1779095719841_icon.png 404
2026-09-09T02:06:27:  ⨯ upstream image response failed for https://dl.harfhesab.com/package-game-icon/2026/5/15/1778798659271_icon.png 404
2026-09-09T02:06:27:  ⨯ upstream image response failed for https://dl.harfhesab.com/package-game-icon/2026/6/23/1782177015815_icon.png 404
2026-09-09T02:06:31:  ⨯ upstream image response failed for https://dl.harfhesab.com/package-game-icon/2026/6/28/1782601847822_icon.png 404
2026-09-09T02:06:31:  ⨯ upstream image response failed for https://dl.harfhesab.com/package-game-season/2026/6/28/1782604514775_se-5.png 404
2026-09-09T02:06:31:  ⨯ upstream image response failed for https://dl.harfhesab.com/package-game-season/2026/6/28/1782604641570_se-6.png 404
2026-09-09T02:07:09:  ⨯ upstream image response failed for https://dl.harfhesab.com/package-game-season/2026/5/15/1778833292531_se-2.png 404
2026-09-09T02:07:09:  ⨯ upstream image response failed for https://dl.harfhesab.com/package-game-season/2026/5/15/1778834086759_se-3.png 404
2026-09-09T02:07:09:  ⨯ upstream image response failed for https://dl.harfhesab.com/package-game-season/2026/5/18/1779096449593_se-1.png 404
2026-09-09T02:07:09:  ⨯ upstream image response failed for https://dl.harfhesab.com/package-game-season/2026/5/18/1779097039936_se-2.png 404
2026-09-09T02:07:09:  ⨯ upstream image response failed for https://dl.harfhesab.com/package-game-icon/2026/5/18/1779095719841_icon.png 404
2026-09-09T02:07:09:  ⨯ upstream image response failed for https://dl.harfhesab.com/package-game-season/2026/5/18/1779097592819_se-3.png 404
2026-09-09T02:07:09:  ⨯ upstream image response failed for https://dl.harfhesab.com/package-game-icon/2026/5/15/1778798659271_icon.png 404
2026-09-09T02:07:09:  ⨯ upstream image response failed for https://dl.harfhesab.com/package-game-season/2026/5/15/1778799502772_se-1.png 404
2026-09-09T02:07:09:  ⨯ upstream image response failed for https://dl.harfhesab.com/package-game-season/2026/6/24/1782248879350_se-1.png 404
2026-09-09T02:07:09:  ⨯ upstream image response failed for https://dl.harfhesab.com/package-game-season/2026/6/24/1782249277422_se-2.png 404
2026-09-09T02:07:09:  ⨯ upstream image response failed for https://dl.harfhesab.com/package-game-icon/2026/6/23/1782177015815_icon.png 404
2026-09-09T02:07:09:  ⨯ upstream image response failed for https://dl.harfhesab.com/package-game-season/2026/6/24/1782249524015_se-3.png 404
2026-09-09T02:07:11:  ⨯ upstream image response failed for https://dl.harfhesab.com/package-game-icon/2026/6/23/1782177015815_icon.png 404
2026-09-09T02:07:11:  ⨯ upstream image response failed for https://dl.harfhesab.com/package-game-icon/2026/5/18/1779095719841_icon.png 404
2026-09-09T02:07:11:  ⨯ upstream image response failed for https://dl.harfhesab.com/package-game-icon/2026/5/15/1778798659271_icon.png 404
2026-09-09T02:07:16:  ⨯ upstream image response failed for https://dl.harfhesab.com/package-game-season/2026/6/28/1782604514775_se-5.png 404
2026-09-09T02:07:16:  ⨯ upstream image response failed for https://dl.harfhesab.com/package-game-season/2026/6/28/1782604641570_se-6.png 404
2026-09-09T02:07:52:  ⨯ upstream image response failed for https://dl.harfhesab.com/package-game-season/2026/6/28/1782604514775_se-5.png 404
2026-09-09T02:08:19:  ⨯ upstream image response failed for https://dl.harfhesab.com/package-game-season/2026/5/15/1778799502772_se-1.png 404
2026-09-09T02:08:19:  ⨯ upstream image response failed for https://dl.harfhesab.com/package-game-season/2026/5/18/1779097592819_se-3.png 404
2026-09-09T02:08:19:  ⨯ upstream image response failed for https://dl.harfhesab.com/package-game-season/2026/5/18/1779097039936_se-2.png 404
2026-09-09T02:08:19:  ⨯ upstream image response failed for https://dl.harfhesab.com/package-game-season/2026/5/15/1778834086759_se-3.png 404
2026-09-09T02:08:19:  ⨯ upstream image response failed for https://dl.harfhesab.com/package-game-icon/2026/5/15/1778798659271_icon.png 404
2026-09-09T02:08:19:  ⨯ upstream image response failed for https://dl.harfhesab.com/package-game-season/2026/5/15/1778833292531_se-2.png 404
2026-09-09T02:08:19:  ⨯ upstream image response failed for https://dl.harfhesab.com/package-game-icon/2026/5/18/1779095719841_icon.png 404
2026-09-09T02:08:19:  ⨯ upstream image response failed for https://dl.harfhesab.com/package-game-season/2026/6/24/1782248879350_se-1.png 404
2026-09-09T02:08:19:  ⨯ upstream image response failed for https://dl.harfhesab.com/package-game-icon/2026/6/23/1782177015815_icon.png 404
2026-09-09T02:08:20:  ⨯ upstream image response failed for https://dl.harfhesab.com/package-game-season/2026/5/18/1779096449593_se-1.png 404
2026-09-09T02:08:20:  ⨯ upstream image response failed for https://dl.harfhesab.com/package-game-season/2026/6/24/1782249277422_se-2.png 404
2026-09-09T02:08:20:  ⨯ upstream image response failed for https://dl.harfhesab.com/package-game-season/2026/6/24/1782249524015_se-3.png 404
2026-09-09T02:08:21:  ⨯ upstream image response failed for https://dl.harfhesab.com/package-game-icon/2026/6/23/1782177015815_icon.png 404
2026-09-09T02:08:21:  ⨯ upstream image response failed for https://dl.harfhesab.com/package-game-icon/2026/5/18/1779095719841_icon.png 404
2026-09-09T02:08:22:  ⨯ upstream image response failed for https://dl.harfhesab.com/package-game-icon/2026/5/15/1778798659271_icon.png 404
2026-09-09T02:08:24:  ⨯ upstream image response failed for https://dl.harfhesab.com/package-game-season/2026/6/28/1782604641570_se-6.png 404
2026-09-09T02:08:40:  ⨯ upstream image response failed for https://dl.harfhesab.com/package-game-season/2026/6/28/1782604641570_se-6.png 404
2026-09-09T02:09:03:  ⨯ upstream image response failed for https://dl.harfhesab.com/package-game-season/2026/5/15/1778799502772_se-1.png 404
2026-09-09T02:09:03:  ⨯ upstream image response failed for https://dl.harfhesab.com/package-game-season/2026/5/18/1779097039936_se-2.png 404
2026-09-09T02:09:03:  ⨯ upstream image response failed for https://dl.harfhesab.com/package-game-icon/2026/5/15/1778798659271_icon.png 404
2026-09-09T02:09:03:  ⨯ upstream image response failed for https://dl.harfhesab.com/package-game-season/2026/5/15/1778833292531_se-2.png 404
2026-09-09T02:09:03:  ⨯ upstream image response failed for https://dl.harfhesab.com/package-game-icon/2026/5/18/1779095719841_icon.png 404
2026-09-09T02:09:03:  ⨯ upstream image response failed for https://dl.harfhesab.com/package-game-season/2026/5/15/1778834086759_se-3.png 404
2026-09-09T02:09:03:  ⨯ upstream image response failed for https://dl.harfhesab.com/package-game-season/2026/5/18/1779096449593_se-1.png 404
2026-09-09T02:09:03:  ⨯ upstream image response failed for https://dl.harfhesab.com/package-game-season/2026/5/18/1779097592819_se-3.png 404
2026-09-09T02:09:03:  ⨯ upstream image response failed for https://dl.harfhesab.com/package-game-season/2026/6/24/1782248879350_se-1.png 404
2026-09-09T02:09:03:  ⨯ upstream image response failed for https://dl.harfhesab.com/package-game-icon/2026/6/23/1782177015815_icon.png 404
2026-09-09T02:09:04:  ⨯ upstream image response failed for https://dl.harfhesab.com/package-game-season/2026/6/24/1782249277422_se-2.png 404
2026-09-09T02:09:04:  ⨯ upstream image response failed for https://dl.harfhesab.com/package-game-season/2026/6/24/1782249524015_se-3.png 404
2026-09-09T02:09:23:  ⨯ upstream image response failed for https://dl.harfhesab.com/package-game-icon/2026/6/23/1782177015815_icon.png 404
2026-09-09T02:09:24:  ⨯ upstream image response failed for https://dl.harfhesab.com/package-game-banner/2026/6/23/1782177016234_nner.png 404
2026-09-09T02:09:24:  ⨯ upstream image response failed for https://dl.harfhesab.com/package-game-icon/2026/5/15/1778798659271_icon.png 404
2026-09-09T02:09:24:  ⨯ upstream image response failed for https://dl.harfhesab.com/package-game-banner/2026/5/18/1779095719866_nner.png 404
2026-09-09T02:09:24:  ⨯ upstream image response failed for https://dl.harfhesab.com/package-game-icon/2026/5/18/1779095719841_icon.png 404
2026-09-09T02:09:24:  ⨯ upstream image response failed for https://dl.harfhesab.com/package-game-banner/2026/5/15/1778798660901_nner.png 404
2026-09-09T02:16:00:  ⨯ upstream image response failed for https://dl.harfhesab.com/package-game-banner/2026/6/23/1782177016234_nner.png 404
2026-09-09T02:16:00:  ⨯ upstream image response failed for https://dl.harfhesab.com/package-game-icon/2026/6/23/1782177015815_icon.png 404
2026-09-09T02:16:32:  ⨯ upstream image response failed for https://dl.harfhesab.com/package-game-icon/2026/5/18/1779095719841_icon.png 404
2026-09-09T02:16:32:  ⨯ upstream image response failed for https://dl.harfhesab.com/package-game-banner/2026/5/15/1778798660901_nner.png 404
2026-09-09T02:16:32:  ⨯ upstream image response failed for https://dl.harfhesab.com/package-game-banner/2026/5/18/1779095719866_nner.png 404
2026-09-09T02:16:32:  ⨯ upstream image response failed for https://dl.harfhesab.com/package-game-icon/2026/5/15/1778798659271_icon.png 404
2026-09-09T02:16:47:  ⨯ upstream image response failed for https://dl.harfhesab.com/package-game-icon/2026/5/15/1778798659271_icon.png 404
2026-09-09T02:16:47:  ⨯ upstream image response failed for https://dl.harfhesab.com/package-game-season/2026/5/15/1778833292531_se-2.png 404
2026-09-09T02:16:47:  ⨯ upstream image response failed for https://dl.harfhesab.com/package-game-season/2026/5/15/1778799502772_se-1.png 404
2026-09-09T02:16:47:  ⨯ upstream image response failed for https://dl.harfhesab.com/package-game-season/2026/5/15/1778834086759_se-3.png 404
2026-09-09T02:16:47:  ⨯ upstream image response failed for https://dl.harfhesab.com/package-game-icon/2026/5/18/1779095719841_icon.png 404
2026-09-09T02:16:47:  ⨯ upstream image response failed for https://dl.harfhesab.com/package-game-season/2026/5/18/1779096449593_se-1.png 404
2026-09-09T02:16:47:  ⨯ upstream image response failed for https://dl.harfhesab.com/package-game-season/2026/5/18/1779097039936_se-2.png 404
2026-09-09T02:16:47:  ⨯ upstream image response failed for https://dl.harfhesab.com/package-game-season/2026/5/18/1779097592819_se-3.png 404
2026-09-09T02:16:47:  ⨯ upstream image response failed for https://dl.harfhesab.com/package-game-season/2026/6/24/1782248879350_se-1.png 404
2026-09-09T02:16:47:  ⨯ upstream image response failed for https://dl.harfhesab.com/package-game-season/2026/6/24/1782249277422_se-2.png 404
2026-09-09T02:16:47:  ⨯ upstream image response failed for https://dl.harfhesab.com/package-game-icon/2026/6/23/1782177015815_icon.png 404
2026-09-09T02:16:47:  ⨯ upstream image response failed for https://dl.harfhesab.com/package-game-season/2026/6/24/1782249524015_se-3.png 404
2026-09-09T02:16:49:  ⨯ upstream image response failed for https://dl.harfhesab.com/package-game-icon/2026/5/18/1779095719841_icon.png 404
2026-09-09T02:16:49:  ⨯ upstream image response failed for https://dl.harfhesab.com/package-game-icon/2026/5/15/1778798659271_icon.png 404
2026-09-09T02:16:52:  ⨯ upstream image response failed for https://dl.harfhesab.com/package-game-icon/2026/6/23/1782177015815_icon.png 404
2026-09-09T02:16:52:  ⨯ upstream image response failed for https://dl.harfhesab.com/package-game-season/2026/6/24/1782248879350_se-1.png 404
2026-09-09T02:16:53:  ⨯ upstream image response failed for https://dl.harfhesab.com/package-game-season/2026/6/24/1782249524015_se-3.png 404
2026-09-09T02:16:53:  ⨯ upstream image response failed for https://dl.harfhesab.com/package-game-season/2026/6/24/1782249277422_se-2.png 404
2026-09-09T02:17:26:  ⨯ upstream image response failed for https://dl.harfhesab.com/package-game-season/2026/6/24/1782248879350_se-1.png 404
2026-09-09T02:17:27:  ⨯ upstream image response failed for https://dl.harfhesab.com/package-game-icon/2026/6/23/1782177015815_icon.png 404
2026-09-09T02:17:43:  ⨯ upstream image response failed for https://dl.harfhesab.com/package-game-season/2026/5/15/1778799502772_se-1.png 404
2026-09-09T02:17:43:  ⨯ upstream image response failed for https://dl.harfhesab.com/package-game-season/2026/5/18/1779097039936_se-2.png 404
2026-09-09T02:17:43:  ⨯ upstream image response failed for https://dl.harfhesab.com/package-game-season/2026/5/18/1779096449593_se-1.png 404
2026-09-09T02:17:43:  ⨯ upstream image response failed for https://dl.harfhesab.com/package-game-icon/2026/5/18/1779095719841_icon.png 404
2026-09-09T02:17:43:  ⨯ upstream image response failed for https://dl.harfhesab.com/package-game-season/2026/5/15/1778834086759_se-3.png 404
2026-09-09T02:17:43:  ⨯ upstream image response failed for https://dl.harfhesab.com/package-game-season/2026/5/15/1778833292531_se-2.png 404
2026-09-09T02:17:43:  ⨯ upstream image response failed for https://dl.harfhesab.com/package-game-icon/2026/5/15/1778798659271_icon.png 404
2026-09-09T02:17:43:  ⨯ upstream image response failed for https://dl.harfhesab.com/package-game-season/2026/5/18/1779097592819_se-3.png 404
2026-09-09T02:17:43:  ⨯ upstream image response failed for https://dl.harfhesab.com/package-game-icon/2026/6/23/1782177015815_icon.png 404
2026-09-09T02:17:43:  ⨯ upstream image response failed for https://dl.harfhesab.com/package-game-season/2026/6/24/1782249277422_se-2.png 404
2026-09-09T02:17:43:  ⨯ upstream image response failed for https://dl.harfhesab.com/package-game-season/2026/6/24/1782249524015_se-3.png 404
2026-09-09T02:17:57:  ⨯ upstream image response failed for https://dl.harfhesab.com/package-game-icon/2026/5/18/1779095719841_icon.png 404
2026-09-09T02:17:58:  ⨯ upstream image response failed for https://dl.harfhesab.com/package-game-icon/2026/5/15/1778798659271_icon.png 404
2026-09-09T02:18:02:  ⨯ upstream image response failed for https://dl.harfhesab.com/package-game-season/2026/6/24/1782249524015_se-3.png 404
2026-09-09T02:18:02:  ⨯ upstream image response failed for https://dl.harfhesab.com/package-game-season/2026/6/24/1782249277422_se-2.png 404
2026-09-09T02:18:06:  ⨯ upstream image response failed for https://dl.harfhesab.com/package-game-season/2026/6/24/1782249277422_se-2.png 404
2026-09-09T02:18:25:  ⨯ upstream image response failed for https://dl.harfhesab.com/package-game-season/2026/5/15/1778799502772_se-1.png 404
2026-09-09T02:18:25:  ⨯ upstream image response failed for https://dl.harfhesab.com/package-game-season/2026/5/18/1779097592819_se-3.png 404
2026-09-09T02:18:25:  ⨯ upstream image response failed for https://dl.harfhesab.com/package-game-season/2026/5/15/1778833292531_se-2.png 404
2026-09-09T02:18:25:  ⨯ upstream image response failed for https://dl.harfhesab.com/package-game-icon/2026/5/18/1779095719841_icon.png 404
2026-09-09T02:18:25:  ⨯ upstream image response failed for https://dl.harfhesab.com/package-game-icon/2026/5/15/1778798659271_icon.png 404
2026-09-09T02:18:25:  ⨯ upstream image response failed for https://dl.harfhesab.com/package-game-season/2026/5/15/1778834086759_se-3.png 404
2026-09-09T02:18:25:  ⨯ upstream image response failed for https://dl.harfhesab.com/package-game-season/2026/5/18/1779096449593_se-1.png 404
2026-09-09T02:18:25:  ⨯ upstream image response failed for https://dl.harfhesab.com/package-game-season/2026/6/24/1782249524015_se-3.png 404
2026-09-09T02:18:25:  ⨯ upstream image response failed for https://dl.harfhesab.com/package-game-season/2026/5/18/1779097039936_se-2.png 404
2026-09-09T02:18:27:  ⨯ upstream image response failed for https://dl.harfhesab.com/package-game-icon/2026/5/18/1779095719841_icon.png 404
2026-09-09T02:18:27:  ⨯ upstream image response failed for https://dl.harfhesab.com/package-game-icon/2026/5/15/1778798659271_icon.png 404
2026-09-09T02:18:33:  ⨯ upstream image response failed for https://dl.harfhesab.com/package-game-season/2026/6/24/1782249524015_se-3.png 404
2026-09-09T02:18:39:  ⨯ upstream image response failed for https://dl.harfhesab.com/package-game-season/2026/6/24/1782249524015_se-3.png 404
2026-09-09T02:19:01:  ⨯ upstream image response failed for https://dl.harfhesab.com/package-game-season/2026/5/15/1778799502772_se-1.png 404
2026-09-09T02:19:01:  ⨯ upstream image response failed for https://dl.harfhesab.com/package-game-season/2026/5/18/1779097592819_se-3.png 404
2026-09-09T02:19:01:  ⨯ upstream image response failed for https://dl.harfhesab.com/package-game-season/2026/5/18/1779096449593_se-1.png 404
2026-09-09T02:19:01:  ⨯ upstream image response failed for https://dl.harfhesab.com/package-game-icon/2026/5/18/1779095719841_icon.png 404
2026-09-09T02:19:01:  ⨯ upstream image response failed for https://dl.harfhesab.com/package-game-season/2026/5/15/1778834086759_se-3.png 404
2026-09-09T02:19:01:  ⨯ upstream image response failed for https://dl.harfhesab.com/package-game-season/2026/5/15/1778833292531_se-2.png 404
2026-09-09T02:19:01:  ⨯ upstream image response failed for https://dl.harfhesab.com/package-game-icon/2026/5/15/1778798659271_icon.png 404
2026-09-09T02:19:01:  ⨯ upstream image response failed for https://dl.harfhesab.com/package-game-season/2026/5/18/1779097039936_se-2.png 404
2026-09-09T02:19:04:  ⨯ upstream image response failed for https://dl.harfhesab.com/package-game-icon/2026/5/18/1779095719841_icon.png 404
2026-09-09T02:19:04:  ⨯ upstream image response failed for https://dl.harfhesab.com/package-game-icon/2026/5/15/1778798659271_icon.png 404
2026-09-09T02:45:40:  ⨯ upstream image response failed for https://dl.harfhesab.com/package-game-icon/2026/5/18/1779095719841_icon.png 404
2026-09-09T02:45:40:  ⨯ upstream image response failed for https://dl.harfhesab.com/package-game-icon/2026/5/15/1778798659271_icon.png 404
2026-09-09T02:45:40:  ⨯ upstream image response failed for https://dl.harfhesab.com/package-game-banner/2026/5/18/1779095719866_nner.png 404
2026-09-09T02:45:40:  ⨯ upstream image response failed for https://dl.harfhesab.com/package-game-banner/2026/5/15/1778798660901_nner.png 404
2026-09-09T03:04:10:  ⨯ upstream image response failed for https://dl.harfhesab.com/package-game-icon/2026/5/18/1779095719841_icon.png 404
2026-09-09T03:04:10:  ⨯ upstream image response failed for https://dl.harfhesab.com/package-game-banner/2026/5/18/1779095719866_nner.png 404
2026-09-09T03:04:45:  ⨯ upstream image response failed for https://dl.harfhesab.com/package-game-icon/2026/5/15/1778798659271_icon.png 404
2026-09-09T03:04:45:  ⨯ upstream image response failed for https://dl.harfhesab.com/package-game-banner/2026/5/15/1778798660901_nner.png 404
2026-09-09T03:05:03:  ⨯ upstream image response failed for https://dl.harfhesab.com/package-game-season/2026/5/15/1778799502772_se-1.png 404
2026-09-09T03:05:03:  ⨯ upstream image response failed for https://dl.harfhesab.com/package-game-season/2026/5/18/1779096449593_se-1.png 404
2026-09-09T03:05:03:  ⨯ upstream image response failed for https://dl.harfhesab.com/package-game-icon/2026/5/15/1778798659271_icon.png 404
2026-09-09T03:05:04:  ⨯ upstream image response failed for https://dl.harfhesab.com/package-game-season/2026/5/15/1778833292531_se-2.png 404
2026-09-09T03:05:04:  ⨯ upstream image response failed for https://dl.harfhesab.com/package-game-season/2026/5/15/1778834086759_se-3.png 404
2026-09-09T03:05:04:  ⨯ upstream image response failed for https://dl.harfhesab.com/package-game-season/2026/5/18/1779097039936_se-2.png 404
2026-09-09T03:05:04:  ⨯ upstream image response failed for https://dl.harfhesab.com/package-game-season/2026/5/18/1779097592819_se-3.png 404
2026-09-09T03:05:11:  ⨯ upstream image response failed for https://dl.harfhesab.com/package-game-icon/2026/5/15/1778798659271_icon.png 404
2026-09-09T03:05:18:  ⨯ upstream image response failed for https://dl.harfhesab.com/package-game-season/2026/5/18/1779097039936_se-2.png 404
2026-09-09T03:05:18:  ⨯ upstream image response failed for https://dl.harfhesab.com/package-game-season/2026/5/18/1779097592819_se-3.png 404
2026-09-09T03:05:18:  ⨯ upstream image response failed for https://dl.harfhesab.com/package-game-season/2026/5/18/1779096449593_se-1.png 404
2026-09-09T03:05:25:  ⨯ upstream image response failed for https://dl.harfhesab.com/package-game-season/2026/5/18/1779096449593_se-1.png 404
2026-09-09T03:05:44:  ⨯ upstream image response failed for https://dl.harfhesab.com/package-game-season/2026/5/15/1778799502772_se-1.png 404
2026-09-09T03:05:45:  ⨯ upstream image response failed for https://dl.harfhesab.com/package-game-season/2026/5/18/1779097592819_se-3.png 404
2026-09-09T03:05:45:  ⨯ upstream image response failed for https://dl.harfhesab.com/package-game-icon/2026/5/15/1778798659271_icon.png 404
2026-09-09T03:05:45:  ⨯ upstream image response failed for https://dl.harfhesab.com/package-game-season/2026/5/18/1779097039936_se-2.png 404
2026-09-09T03:05:45:  ⨯ upstream image response failed for https://dl.harfhesab.com/package-game-season/2026/5/15/1778834086759_se-3.png 404
2026-09-09T03:05:45:  ⨯ upstream image response failed for https://dl.harfhesab.com/package-game-season/2026/5/15/1778833292531_se-2.png 404
2026-09-09T03:05:46:  ⨯ upstream image response failed for https://dl.harfhesab.com/package-game-icon/2026/5/15/1778798659271_icon.png 404
2026-09-09T03:05:53:  ⨯ upstream image response failed for https://dl.harfhesab.com/package-game-season/2026/5/18/1779097592819_se-3.png 404
2026-09-09T03:05:53:  ⨯ upstream image response failed for https://dl.harfhesab.com/package-game-season/2026/5/18/1779097039936_se-2.png 404
2026-09-09T03:06:00:  ⨯ upstream image response failed for https://dl.harfhesab.com/package-game-season/2026/5/18/1779097039936_se-2.png 404
2026-09-09T03:06:23:  ⨯ upstream image response failed for https://dl.harfhesab.com/package-game-season/2026/5/15/1778799502772_se-1.png 404
2026-09-09T03:06:23:  ⨯ upstream image response failed for https://dl.harfhesab.com/package-game-season/2026/5/18/1779097592819_se-3.png 404
2026-09-09T03:06:23:  ⨯ upstream image response failed for https://dl.harfhesab.com/package-game-season/2026/5/15/1778834086759_se-3.png 404
2026-09-09T03:06:23:  ⨯ upstream image response failed for https://dl.harfhesab.com/package-game-icon/2026/5/15/1778798659271_icon.png 404
2026-09-09T03:06:23:  ⨯ upstream image response failed for https://dl.harfhesab.com/package-game-season/2026/5/15/1778833292531_se-2.png 404
2026-09-09T03:06:38:  ⨯ upstream image response failed for https://dl.harfhesab.com/package-game-season/2026/5/18/1779097592819_se-3.png 404
2026-09-09T03:06:54:  ⨯ upstream image response failed for https://dl.harfhesab.com/package-game-season/2026/5/15/1778799502772_se-1.png 404
2026-09-09T03:06:54:  ⨯ upstream image response failed for https://dl.harfhesab.com/package-game-season/2026/5/15/1778833292531_se-2.png 404
2026-09-09T03:06:54:  ⨯ upstream image response failed for https://dl.harfhesab.com/package-game-icon/2026/5/15/1778798659271_icon.png 404
2026-09-09T03:06:54:  ⨯ upstream image response failed for https://dl.harfhesab.com/package-game-season/2026/5/15/1778834086759_se-3.png 404
2026-09-09T03:07:01:  ⨯ upstream image response failed for https://dl.harfhesab.com/package-game-icon/2026/5/15/1778798659271_icon.png 404
2026-09-09T03:07:01:  ⨯ upstream image response failed for https://dl.harfhesab.com/package-game-banner/2026/5/15/1778798660901_nner.png 404
2026-09-09T03:11:39:  ⨯ upstream image response failed for https://dl.harfhesab.com/package-game-banner/2026/5/15/1778798660901_nner.png 404
2026-09-09T03:11:39:  ⨯ upstream image response failed for https://dl.harfhesab.com/package-game-icon/2026/5/15/1778798659271_icon.png 404
2026-09-09T03:13:01:  ⨯ TypeError: fetch failed
    at node:internal/deps/undici/undici:13510:13
    at processTicksAndRejections (node:internal/process/task_queues:105:5)
    at runNextTicks (node:internal/process/task_queues:69:3)
    at processImmediate (node:internal/timers:453:9)
    at process.callbackTrampoline (node:internal/async_hooks:130:17)
    at fetchExternalImage (D:\project\web\admin-panel\node_modules\next\src\server\image-optimizer.ts:528:15)
    at NextNodeServer.imageOptimizer (D:\project\web\admin-panel\node_modules\next\src\server\next-server.ts:629:11)
    at cacheEntry.imageResponseCache.get.incrementalCache (D:\project\web\admin-panel\node_modules\next\src\server\next-server.ts:879:53)
    at D:\project\web\admin-panel\node_modules\next\src\server\response-cache\index.ts:115:30
    at D:\project\web\admin-panel\node_modules\next\src\lib\batcher.ts:78:24 {
  [cause]: ConnectTimeoutError: Connect Timeout Error (attempted address: dl.harfhesab.com:443, timeout: 10000ms)
      at onConnectTimeout (node:internal/deps/undici/undici:2602:28)
      at Immediate._onImmediate (node:internal/deps/undici/undici:2568:35)
      at processImmediate (node:internal/timers:485:21)
      at process.callbackTrampoline (node:internal/async_hooks:130:17) {
    code: 'UND_ERR_CONNECT_TIMEOUT'
  }
}
2026-09-09T03:13:01: TypeError: fetch failed
    at node:internal/deps/undici/undici:13510:13
    at processTicksAndRejections (node:internal/process/task_queues:105:5)
    at runNextTicks (node:internal/process/task_queues:69:3)
    at processImmediate (node:internal/timers:453:9)
    at process.callbackTrampoline (node:internal/async_hooks:130:17)
    at fetchExternalImage (D:\project\web\admin-panel\node_modules\next\src\server\image-optimizer.ts:528:15)
    at NextNodeServer.imageOptimizer (D:\project\web\admin-panel\node_modules\next\src\server\next-server.ts:629:11)
    at cacheEntry.imageResponseCache.get.incrementalCache (D:\project\web\admin-panel\node_modules\next\src\server\next-server.ts:879:53)
    at D:\project\web\admin-panel\node_modules\next\src\server\response-cache\index.ts:115:30
    at D:\project\web\admin-panel\node_modules\next\src\lib\batcher.ts:78:24 {
  [cause]: ConnectTimeoutError: Connect Timeout Error (attempted address: dl.harfhesab.com:443, timeout: 10000ms)
      at onConnectTimeout (node:internal/deps/undici/undici:2602:28)
      at Immediate._onImmediate (node:internal/deps/undici/undici:2568:35)
      at processImmediate (node:internal/timers:485:21)
      at process.callbackTrampoline (node:internal/async_hooks:130:17) {
    code: 'UND_ERR_CONNECT_TIMEOUT'
  }
}
2026-09-09T03:13:01: TypeError: fetch failed
    at node:internal/deps/undici/undici:13510:13
    at processTicksAndRejections (node:internal/process/task_queues:105:5)
    at runNextTicks (node:internal/process/task_queues:69:3)
    at processImmediate (node:internal/timers:453:9)
    at process.callbackTrampoline (node:internal/async_hooks:130:17)
    at fetchExternalImage (D:\project\web\admin-panel\node_modules\next\src\server\image-optimizer.ts:528:15)
    at NextNodeServer.imageOptimizer (D:\project\web\admin-panel\node_modules\next\src\server\next-server.ts:629:11)
    at cacheEntry.imageResponseCache.get.incrementalCache (D:\project\web\admin-panel\node_modules\next\src\server\next-server.ts:879:53)
    at D:\project\web\admin-panel\node_modules\next\src\server\response-cache\index.ts:115:30
    at D:\project\web\admin-panel\node_modules\next\src\lib\batcher.ts:78:24 {
  [cause]: ConnectTimeoutError: Connect Timeout Error (attempted address: dl.harfhesab.com:443, timeout: 10000ms)
      at onConnectTimeout (node:internal/deps/undici/undici:2602:28)
      at Immediate._onImmediate (node:internal/deps/undici/undici:2568:35)
      at processImmediate (node:internal/timers:485:21)
      at process.callbackTrampoline (node:internal/async_hooks:130:17) {
    code: 'UND_ERR_CONNECT_TIMEOUT'
  }
}
2026-09-09T03:13:01: TypeError: fetch failed
    at node:internal/deps/undici/undici:13510:13
    at processTicksAndRejections (node:internal/process/task_queues:105:5)
    at fetchExternalImage (D:\project\web\admin-panel\node_modules\next\src\server\image-optimizer.ts:528:15)
    at NextNodeServer.imageOptimizer (D:\project\web\admin-panel\node_modules\next\src\server\next-server.ts:629:11)
    at cacheEntry.imageResponseCache.get.incrementalCache (D:\project\web\admin-panel\node_modules\next\src\server\next-server.ts:879:53)
    at D:\project\web\admin-panel\node_modules\next\src\server\response-cache\index.ts:115:30
    at D:\project\web\admin-panel\node_modules\next\src\lib\batcher.ts:78:24 {
  [cause]: ConnectTimeoutError: Connect Timeout Error (attempted address: dl.harfhesab.com:443, timeout: 10000ms)
      at onConnectTimeout (node:internal/deps/undici/undici:2602:28)
      at Immediate._onImmediate (node:internal/deps/undici/undici:2568:35)
      at processImmediate (node:internal/timers:485:21)
      at process.callbackTrampoline (node:internal/async_hooks:130:17) {
    code: 'UND_ERR_CONNECT_TIMEOUT'
  }
}
2026-09-09T03:13:01: TypeError: fetch failed
    at node:internal/deps/undici/undici:13510:13
    at processTicksAndRejections (node:internal/process/task_queues:105:5)
    at runNextTicks (node:internal/process/task_queues:69:3)
    at processImmediate (node:internal/timers:453:9)
    at process.callbackTrampoline (node:internal/async_hooks:130:17)
    at fetchExternalImage (D:\project\web\admin-panel\node_modules\next\src\server\image-optimizer.ts:528:15)
    at NextNodeServer.imageOptimizer (D:\project\web\admin-panel\node_modules\next\src\server\next-server.ts:629:11)
    at cacheEntry.imageResponseCache.get.incrementalCache (D:\project\web\admin-panel\node_modules\next\src\server\next-server.ts:879:53)
    at D:\project\web\admin-panel\node_modules\next\src\server\response-cache\index.ts:115:30
    at D:\project\web\admin-panel\node_modules\next\src\lib\batcher.ts:78:24 {
  [cause]: ConnectTimeoutError: Connect Timeout Error (attempted address: dl.harfhesab.com:443, timeout: 10000ms)
      at onConnectTimeout (node:internal/deps/undici/undici:2602:28)
      at Immediate._onImmediate (node:internal/deps/undici/undici:2568:35)
      at processImmediate (node:internal/timers:485:21)
      at process.callbackTrampoline (node:internal/async_hooks:130:17) {
    code: 'UND_ERR_CONNECT_TIMEOUT'
  }
}
2026-09-09T03:13:01:  ⨯ TypeError: fetch failed
    at node:internal/deps/undici/undici:13510:13
    at processTicksAndRejections (node:internal/process/task_queues:105:5)
    at runNextTicks (node:internal/process/task_queues:69:3)
    at processImmediate (node:internal/timers:453:9)
    at process.callbackTrampoline (node:internal/async_hooks:130:17)
    at fetchExternalImage (D:\project\web\admin-panel\node_modules\next\src\server\image-optimizer.ts:528:15)
    at NextNodeServer.imageOptimizer (D:\project\web\admin-panel\node_modules\next\src\server\next-server.ts:629:11)
    at cacheEntry.imageResponseCache.get.incrementalCache (D:\project\web\admin-panel\node_modules\next\src\server\next-server.ts:879:53)
    at D:\project\web\admin-panel\node_modules\next\src\server\response-cache\index.ts:115:30
    at D:\project\web\admin-panel\node_modules\next\src\lib\batcher.ts:78:24 {
  [cause]: ConnectTimeoutError: Connect Timeout Error (attempted address: dl.harfhesab.com:443, timeout: 10000ms)
      at onConnectTimeout (node:internal/deps/undici/undici:2602:28)
      at Immediate._onImmediate (node:internal/deps/undici/undici:2568:35)
      at processImmediate (node:internal/timers:485:21)
      at process.callbackTrampoline (node:internal/async_hooks:130:17) {
    code: 'UND_ERR_CONNECT_TIMEOUT'
  }
}
2026-09-09T03:13:01:  ⨯ TypeError: fetch failed
    at node:internal/deps/undici/undici:13510:13
    at processTicksAndRejections (node:internal/process/task_queues:105:5)
    at fetchExternalImage (D:\project\web\admin-panel\node_modules\next\src\server\image-optimizer.ts:528:15)
    at NextNodeServer.imageOptimizer (D:\project\web\admin-panel\node_modules\next\src\server\next-server.ts:629:11)
    at cacheEntry.imageResponseCache.get.incrementalCache (D:\project\web\admin-panel\node_modules\next\src\server\next-server.ts:879:53)
    at D:\project\web\admin-panel\node_modules\next\src\server\response-cache\index.ts:115:30
    at D:\project\web\admin-panel\node_modules\next\src\lib\batcher.ts:78:24 {
  [cause]: ConnectTimeoutError: Connect Timeout Error (attempted address: dl.harfhesab.com:443, timeout: 10000ms)
      at onConnectTimeout (node:internal/deps/undici/undici:2602:28)
      at Immediate._onImmediate (node:internal/deps/undici/undici:2568:35)
      at processImmediate (node:internal/timers:485:21)
      at process.callbackTrampoline (node:internal/async_hooks:130:17) {
    code: 'UND_ERR_CONNECT_TIMEOUT'
  }
}
2026-09-09T03:13:01: TypeError: fetch failed
    at node:internal/deps/undici/undici:13510:13
    at processTicksAndRejections (node:internal/process/task_queues:105:5)
    at runNextTicks (node:internal/process/task_queues:69:3)
    at processImmediate (node:internal/timers:453:9)
    at process.callbackTrampoline (node:internal/async_hooks:130:17)
    at fetchExternalImage (D:\project\web\admin-panel\node_modules\next\src\server\image-optimizer.ts:528:15)
    at NextNodeServer.imageOptimizer (D:\project\web\admin-panel\node_modules\next\src\server\next-server.ts:629:11)
    at cacheEntry.imageResponseCache.get.incrementalCache (D:\project\web\admin-panel\node_modules\next\src\server\next-server.ts:879:53)
    at D:\project\web\admin-panel\node_modules\next\src\server\response-cache\index.ts:115:30
    at D:\project\web\admin-panel\node_modules\next\src\lib\batcher.ts:78:24 {
  [cause]: ConnectTimeoutError: Connect Timeout Error (attempted address: dl.harfhesab.com:443, timeout: 10000ms)
      at onConnectTimeout (node:internal/deps/undici/undici:2602:28)
      at Immediate._onImmediate (node:internal/deps/undici/undici:2568:35)
      at processImmediate (node:internal/timers:485:21)
      at process.callbackTrampoline (node:internal/async_hooks:130:17) {
    code: 'UND_ERR_CONNECT_TIMEOUT'
  }
}
2026-09-09T03:13:01: TypeError: fetch failed
    at node:internal/deps/undici/undici:13510:13
    at processTicksAndRejections (node:internal/process/task_queues:105:5)
    at runNextTicks (node:internal/process/task_queues:69:3)
    at processImmediate (node:internal/timers:453:9)
    at process.callbackTrampoline (node:internal/async_hooks:130:17)
    at fetchExternalImage (D:\project\web\admin-panel\node_modules\next\src\server\image-optimizer.ts:528:15)
    at NextNodeServer.imageOptimizer (D:\project\web\admin-panel\node_modules\next\src\server\next-server.ts:629:11)
    at cacheEntry.imageResponseCache.get.incrementalCache (D:\project\web\admin-panel\node_modules\next\src\server\next-server.ts:879:53)
    at D:\project\web\admin-panel\node_modules\next\src\server\response-cache\index.ts:115:30
    at D:\project\web\admin-panel\node_modules\next\src\lib\batcher.ts:78:24 {
  [cause]: ConnectTimeoutError: Connect Timeout Error (attempted address: dl.harfhesab.com:443, timeout: 10000ms)
      at onConnectTimeout (node:internal/deps/undici/undici:2602:28)
      at Immediate._onImmediate (node:internal/deps/undici/undici:2568:35)
      at processImmediate (node:internal/timers:485:21)
      at process.callbackTrampoline (node:internal/async_hooks:130:17) {
    code: 'UND_ERR_CONNECT_TIMEOUT'
  }
}
2026-09-09T03:13:18:  ⨯ upstream image response failed for https://dl.harfhesab.com/package-game-season/2026/5/15/1778833292531_se-2.png 404
2026-09-09T03:13:18:  ⨯ upstream image response failed for https://dl.harfhesab.com/package-game-season/2026/5/15/1778834086759_se-3.png 404
2026-09-09T03:13:20:  ⨯ upstream image response failed for https://dl.harfhesab.com/package-game-season/2026/5/15/1778833292531_se-2.png 404
2026-09-09T03:13:46:  ⨯ upstream image response failed for https://dl.harfhesab.com/package-game-season/2026/5/15/1778834086759_se-3.png 404
2026-09-09T03:53:28:  ⨯ upstream image response failed for https://dl.harfhesab.com/stage-game-season/2026/5/7/1778104556511_fa-4.png 404
2026-09-09T03:53:28:  ⨯ upstream image response failed for https://dl.harfhesab.com/stage-game-season/2026/4/29/1777465461769_fa-1.png 404
2026-09-09T03:53:28:  ⨯ upstream image response failed for https://dl.harfhesab.com/stage-game-season/2026/5/4/1777926255240_fa-3.png 404
2026-09-09T03:53:28:  ⨯ upstream image response failed for https://dl.harfhesab.com/stage-game-season/2026/5/2/1777743193397_fa-2.png 404
2026-09-09T03:53:28:  ⨯ upstream image response failed for https://dl.harfhesab.com/stage-game-season/2026/5/11/1778458891001_tr-2.png 404
2026-09-09T03:53:28:  ⨯ upstream image response failed for https://dl.harfhesab.com/stage-game-season/2026/5/10/1778363471227_tr-1.png 404
2026-09-09T04:54:22:  ⨯ upstream image response failed for https://dl.harfhesab.com/stage-game-season/2026/4/29/1777465461769_fa-1.png 404
2026-09-09T04:54:22:  ⨯ upstream image response failed for https://dl.harfhesab.com/stage-game-season/2026/5/2/1777743193397_fa-2.png 404
2026-09-09T04:54:22:  ⨯ upstream image response failed for https://dl.harfhesab.com/stage-game-season/2026/5/10/1778363471227_tr-1.png 404
2026-09-09T04:54:22:  ⨯ upstream image response failed for https://dl.harfhesab.com/stage-game-season/2026/5/4/1777926255240_fa-3.png 404
2026-09-09T04:54:22:  ⨯ upstream image response failed for https://dl.harfhesab.com/stage-game-season/2026/5/11/1778458891001_tr-2.png 404
2026-09-09T04:54:22:  ⨯ upstream image response failed for https://dl.harfhesab.com/stage-game-season/2026/5/7/1778104556511_fa-4.png 404
2026-09-09T04:54:29:  ⨯ upstream image response failed for https://dl.harfhesab.com/stage-game-season/2026/4/29/1777465461769_fa-1.png 404
2026-09-09T04:55:16:  ⨯ upstream image response failed for https://dl.harfhesab.com/stage-game-season/2026/5/2/1777743193397_fa-2.png 404
2026-09-09T04:55:16:  ⨯ upstream image response failed for https://dl.harfhesab.com/stage-game-season/2026/5/7/1778104556511_fa-4.png 404
2026-09-09T04:55:16:  ⨯ upstream image response failed for https://dl.harfhesab.com/stage-game-season/2026/5/10/1778363471227_tr-1.png 404
2026-09-09T04:55:16:  ⨯ upstream image response failed for https://dl.harfhesab.com/stage-game-season/2026/5/11/1778458891001_tr-2.png 404
2026-09-09T04:55:16:  ⨯ upstream image response failed for https://dl.harfhesab.com/stage-game-season/2026/5/4/1777926255240_fa-3.png 404
2026-09-09T04:55:19:  ⨯ upstream image response failed for https://dl.harfhesab.com/stage-game-season/2026/5/2/1777743193397_fa-2.png 404
2026-09-09T04:55:38:  ⨯ upstream image response failed for https://dl.harfhesab.com/stage-game-season/2026/5/4/1777926255240_fa-3.png 404
2026-09-09T04:55:38:  ⨯ upstream image response failed for https://dl.harfhesab.com/stage-game-season/2026/5/11/1778458891001_tr-2.png 404
2026-09-09T04:55:38:  ⨯ upstream image response failed for https://dl.harfhesab.com/stage-game-season/2026/5/10/1778363471227_tr-1.png 404
2026-09-09T04:55:38:  ⨯ upstream image response failed for https://dl.harfhesab.com/stage-game-season/2026/5/7/1778104556511_fa-4.png 404
2026-09-09T04:55:41:  ⨯ upstream image response failed for https://dl.harfhesab.com/stage-game-season/2026/5/4/1777926255240_fa-3.png 404
2026-09-09T04:55:58:  ⨯ upstream image response failed for https://dl.harfhesab.com/stage-game-season/2026/5/7/1778104556511_fa-4.png 404
2026-09-09T04:55:58:  ⨯ upstream image response failed for https://dl.harfhesab.com/stage-game-season/2026/5/10/1778363471227_tr-1.png 404
2026-09-09T04:55:58:  ⨯ upstream image response failed for https://dl.harfhesab.com/stage-game-season/2026/5/11/1778458891001_tr-2.png 404
2026-09-09T04:56:01:  ⨯ upstream image response failed for https://dl.harfhesab.com/stage-game-season/2026/5/7/1778104556511_fa-4.png 404
2026-09-09T04:56:18:  ⨯ upstream image response failed for https://dl.harfhesab.com/stage-game-season/2026/5/10/1778363471227_tr-1.png 404
2026-09-09T04:56:18:  ⨯ upstream image response failed for https://dl.harfhesab.com/stage-game-season/2026/5/11/1778458891001_tr-2.png 404
2026-09-09T04:56:26:  ⨯ upstream image response failed for https://dl.harfhesab.com/stage-game-season/2026/5/10/1778363471227_tr-1.png 404
2026-09-09T04:56:45:  ⨯ upstream image response failed for https://dl.harfhesab.com/stage-game-season/2026/5/11/1778458891001_tr-2.png 404
2026-09-09T04:56:51:  ⨯ upstream image response failed for https://dl.harfhesab.com/stage-game-season/2026/5/11/1778458891001_tr-2.png 404
2026-09-12T11:55:27:  ⨯ upstream image response failed for https://dl.harfhesab.com/c938566/package-game-banner/2026/9/8/1788903847363_heydar-baba-2-banner.png 404
2026-09-12T11:55:27:  ⨯ upstream image response failed for https://dl.harfhesab.com/c938566/package-game-banner/2026/9/8/1788906182151_name-be-neshan-banner.png 404
2026-09-12T11:55:27: ImageError: "url" parameter is valid but upstream response is invalid
    at fetchExternalImage (D:\project\web\admin-panel\node_modules\next\src\server\image-optimizer.ts:532:11)
    at processTicksAndRejections (node:internal/process/task_queues:105:5)
    at NextNodeServer.imageOptimizer (D:\project\web\admin-panel\node_modules\next\src\server\next-server.ts:629:11)
    at cacheEntry.imageResponseCache.get.incrementalCache (D:\project\web\admin-panel\node_modules\next\src\server\next-server.ts:879:53)
    at D:\project\web\admin-panel\node_modules\next\src\server\response-cache\index.ts:115:30
    at D:\project\web\admin-panel\node_modules\next\src\lib\batcher.ts:78:24 {
  statusCode: 404
}
2026-09-12T11:55:27: ImageError: "url" parameter is valid but upstream response is invalid
    at fetchExternalImage (D:\project\web\admin-panel\node_modules\next\src\server\image-optimizer.ts:532:11)
    at processTicksAndRejections (node:internal/process/task_queues:105:5)
    at NextNodeServer.imageOptimizer (D:\project\web\admin-panel\node_modules\next\src\server\next-server.ts:629:11)
    at cacheEntry.imageResponseCache.get.incrementalCache (D:\project\web\admin-panel\node_modules\next\src\server\next-server.ts:879:53)
    at D:\project\web\admin-panel\node_modules\next\src\server\response-cache\index.ts:115:30
    at D:\project\web\admin-panel\node_modules\next\src\lib\batcher.ts:78:24 {
  statusCode: 404
}
2026-09-12T11:55:27:  ⨯ upstream image response failed for https://dl.harfhesab.com/c938566/package-game-banner/2026/9/8/1788904501125_heydar-baba-1-banner.png 404
2026-09-12T11:55:27:  ⨯ upstream image response failed for https://dl.harfhesab.com/c938566/package-game-banner/2026/9/8/1788903065457_dara-shaban-banner.png 404
2026-09-12T11:55:27:  ⨯ upstream image response failed for https://dl.harfhesab.com/c938566/package-game-banner/2026/9/8/1788910478175_didar-sam-rostam-banner.png 404
2026-09-12T11:55:27: ImageError: "url" parameter is valid but upstream response is invalid
    at fetchExternalImage (D:\project\web\admin-panel\node_modules\next\src\server\image-optimizer.ts:532:11)
    at processTicksAndRejections (node:internal/process/task_queues:105:5)
    at NextNodeServer.imageOptimizer (D:\project\web\admin-panel\node_modules\next\src\server\next-server.ts:629:11)
    at cacheEntry.imageResponseCache.get.incrementalCache (D:\project\web\admin-panel\node_modules\next\src\server\next-server.ts:879:53)
    at D:\project\web\admin-panel\node_modules\next\src\server\response-cache\index.ts:115:30
    at D:\project\web\admin-panel\node_modules\next\src\lib\batcher.ts:78:24 {
  statusCode: 404
}
2026-09-12T11:55:27: ImageError: "url" parameter is valid but upstream response is invalid
    at fetchExternalImage (D:\project\web\admin-panel\node_modules\next\src\server\image-optimizer.ts:532:11)
    at processTicksAndRejections (node:internal/process/task_queues:105:5)
    at NextNodeServer.imageOptimizer (D:\project\web\admin-panel\node_modules\next\src\server\next-server.ts:629:11)
    at cacheEntry.imageResponseCache.get.incrementalCache (D:\project\web\admin-panel\node_modules\next\src\server\next-server.ts:879:53)
    at D:\project\web\admin-panel\node_modules\next\src\server\response-cache\index.ts:115:30
    at D:\project\web\admin-panel\node_modules\next\src\lib\batcher.ts:78:24 {
  statusCode: 404
}
2026-09-12T11:55:27: ImageError: "url" parameter is valid but upstream response is invalid
    at fetchExternalImage (D:\project\web\admin-panel\node_modules\next\src\server\image-optimizer.ts:532:11)
    at processTicksAndRejections (node:internal/process/task_queues:105:5)
    at NextNodeServer.imageOptimizer (D:\project\web\admin-panel\node_modules\next\src\server\next-server.ts:629:11)
    at cacheEntry.imageResponseCache.get.incrementalCache (D:\project\web\admin-panel\node_modules\next\src\server\next-server.ts:879:53)
    at D:\project\web\admin-panel\node_modules\next\src\server\response-cache\index.ts:115:30
    at D:\project\web\admin-panel\node_modules\next\src\lib\batcher.ts:78:24 {
  statusCode: 404
}
2026-09-12T11:55:28:  ⨯ upstream image response failed for https://dl.harfhesab.com/c938566/package-game-banner/2026/9/8/1788907586706_entekhab-rakhsh-banner.png 404
2026-09-12T11:55:28: ImageError: "url" parameter is valid but upstream response is invalid
    at fetchExternalImage (D:\project\web\admin-panel\node_modules\next\src\server\image-optimizer.ts:532:11)
    at processTicksAndRejections (node:internal/process/task_queues:105:5)
    at NextNodeServer.imageOptimizer (D:\project\web\admin-panel\node_modules\next\src\server\next-server.ts:629:11)
    at cacheEntry.imageResponseCache.get.incrementalCache (D:\project\web\admin-panel\node_modules\next\src\server\next-server.ts:879:53)
    at D:\project\web\admin-panel\node_modules\next\src\server\response-cache\index.ts:115:30
    at D:\project\web\admin-panel\node_modules\next\src\lib\batcher.ts:78:24 {
  statusCode: 404
}
2026-09-12T11:55:29:  ⨯ upstream image response failed for https://dl.harfhesab.com/c938566/package-game-banner/2026/9/8/1788910923599_rostamzad-banner.png 404
2026-09-12T11:55:29: ImageError: "url" parameter is valid but upstream response is invalid
    at fetchExternalImage (D:\project\web\admin-panel\node_modules\next\src\server\image-optimizer.ts:532:11)
    at processTicksAndRejections (node:internal/process/task_queues:105:5)
    at NextNodeServer.imageOptimizer (D:\project\web\admin-panel\node_modules\next\src\server\next-server.ts:629:11)
    at cacheEntry.imageResponseCache.get.incrementalCache (D:\project\web\admin-panel\node_modules\next\src\server\next-server.ts:879:53)
    at D:\project\web\admin-panel\node_modules\next\src\server\response-cache\index.ts:115:30
    at D:\project\web\admin-panel\node_modules\next\src\lib\batcher.ts:78:24 {
  statusCode: 404
}
2026-09-12T11:55:29:  ⨯ upstream image response failed for https://dl.harfhesab.com/c938566/package-game-banner/2026/9/8/1788900378760_proud-tree-banner.png 404
2026-09-12T11:55:29: ImageError: "url" parameter is valid but upstream response is invalid
    at fetchExternalImage (D:\project\web\admin-panel\node_modules\next\src\server\image-optimizer.ts:532:11)
    at processTicksAndRejections (node:internal/process/task_queues:105:5)
    at NextNodeServer.imageOptimizer (D:\project\web\admin-panel\node_modules\next\src\server\next-server.ts:629:11)
    at cacheEntry.imageResponseCache.get.incrementalCache (D:\project\web\admin-panel\node_modules\next\src\server\next-server.ts:879:53)
    at D:\project\web\admin-panel\node_modules\next\src\server\response-cache\index.ts:115:30
    at D:\project\web\admin-panel\node_modules\next\src\lib\batcher.ts:78:24 {
  statusCode: 404
}
2026-09-12T11:56:47:  ⨯ upstream image response failed for https://dl.harfhesab.com/c938566/package-game-banner/2026/9/8/1788906182151_name-be-neshan-banner.png 404
2026-09-12T11:56:47:  ⨯ upstream image response failed for https://dl.harfhesab.com/c938566/package-game-banner/2026/9/8/1788903847363_heydar-baba-2-banner.png 404
2026-09-12T11:56:47:  ⨯ upstream image response failed for https://dl.harfhesab.com/c938566/package-game-banner/2026/9/8/1788903065457_dara-shaban-banner.png 404
2026-09-12T11:56:47:  ⨯ upstream image response failed for https://dl.harfhesab.com/c938566/package-game-banner/2026/9/8/1788910478175_didar-sam-rostam-banner.png 404
2026-09-12T11:56:47: ImageError: "url" parameter is valid but upstream response is invalid
    at fetchExternalImage (D:\project\web\admin-panel\node_modules\next\src\server\image-optimizer.ts:532:11)
    at processTicksAndRejections (node:internal/process/task_queues:105:5)
    at NextNodeServer.imageOptimizer (D:\project\web\admin-panel\node_modules\next\src\server\next-server.ts:629:11)
    at cacheEntry.imageResponseCache.get.incrementalCache (D:\project\web\admin-panel\node_modules\next\src\server\next-server.ts:879:53)
    at D:\project\web\admin-panel\node_modules\next\src\server\response-cache\index.ts:115:30
    at D:\project\web\admin-panel\node_modules\next\src\lib\batcher.ts:78:24 {
  statusCode: 404
}
2026-09-12T11:56:47: ImageError: "url" parameter is valid but upstream response is invalid
    at fetchExternalImage (D:\project\web\admin-panel\node_modules\next\src\server\image-optimizer.ts:532:11)
    at processTicksAndRejections (node:internal/process/task_queues:105:5)
    at NextNodeServer.imageOptimizer (D:\project\web\admin-panel\node_modules\next\src\server\next-server.ts:629:11)
    at cacheEntry.imageResponseCache.get.incrementalCache (D:\project\web\admin-panel\node_modules\next\src\server\next-server.ts:879:53)
    at D:\project\web\admin-panel\node_modules\next\src\server\response-cache\index.ts:115:30
    at D:\project\web\admin-panel\node_modules\next\src\lib\batcher.ts:78:24 {
  statusCode: 404
}
2026-09-12T11:56:47: ImageError: "url" parameter is valid but upstream response is invalid
    at fetchExternalImage (D:\project\web\admin-panel\node_modules\next\src\server\image-optimizer.ts:532:11)
    at processTicksAndRejections (node:internal/process/task_queues:105:5)
    at NextNodeServer.imageOptimizer (D:\project\web\admin-panel\node_modules\next\src\server\next-server.ts:629:11)
    at cacheEntry.imageResponseCache.get.incrementalCache (D:\project\web\admin-panel\node_modules\next\src\server\next-server.ts:879:53)
    at D:\project\web\admin-panel\node_modules\next\src\server\response-cache\index.ts:115:30
    at D:\project\web\admin-panel\node_modules\next\src\lib\batcher.ts:78:24 {
  statusCode: 404
}
2026-09-12T11:56:47: ImageError: "url" parameter is valid but upstream response is invalid
    at fetchExternalImage (D:\project\web\admin-panel\node_modules\next\src\server\image-optimizer.ts:532:11)
    at processTicksAndRejections (node:internal/process/task_queues:105:5)
    at NextNodeServer.imageOptimizer (D:\project\web\admin-panel\node_modules\next\src\server\next-server.ts:629:11)
    at cacheEntry.imageResponseCache.get.incrementalCache (D:\project\web\admin-panel\node_modules\next\src\server\next-server.ts:879:53)
    at D:\project\web\admin-panel\node_modules\next\src\server\response-cache\index.ts:115:30
    at D:\project\web\admin-panel\node_modules\next\src\lib\batcher.ts:78:24 {
  statusCode: 404
}
2026-09-12T11:56:47:  ⨯ upstream image response failed for https://dl.harfhesab.com/c938566/package-game-banner/2026/9/8/1788907586706_entekhab-rakhsh-banner.png 404
2026-09-12T11:56:47:  ⨯ upstream image response failed for https://dl.harfhesab.com/c938566/package-game-banner/2026/9/8/1788910923599_rostamzad-banner.png 404
2026-09-12T11:56:47: ImageError: "url" parameter is valid but upstream response is invalid
    at fetchExternalImage (D:\project\web\admin-panel\node_modules\next\src\server\image-optimizer.ts:532:11)
    at processTicksAndRejections (node:internal/process/task_queues:105:5)
    at NextNodeServer.imageOptimizer (D:\project\web\admin-panel\node_modules\next\src\server\next-server.ts:629:11)
    at cacheEntry.imageResponseCache.get.incrementalCache (D:\project\web\admin-panel\node_modules\next\src\server\next-server.ts:879:53)
    at D:\project\web\admin-panel\node_modules\next\src\server\response-cache\index.ts:115:30
    at D:\project\web\admin-panel\node_modules\next\src\lib\batcher.ts:78:24 {
  statusCode: 404
}
2026-09-12T11:56:47: ImageError: "url" parameter is valid but upstream response is invalid
    at fetchExternalImage (D:\project\web\admin-panel\node_modules\next\src\server\image-optimizer.ts:532:11)
    at processTicksAndRejections (node:internal/process/task_queues:105:5)
    at NextNodeServer.imageOptimizer (D:\project\web\admin-panel\node_modules\next\src\server\next-server.ts:629:11)
    at cacheEntry.imageResponseCache.get.incrementalCache (D:\project\web\admin-panel\node_modules\next\src\server\next-server.ts:879:53)
    at D:\project\web\admin-panel\node_modules\next\src\server\response-cache\index.ts:115:30
    at D:\project\web\admin-panel\node_modules\next\src\lib\batcher.ts:78:24 {
  statusCode: 404
}
2026-09-12T11:56:47:  ⨯ upstream image response failed for https://dl.harfhesab.com/c938566/package-game-banner/2026/9/8/1788904501125_heydar-baba-1-banner.png 404
2026-09-12T11:56:47: ImageError: "url" parameter is valid but upstream response is invalid
    at fetchExternalImage (D:\project\web\admin-panel\node_modules\next\src\server\image-optimizer.ts:532:11)
    at processTicksAndRejections (node:internal/process/task_queues:105:5)
    at NextNodeServer.imageOptimizer (D:\project\web\admin-panel\node_modules\next\src\server\next-server.ts:629:11)
    at cacheEntry.imageResponseCache.get.incrementalCache (D:\project\web\admin-panel\node_modules\next\src\server\next-server.ts:879:53)
    at D:\project\web\admin-panel\node_modules\next\src\server\response-cache\index.ts:115:30
    at D:\project\web\admin-panel\node_modules\next\src\lib\batcher.ts:78:24 {
  statusCode: 404
}
2026-09-12T11:57:51:  ⨯ upstream image response failed for https://dl.harfhesab.com/c938566/package-game-banner/2026/9/8/1788906182151_name-be-neshan-banner.png 404
2026-09-12T11:57:51: ImageError: "url" parameter is valid but upstream response is invalid
    at fetchExternalImage (D:\project\web\admin-panel\node_modules\next\src\server\image-optimizer.ts:532:11)
    at processTicksAndRejections (node:internal/process/task_queues:105:5)
    at NextNodeServer.imageOptimizer (D:\project\web\admin-panel\node_modules\next\src\server\next-server.ts:629:11)
    at cacheEntry.imageResponseCache.get.incrementalCache (D:\project\web\admin-panel\node_modules\next\src\server\next-server.ts:879:53)
    at D:\project\web\admin-panel\node_modules\next\src\server\response-cache\index.ts:115:30
    at D:\project\web\admin-panel\node_modules\next\src\lib\batcher.ts:78:24 {
  statusCode: 404
}
2026-09-12T11:57:51:  ⨯ upstream image response failed for https://dl.harfhesab.com/c938566/package-game-banner/2026/9/8/1788904501125_heydar-baba-1-banner.png 404
2026-09-12T11:57:51: ImageError: "url" parameter is valid but upstream response is invalid
    at fetchExternalImage (D:\project\web\admin-panel\node_modules\next\src\server\image-optimizer.ts:532:11)
    at processTicksAndRejections (node:internal/process/task_queues:105:5)
    at NextNodeServer.imageOptimizer (D:\project\web\admin-panel\node_modules\next\src\server\next-server.ts:629:11)
    at cacheEntry.imageResponseCache.get.incrementalCache (D:\project\web\admin-panel\node_modules\next\src\server\next-server.ts:879:53)
    at D:\project\web\admin-panel\node_modules\next\src\server\response-cache\index.ts:115:30
    at D:\project\web\admin-panel\node_modules\next\src\lib\batcher.ts:78:24 {
  statusCode: 404
}
2026-09-12T11:57:51:  ⨯ upstream image response failed for https://dl.harfhesab.com/c938566/package-game-banner/2026/9/8/1788907586706_entekhab-rakhsh-banner.png 404
2026-09-12T11:57:51: ImageError: "url" parameter is valid but upstream response is invalid
    at fetchExternalImage (D:\project\web\admin-panel\node_modules\next\src\server\image-optimizer.ts:532:11)
    at processTicksAndRejections (node:internal/process/task_queues:105:5)
    at NextNodeServer.imageOptimizer (D:\project\web\admin-panel\node_modules\next\src\server\next-server.ts:629:11)
    at cacheEntry.imageResponseCache.get.incrementalCache (D:\project\web\admin-panel\node_modules\next\src\server\next-server.ts:879:53)
    at D:\project\web\admin-panel\node_modules\next\src\server\response-cache\index.ts:115:30
    at D:\project\web\admin-panel\node_modules\next\src\lib\batcher.ts:78:24 {
  statusCode: 404
}
2026-09-12T11:57:51:  ⨯ upstream image response failed for https://dl.harfhesab.com/c938566/package-game-banner/2026/9/8/1788910478175_didar-sam-rostam-banner.png 404
2026-09-12T11:57:51:  ⨯ upstream image response failed for https://dl.harfhesab.com/c938566/package-game-banner/2026/9/8/1788910923599_rostamzad-banner.png 404
2026-09-12T11:57:51: ImageError: "url" parameter is valid but upstream response is invalid
    at fetchExternalImage (D:\project\web\admin-panel\node_modules\next\src\server\image-optimizer.ts:532:11)
    at processTicksAndRejections (node:internal/process/task_queues:105:5)
    at NextNodeServer.imageOptimizer (D:\project\web\admin-panel\node_modules\next\src\server\next-server.ts:629:11)
    at cacheEntry.imageResponseCache.get.incrementalCache (D:\project\web\admin-panel\node_modules\next\src\server\next-server.ts:879:53)
    at D:\project\web\admin-panel\node_modules\next\src\server\response-cache\index.ts:115:30
    at D:\project\web\admin-panel\node_modules\next\src\lib\batcher.ts:78:24 {
  statusCode: 404
}
2026-09-12T11:57:51: ImageError: "url" parameter is valid but upstream response is invalid
    at fetchExternalImage (D:\project\web\admin-panel\node_modules\next\src\server\image-optimizer.ts:532:11)
    at processTicksAndRejections (node:internal/process/task_queues:105:5)
    at NextNodeServer.imageOptimizer (D:\project\web\admin-panel\node_modules\next\src\server\next-server.ts:629:11)
    at cacheEntry.imageResponseCache.get.incrementalCache (D:\project\web\admin-panel\node_modules\next\src\server\next-server.ts:879:53)
    at D:\project\web\admin-panel\node_modules\next\src\server\response-cache\index.ts:115:30
    at D:\project\web\admin-panel\node_modules\next\src\lib\batcher.ts:78:24 {
  statusCode: 404
}
2026-09-12T11:59:16:  ⨯ upstream image response failed for https://dl.harfhesab.com/c938566/package-game-banner/2026/9/8/1788907586706_entekhab-rakhsh-banner.png 404
2026-09-12T11:59:16: ImageError: "url" parameter is valid but upstream response is invalid
    at fetchExternalImage (D:\project\web\admin-panel\node_modules\next\src\server\image-optimizer.ts:532:11)
    at processTicksAndRejections (node:internal/process/task_queues:105:5)
    at NextNodeServer.imageOptimizer (D:\project\web\admin-panel\node_modules\next\src\server\next-server.ts:629:11)
    at cacheEntry.imageResponseCache.get.incrementalCache (D:\project\web\admin-panel\node_modules\next\src\server\next-server.ts:879:53)
    at D:\project\web\admin-panel\node_modules\next\src\server\response-cache\index.ts:115:30
    at D:\project\web\admin-panel\node_modules\next\src\lib\batcher.ts:78:24 {
  statusCode: 404
}
2026-09-12T11:59:16:  ⨯ upstream image response failed for https://dl.harfhesab.com/c938566/package-game-banner/2026/9/8/1788910478175_didar-sam-rostam-banner.png 404
2026-09-12T11:59:16:  ⨯ upstream image response failed for https://dl.harfhesab.com/c938566/package-game-banner/2026/9/8/1788910923599_rostamzad-banner.png 404
2026-09-12T11:59:16: ImageError: "url" parameter is valid but upstream response is invalid
    at fetchExternalImage (D:\project\web\admin-panel\node_modules\next\src\server\image-optimizer.ts:532:11)
    at processTicksAndRejections (node:internal/process/task_queues:105:5)
    at NextNodeServer.imageOptimizer (D:\project\web\admin-panel\node_modules\next\src\server\next-server.ts:629:11)
    at cacheEntry.imageResponseCache.get.incrementalCache (D:\project\web\admin-panel\node_modules\next\src\server\next-server.ts:879:53)
    at D:\project\web\admin-panel\node_modules\next\src\server\response-cache\index.ts:115:30
    at D:\project\web\admin-panel\node_modules\next\src\lib\batcher.ts:78:24 {
  statusCode: 404
}
2026-09-12T11:59:16: ImageError: "url" parameter is valid but upstream response is invalid
    at fetchExternalImage (D:\project\web\admin-panel\node_modules\next\src\server\image-optimizer.ts:532:11)
    at processTicksAndRejections (node:internal/process/task_queues:105:5)
    at NextNodeServer.imageOptimizer (D:\project\web\admin-panel\node_modules\next\src\server\next-server.ts:629:11)
    at cacheEntry.imageResponseCache.get.incrementalCache (D:\project\web\admin-panel\node_modules\next\src\server\next-server.ts:879:53)
    at D:\project\web\admin-panel\node_modules\next\src\server\response-cache\index.ts:115:30
    at D:\project\web\admin-panel\node_modules\next\src\lib\batcher.ts:78:24 {
  statusCode: 404
}
2026-09-12T12:00:20:  ⨯ upstream image response failed for https://dl.harfhesab.com/c938566/package-game-banner/2026/9/8/1788910923599_rostamzad-banner.png 404
2026-09-12T12:00:20: ImageError: "url" parameter is valid but upstream response is invalid
    at fetchExternalImage (D:\project\web\admin-panel\node_modules\next\src\server\image-optimizer.ts:532:11)
    at processTicksAndRejections (node:internal/process/task_queues:105:5)
    at NextNodeServer.imageOptimizer (D:\project\web\admin-panel\node_modules\next\src\server\next-server.ts:629:11)
    at cacheEntry.imageResponseCache.get.incrementalCache (D:\project\web\admin-panel\node_modules\next\src\server\next-server.ts:879:53)
    at D:\project\web\admin-panel\node_modules\next\src\server\response-cache\index.ts:115:30
    at D:\project\web\admin-panel\node_modules\next\src\lib\batcher.ts:78:24 {
  statusCode: 404
}
2026-09-12T14:16:05:  ⨯ upstream image response failed for https://dl.harfhesab.com/c938566/package-game-icon/2026/9/8/1788910480788_didar-sam-rostam-icon.png 404
2026-09-12T14:16:05: ImageError: "url" parameter is valid but upstream response is invalid
    at fetchExternalImage (D:\project\web\admin-panel\node_modules\next\src\server\image-optimizer.ts:532:11)
    at processTicksAndRejections (node:internal/process/task_queues:105:5)
    at NextNodeServer.imageOptimizer (D:\project\web\admin-panel\node_modules\next\src\server\next-server.ts:629:11)
    at cacheEntry.imageResponseCache.get.incrementalCache (D:\project\web\admin-panel\node_modules\next\src\server\next-server.ts:879:53)
    at D:\project\web\admin-panel\node_modules\next\src\server\response-cache\index.ts:115:30
    at D:\project\web\admin-panel\node_modules\next\src\lib\batcher.ts:78:24 {
  statusCode: 404
}
2026-09-12T14:17:20:  ⨯ upstream image response failed for https://dl.harfhesab.com/c938566/package-game-icon/2026/9/8/1788910480788_didar-sam-rostam-icon.png 404
2026-09-12T14:17:20: ImageError: "url" parameter is valid but upstream response is invalid
    at fetchExternalImage (D:\project\web\admin-panel\node_modules\next\src\server\image-optimizer.ts:532:11)
    at processTicksAndRejections (node:internal/process/task_queues:105:5)
    at NextNodeServer.imageOptimizer (D:\project\web\admin-panel\node_modules\next\src\server\next-server.ts:629:11)
    at cacheEntry.imageResponseCache.get.incrementalCache (D:\project\web\admin-panel\node_modules\next\src\server\next-server.ts:879:53)
    at D:\project\web\admin-panel\node_modules\next\src\server\response-cache\index.ts:115:30
    at D:\project\web\admin-panel\node_modules\next\src\lib\batcher.ts:78:24 {
  statusCode: 404
}
2026-09-12T14:49:23:  ⨯ upstream image response failed for https://dl.harfhesab.com/c938566/package-game-icon/2026/9/8/1788910925148_rostamzad-icon.png 404
2026-09-12T14:49:23: ImageError: "url" parameter is valid but upstream response is invalid
    at fetchExternalImage (D:\project\web\admin-panel\node_modules\next\src\server\image-optimizer.ts:532:11)
    at processTicksAndRejections (node:internal/process/task_queues:105:5)
    at NextNodeServer.imageOptimizer (D:\project\web\admin-panel\node_modules\next\src\server\next-server.ts:629:11)
    at cacheEntry.imageResponseCache.get.incrementalCache (D:\project\web\admin-panel\node_modules\next\src\server\next-server.ts:879:53)
    at D:\project\web\admin-panel\node_modules\next\src\server\response-cache\index.ts:115:30
    at D:\project\web\admin-panel\node_modules\next\src\lib\batcher.ts:78:24 {
  statusCode: 404
}
2026-09-12T14:49:23:  ⨯ upstream image response failed for https://dl.harfhesab.com/c938566/package-game-icon/2026/9/8/1788910480788_didar-sam-rostam-icon.png 404
2026-09-12T14:49:23: ImageError: "url" parameter is valid but upstream response is invalid
    at fetchExternalImage (D:\project\web\admin-panel\node_modules\next\src\server\image-optimizer.ts:532:11)
    at processTicksAndRejections (node:internal/process/task_queues:105:5)
    at NextNodeServer.imageOptimizer (D:\project\web\admin-panel\node_modules\next\src\server\next-server.ts:629:11)
    at cacheEntry.imageResponseCache.get.incrementalCache (D:\project\web\admin-panel\node_modules\next\src\server\next-server.ts:879:53)
    at D:\project\web\admin-panel\node_modules\next\src\server\response-cache\index.ts:115:30
    at D:\project\web\admin-panel\node_modules\next\src\lib\batcher.ts:78:24 {
  statusCode: 404
}
2026-09-12T14:53:25:  ⨯ upstream image response failed for https://dl.harfhesab.com/c938566/package-game-icon/2026/9/8/1788910480788_didar-sam-rostam-icon.png 404
2026-09-12T14:53:25: ImageError: "url" parameter is valid but upstream response is invalid
    at fetchExternalImage (D:\project\web\admin-panel\node_modules\next\src\server\image-optimizer.ts:532:11)
    at processTicksAndRejections (node:internal/process/task_queues:105:5)
    at NextNodeServer.imageOptimizer (D:\project\web\admin-panel\node_modules\next\src\server\next-server.ts:629:11)
    at cacheEntry.imageResponseCache.get.incrementalCache (D:\project\web\admin-panel\node_modules\next\src\server\next-server.ts:879:53)
    at D:\project\web\admin-panel\node_modules\next\src\server\response-cache\index.ts:115:30
    at D:\project\web\admin-panel\node_modules\next\src\lib\batcher.ts:78:24 {
  statusCode: 404
}
2026-09-12T14:53:25:  ⨯ upstream image response failed for https://dl.harfhesab.com/c938566/package-game-icon/2026/9/8/1788910925148_rostamzad-icon.png 404
2026-09-12T14:53:25:  ⨯ upstream image response failed for https://dl.harfhesab.com/c938566/package-game-icon/2026/9/8/1788907588438_entekhab-rakhsh-icon.png 404
2026-09-12T14:53:25: ImageError: "url" parameter is valid but upstream response is invalid
    at fetchExternalImage (D:\project\web\admin-panel\node_modules\next\src\server\image-optimizer.ts:532:11)
    at processTicksAndRejections (node:internal/process/task_queues:105:5)
    at NextNodeServer.imageOptimizer (D:\project\web\admin-panel\node_modules\next\src\server\next-server.ts:629:11)
    at cacheEntry.imageResponseCache.get.incrementalCache (D:\project\web\admin-panel\node_modules\next\src\server\next-server.ts:879:53)
    at D:\project\web\admin-panel\node_modules\next\src\server\response-cache\index.ts:115:30
    at D:\project\web\admin-panel\node_modules\next\src\lib\batcher.ts:78:24 {
  statusCode: 404
}
2026-09-12T14:53:25: ImageError: "url" parameter is valid but upstream response is invalid
    at fetchExternalImage (D:\project\web\admin-panel\node_modules\next\src\server\image-optimizer.ts:532:11)
    at processTicksAndRejections (node:internal/process/task_queues:105:5)
    at NextNodeServer.imageOptimizer (D:\project\web\admin-panel\node_modules\next\src\server\next-server.ts:629:11)
    at cacheEntry.imageResponseCache.get.incrementalCache (D:\project\web\admin-panel\node_modules\next\src\server\next-server.ts:879:53)
    at D:\project\web\admin-panel\node_modules\next\src\server\response-cache\index.ts:115:30
    at D:\project\web\admin-panel\node_modules\next\src\lib\batcher.ts:78:24 {
  statusCode: 404
}
2026-09-12T14:55:29:  ⨯ upstream image response failed for https://dl.harfhesab.com/c938566/package-game-icon/2026/9/8/1788910480788_didar-sam-rostam-icon.png 404
2026-09-12T14:55:29: ImageError: "url" parameter is valid but upstream response is invalid
    at fetchExternalImage (D:\project\web\admin-panel\node_modules\next\src\server\image-optimizer.ts:532:11)
    at processTicksAndRejections (node:internal/process/task_queues:105:5)
    at NextNodeServer.imageOptimizer (D:\project\web\admin-panel\node_modules\next\src\server\next-server.ts:629:11)
    at cacheEntry.imageResponseCache.get.incrementalCache (D:\project\web\admin-panel\node_modules\next\src\server\next-server.ts:879:53)
    at D:\project\web\admin-panel\node_modules\next\src\server\response-cache\index.ts:115:30
    at D:\project\web\admin-panel\node_modules\next\src\lib\batcher.ts:78:24 {
  statusCode: 404
}
2026-09-12T14:55:29:  ⨯ upstream image response failed for https://dl.harfhesab.com/c938566/package-game-icon/2026/9/8/1788910925148_rostamzad-icon.png 404
2026-09-12T14:55:29: ImageError: "url" parameter is valid but upstream response is invalid
    at fetchExternalImage (D:\project\web\admin-panel\node_modules\next\src\server\image-optimizer.ts:532:11)
    at processTicksAndRejections (node:internal/process/task_queues:105:5)
    at NextNodeServer.imageOptimizer (D:\project\web\admin-panel\node_modules\next\src\server\next-server.ts:629:11)
    at cacheEntry.imageResponseCache.get.incrementalCache (D:\project\web\admin-panel\node_modules\next\src\server\next-server.ts:879:53)
    at D:\project\web\admin-panel\node_modules\next\src\server\response-cache\index.ts:115:30
    at D:\project\web\admin-panel\node_modules\next\src\lib\batcher.ts:78:24 {
  statusCode: 404
}
2026-09-15T12:45:53: TypeError: terminated
    at Fetch.onAborted (node:internal/deps/undici/undici:11132:53)
    at Fetch.emit (node:events:518:28)
    at Fetch.terminate (node:internal/deps/undici/undici:10290:14)
    at Object.onError (node:internal/deps/undici/undici:11253:38)
    at Request.onError (node:internal/deps/undici/undici:2094:31)
    at Object.errorRequest (node:internal/deps/undici/undici:1591:17)
    at TLSSocket.<anonymous> (node:internal/deps/undici/undici:6319:16)
    at TLSSocket.emit (node:events:530:35)
    at node:net:351:12
    at TCP.done (node:_tls_wrap:650:7) {
  [cause]: SocketError: other side closed
      at TLSSocket.<anonymous> (node:internal/deps/undici/undici:6294:28)
      at TLSSocket.emit (node:events:530:35)
      at endReadableNT (node:internal/streams/readable:1698:12)
      at processTicksAndRejections (node:internal/process/task_queues:90:21) {
    code: 'UND_ERR_SOCKET',
    socket: {
      localAddress: '192.168.43.207',
      localPort: 49864,
      remoteAddress: '45.139.11.111',
      remotePort: 443,
      remoteFamily: 'IPv4',
      timeout: undefined,
      bytesWritten: 232,
      bytesRead: 168097
    }
  }
}
2026-09-15T21:02:06:  ⨯ upstream image response failed for https://dl.harfhesab.com/kalam-akhar-challenge-media/2026/7/6/1783301309889_se-2.png 404
2026-09-21T01:59:28:  ⨯ Error: Cannot find module 'D:\project\web\admin-panel\.next\server\app\dashboard\message-management\private-message-list\page.js'
Require stack:
- D:\project\web\admin-panel\node_modules\next\dist\server\require.js
- D:\project\web\admin-panel\node_modules\next\dist\server\next-server.js
- D:\project\web\admin-panel\node_modules\next\dist\server\next.js
- D:\project\web\admin-panel\node_modules\next\dist\server\lib\start-server.js
- D:\project\web\admin-panel\node_modules\next\dist\cli\next-start.js
    at Function.call (node:internal/modules/cjs/loader:1401:15)
    at D:\project\web\admin-panel\node_modules\next\src\server\require-hook.ts:51:34
    at Module.call (C:\Users\kamra\AppData\Roaming\npm\node_modules\pm2\node_modules\require-in-the-middle\index.js:81:25)
    at Module.mod.require (D:\project\web\admin-panel\node_modules\next\src\server\require-hook.ts:70:26)
    at require (node:internal/modules/helpers:135:16)
    at requirePage (D:\project\web\admin-panel\node_modules\next\src\server\require.ts:127:9)
    at D:\project\web\admin-panel\node_modules\next\src\server\load-components.ts:191:16
    at runNextTicks (node:internal/process/task_queues:65:5)
    at processTimers (node:internal/timers:520:9)
    at loadComponentsImpl (D:\project\web\admin-panel\node_modules\next\src\server\load-components.ts:190:24) {
  code: 'MODULE_NOT_FOUND',
  requireStack: [
    'D:\\project\\web\\admin-panel\\node_modules\\next\\dist\\server\\require.js',
    'D:\\project\\web\\admin-panel\\node_modules\\next\\dist\\server\\next-server.js',
    'D:\\project\\web\\admin-panel\\node_modules\\next\\dist\\server\\next.js',
    'D:\\project\\web\\admin-panel\\node_modules\\next\\dist\\server\\lib\\start-server.js',
    'D:\\project\\web\\admin-panel\\node_modules\\next\\dist\\cli\\next-start.js'
  ]
}
2026-09-21T01:59:28:  ⨯ Error: Cannot find module 'D:\project\web\admin-panel\.next\server\pages\_error.js'
Require stack:
- D:\project\web\admin-panel\node_modules\next\dist\server\require.js
- D:\project\web\admin-panel\node_modules\next\dist\server\next-server.js
- D:\project\web\admin-panel\node_modules\next\dist\server\next.js
- D:\project\web\admin-panel\node_modules\next\dist\server\lib\start-server.js
- D:\project\web\admin-panel\node_modules\next\dist\cli\next-start.js
    at Function.call (node:internal/modules/cjs/loader:1401:15)
    at D:\project\web\admin-panel\node_modules\next\src\server\require-hook.ts:51:34
    at Module.call (C:\Users\kamra\AppData\Roaming\npm\node_modules\pm2\node_modules\require-in-the-middle\index.js:81:25)
    at Module.mod.require (D:\project\web\admin-panel\node_modules\next\src\server\require-hook.ts:70:26)
    at require (node:internal/modules/helpers:135:16)
    at requirePage (D:\project\web\admin-panel\node_modules\next\src\server\require.ts:127:9)
    at D:\project\web\admin-panel\node_modules\next\src\server\load-components.ts:191:16
    at runNextTicks (node:internal/process/task_queues:65:5)
    at processTimers (node:internal/timers:520:9)
    at loadComponentsImpl (D:\project\web\admin-panel\node_modules\next\src\server\load-components.ts:190:24) {
  code: 'MODULE_NOT_FOUND',
  requireStack: [
    'D:\\project\\web\\admin-panel\\node_modules\\next\\dist\\server\\require.js',
    'D:\\project\\web\\admin-panel\\node_modules\\next\\dist\\server\\next-server.js',
    'D:\\project\\web\\admin-panel\\node_modules\\next\\dist\\server\\next.js',
    'D:\\project\\web\\admin-panel\\node_modules\\next\\dist\\server\\lib\\start-server.js',
    'D:\\project\\web\\admin-panel\\node_modules\\next\\dist\\cli\\next-start.js'
  ]
}
