2025-05-02T14:31:43:   ▲ Next.js 14.2.2
2025-05-02T14:31:43:   ▲ Next.js 14.2.2
2025-05-02T14:31:43:   ▲ Next.js 14.2.2
2025-05-02T14:31:43:   - Local:        http://localhost:3000
2025-05-02T14:31:43: 
2025-05-02T14:31:43:  ✓ Starting...
2025-05-02T14:31:43:   - Local:        http://localhost:3000
2025-05-02T14:31:43: 
2025-05-02T14:31:43:  ✓ Starting...
2025-05-02T14:31:43:   ▲ Next.js 14.2.2
2025-05-02T14:31:43:   - Local:        http://localhost:3000
2025-05-02T14:31:43: 
2025-05-02T14:31:43:  ✓ Starting...
2025-05-02T14:31:44:  ✓ Ready in 989ms
2025-05-02T14:31:44:   ▲ Next.js 14.2.2
2025-05-02T14:31:44:  ✓ Ready in 926ms
2025-05-02T14:31:44:   ▲ Next.js 14.2.2
2025-05-02T14:31:44:  ✓ Ready in 932ms
2025-05-02T14:31:43:   - Local:        http://localhost:3000
2025-05-02T14:31:43: 
2025-05-02T14:31:43:  ✓ Starting...
2025-05-02T14:31:44:   - Local:        http://localhost:3000
2025-05-02T14:31:44: 
2025-05-02T14:31:44:  ✓ Starting...
2025-05-02T14:31:44:  ✓ Ready in 959ms
2025-05-02T14:31:44:   - Local:        http://localhost:3000
2025-05-02T14:31:44: 
2025-05-02T14:31:44:  ✓ Starting...
2025-05-02T14:31:44:   ▲ Next.js 14.2.2
2025-05-02T14:31:44:   ▲ Next.js 14.2.2
2025-05-02T14:31:44:  ✓ Ready in 906ms
2025-05-02T14:31:44:  ✓ Ready in 797ms
2025-05-02T14:31:44:   - Local:        http://localhost:3000
2025-05-02T14:31:44: 
2025-05-02T14:31:44:  ✓ Starting...
2025-05-02T14:31:44:   - Local:        http://localhost:3000
2025-05-02T14:31:44: 
2025-05-02T14:31:44:  ✓ Starting...
2025-05-02T14:31:44:  ✓ Ready in 637ms
2025-05-02T14:31:44:  ✓ Ready in 737ms
2026-04-27T06:11:58:   ▲ Next.js 14.2.2
2026-04-27T06:11:58:   ▲ Next.js 14.2.2
2026-04-27T06:11:58:   ▲ Next.js 14.2.2
2026-04-27T06:11:58:   ▲ Next.js 14.2.2
2026-04-27T06:11:58:   ▲ Next.js 14.2.2
2026-04-27T06:11:58:   - Local:        http://localhost:3000
2026-04-27T06:11:58: 
2026-04-27T06:11:58:  ✓ Starting...
2026-04-27T06:11:58:   - Local:        http://localhost:3000
2026-04-27T06:11:58: 
2026-04-27T06:11:58:  ✓ Starting...
2026-04-27T06:11:58:   - Local:        http://localhost:3000
2026-04-27T06:11:58: 
2026-04-27T06:11:58:  ✓ Starting...
2026-04-27T06:11:58:   ▲ Next.js 14.2.2
2026-04-27T06:11:58:   - Local:        http://localhost:3000
2026-04-27T06:11:58: 
2026-04-27T06:11:58:  ✓ Starting...
2026-04-27T06:11:58:   - Local:        http://localhost:3000
2026-04-27T06:11:58: 
2026-04-27T06:11:58:  ✓ Starting...
2026-04-27T06:11:58:   ▲ Next.js 14.2.2
2026-04-27T06:11:58:  ✓ Ready in 1237ms
2026-04-27T06:11:58:  ✓ Ready in 1171ms
2026-04-27T06:11:58:  ✓ Ready in 1242ms
2026-04-27T06:11:58:  ✓ Ready in 1068ms
2026-04-27T06:11:58:   - Local:        http://localhost:3000
2026-04-27T06:11:58: 
2026-04-27T06:11:58:  ✓ Starting...
2026-04-27T06:11:58:   ▲ Next.js 14.2.2
2026-04-27T06:11:58:  ✓ Ready in 1002ms
2026-04-27T06:11:58:   - Local:        http://localhost:3000
2026-04-27T06:11:58: 
2026-04-27T06:11:58:  ✓ Starting...
2026-04-27T06:11:58:  ✓ Ready in 926ms
2026-04-27T06:11:58:   - Local:        http://localhost:3000
2026-04-27T06:11:58: 
2026-04-27T06:11:58:  ✓ Starting...
2026-04-27T06:11:58:  ✓ Ready in 788ms
2026-04-27T06:11:58:  ✓ Ready in 728ms
2026-04-27T13:57:37:   ▲ Next.js 14.2.2
2026-04-27T13:57:37:   ▲ Next.js 14.2.2
2026-04-27T13:57:37:   ▲ Next.js 14.2.2
2026-04-27T13:57:37:   ▲ Next.js 14.2.2
2026-04-27T13:57:37:   ▲ Next.js 14.2.2
2026-04-27T13:57:37:   ▲ Next.js 14.2.2
2026-04-27T13:57:37:   ▲ Next.js 14.2.2
2026-04-27T13:57:37:   ▲ Next.js 14.2.2
2026-04-27T13:57:37:   - Local:        http://localhost:3000
2026-04-27T13:57:37: 
2026-04-27T13:57:37:  ✓ Starting...
2026-04-27T13:57:37:   - Local:        http://localhost:3000
2026-04-27T13:57:37: 
2026-04-27T13:57:37:  ✓ Starting...
2026-04-27T13:57:37:   - Local:        http://localhost:3000
2026-04-27T13:57:37: 
2026-04-27T13:57:37:  ✓ Starting...
2026-04-27T13:57:37:   - Local:        http://localhost:3000
2026-04-27T13:57:37: 
2026-04-27T13:57:37:  ✓ Starting...
2026-04-27T13:57:37:   - Local:        http://localhost:3000
2026-04-27T13:57:37: 
2026-04-27T13:57:37:  ✓ Starting...
2026-04-27T13:57:37:   - Local:        http://localhost:3000
2026-04-27T13:57:37: 
2026-04-27T13:57:37:  ✓ Starting...
2026-04-27T13:57:37:   - Local:        http://localhost:3000
2026-04-27T13:57:37: 
2026-04-27T13:57:37:  ✓ Starting...
2026-04-27T13:57:37:   - Local:        http://localhost:3000
2026-04-27T13:57:37: 
2026-04-27T13:57:37:  ✓ Starting...
2026-04-27T13:57:39:  ✓ Ready in 7s
2026-04-27T13:57:39:  ✓ Ready in 7s
2026-04-27T13:57:39:  ✓ Ready in 7s
2026-04-27T13:57:39:  ✓ Ready in 7s
2026-04-27T13:57:39:  ✓ Ready in 7s
2026-04-27T13:57:39:  ✓ Ready in 7s
2026-04-27T13:57:39:  ✓ Ready in 7s
2026-04-27T13:57:39:  ✓ Ready in 7s
2026-04-29T14:32:46:   ▲ Next.js 14.2.2
2026-04-29T14:32:46:   ▲ Next.js 14.2.2
2026-04-29T14:32:46:   ▲ Next.js 14.2.2
2026-04-29T14:32:46:   ▲ Next.js 14.2.2
2026-04-29T14:32:46:   ▲ Next.js 14.2.2
2026-04-29T14:32:46:   ▲ Next.js 14.2.2
2026-04-29T14:32:46:   ▲ Next.js 14.2.2
2026-04-29T14:32:46:   ▲ Next.js 14.2.2
2026-04-29T14:32:46:   - Local:        http://localhost:3000
2026-04-29T14:32:46: 
2026-04-29T14:32:46:  ✓ Starting...
2026-04-29T14:32:46:   - Local:        http://localhost:3000
2026-04-29T14:32:46: 
2026-04-29T14:32:46:  ✓ Starting...
2026-04-29T14:32:46:   - Local:        http://localhost:3000
2026-04-29T14:32:46: 
2026-04-29T14:32:46:  ✓ Starting...
2026-04-29T14:32:46:   - Local:        http://localhost:3000
2026-04-29T14:32:46: 
2026-04-29T14:32:46:  ✓ Starting...
2026-04-29T14:32:46:   - Local:        http://localhost:3000
2026-04-29T14:32:46: 
2026-04-29T14:32:46:  ✓ Starting...
2026-04-29T14:32:46:   - Local:        http://localhost:3000
2026-04-29T14:32:46: 
2026-04-29T14:32:46:  ✓ Starting...
2026-04-29T14:32:46:   - Local:        http://localhost:3000
2026-04-29T14:32:46: 
2026-04-29T14:32:46:  ✓ Starting...
2026-04-29T14:32:46:   - Local:        http://localhost:3000
2026-04-29T14:32:46: 
2026-04-29T14:32:46:  ✓ Starting...
2026-04-29T14:32:48:  ✓ Ready in 6s
2026-04-29T14:32:48:  ✓ Ready in 6s
2026-04-29T14:32:48:  ✓ Ready in 6s
2026-04-29T14:32:48:  ✓ Ready in 6s
2026-04-29T14:32:48:  ✓ Ready in 6s
2026-04-29T14:32:48:  ✓ Ready in 6s
2026-04-29T14:32:48:  ✓ Ready in 5.9s
2026-04-29T14:32:48:  ✓ Ready in 6s
2026-04-29T14:36:05:   ▲ Next.js 14.2.2
2026-04-29T14:36:05:   ▲ Next.js 14.2.2
2026-04-29T14:36:05:   - Local:        http://localhost:3000
2026-04-29T14:36:05: 
2026-04-29T14:36:05:  ✓ Starting...
2026-04-29T14:36:06:   ▲ Next.js 14.2.2
2026-04-29T14:36:06:   - Local:        http://localhost:3000
2026-04-29T14:36:06: 
2026-04-29T14:36:06:  ✓ Starting...
2026-04-29T14:36:06:   ▲ Next.js 14.2.2
2026-04-29T14:36:06:  ✓ Ready in 1054ms
2026-04-29T14:36:06:   - Local:        http://localhost:3000
2026-04-29T14:36:06: 
2026-04-29T14:36:06:  ✓ Starting...
2026-04-29T14:36:06:   ▲ Next.js 14.2.2
2026-04-29T14:36:06:  ✓ Ready in 1112ms
2026-04-29T14:36:06:   - Local:        http://localhost:3000
2026-04-29T14:36:06: 
2026-04-29T14:36:06:  ✓ Starting...
2026-04-29T14:36:06:  ✓ Ready in 1067ms
2026-04-29T14:36:06:   ▲ Next.js 14.2.2
2026-04-29T14:36:06:   - Local:        http://localhost:3000
2026-04-29T14:36:06: 
2026-04-29T14:36:06:  ✓ Starting...
2026-04-29T14:36:06:   ▲ Next.js 14.2.2
2026-04-29T14:36:06:  ✓ Ready in 1043ms
2026-04-29T14:36:06:   - Local:        http://localhost:3000
2026-04-29T14:36:06: 
2026-04-29T14:36:06:  ✓ Starting...
2026-04-29T14:36:06:   ▲ Next.js 14.2.2
2026-04-29T14:36:06:  ✓ Ready in 1026ms
2026-04-29T14:36:06:   - Local:        http://localhost:3000
2026-04-29T14:36:06: 
2026-04-29T14:36:06:  ✓ Starting...
2026-04-29T14:36:06:  ✓ Ready in 902ms
2026-04-29T14:36:06:   - Local:        http://localhost:3000
2026-04-29T14:36:06: 
2026-04-29T14:36:06:  ✓ Starting...
2026-04-29T14:36:07:  ✓ Ready in 794ms
2026-04-29T14:36:07:  ✓ Ready in 704ms
2026-04-30T21:35:19:   ▲ Next.js 14.2.2
2026-04-30T21:35:19:   ▲ Next.js 14.2.2
2026-04-30T21:35:19:   ▲ Next.js 14.2.2
2026-04-30T21:35:19:   ▲ Next.js 14.2.2
2026-04-30T21:35:19:   ▲ Next.js 14.2.2
2026-04-30T21:35:19:   ▲ Next.js 14.2.2
2026-04-30T21:35:19:   ▲ Next.js 14.2.2
2026-04-30T21:35:19:   ▲ Next.js 14.2.2
2026-04-30T21:35:19:   - Local:        http://localhost:3000
2026-04-30T21:35:19: 
2026-04-30T21:35:19:  ✓ Starting...
2026-04-30T21:35:19:   - Local:        http://localhost:3000
2026-04-30T21:35:19: 
2026-04-30T21:35:19:  ✓ Starting...
2026-04-30T21:35:19:   - Local:        http://localhost:3000
2026-04-30T21:35:19: 
2026-04-30T21:35:19:  ✓ Starting...
2026-04-30T21:35:19:   - Local:        http://localhost:3000
2026-04-30T21:35:19:   - Local:        http://localhost:3000
2026-04-30T21:35:19: 
2026-04-30T21:35:19: 
2026-04-30T21:35:19:  ✓ Starting...
2026-04-30T21:35:19:   - Local:        http://localhost:3000
2026-04-30T21:35:19:   - Local:        http://localhost:3000
2026-04-30T21:35:19:  ✓ Starting...
2026-04-30T21:35:19: 
2026-04-30T21:35:19: 
2026-04-30T21:35:19:  ✓ Starting...
2026-04-30T21:35:19:  ✓ Starting...
2026-04-30T21:35:19:   - Local:        http://localhost:3000
2026-04-30T21:35:19: 
2026-04-30T21:35:19:  ✓ Starting...
2026-04-30T21:35:21:  ✓ Ready in 4.9s
2026-04-30T21:35:21:  ✓ Ready in 5.1s
2026-04-30T21:35:21:  ✓ Ready in 4.9s
2026-04-30T21:35:21:  ✓ Ready in 5.1s
2026-04-30T21:35:21:  ✓ Ready in 4.8s
2026-04-30T21:35:21:  ✓ Ready in 5s
2026-04-30T21:35:21:  ✓ Ready in 5.1s
2026-04-30T21:35:21:  ✓ Ready in 5.1s
2026-04-30T22:14:42:   ▲ Next.js 14.2.2
2026-04-30T22:14:42:   ▲ Next.js 14.2.2
2026-04-30T22:14:42:   ▲ Next.js 14.2.2
2026-04-30T22:14:42:   ▲ Next.js 14.2.2
2026-04-30T22:14:42:   ▲ Next.js 14.2.2
2026-04-30T22:14:42:   ▲ Next.js 14.2.2
2026-04-30T22:14:42:   ▲ Next.js 14.2.2
2026-04-30T22:14:42:   ▲ Next.js 14.2.2
2026-04-30T22:14:42:   - Local:        http://localhost:3000
2026-04-30T22:14:42: 
2026-04-30T22:14:42:  ✓ Starting...
2026-04-30T22:14:42:   - Local:        http://localhost:3000
2026-04-30T22:14:42: 
2026-04-30T22:14:42:  ✓ Starting...
2026-04-30T22:14:42:   - Local:        http://localhost:3000
2026-04-30T22:14:42: 
2026-04-30T22:14:42:  ✓ Starting...
2026-04-30T22:14:42:   - Local:        http://localhost:3000
2026-04-30T22:14:42: 
2026-04-30T22:14:42:  ✓ Starting...
2026-04-30T22:14:42:   - Local:        http://localhost:3000
2026-04-30T22:14:42: 
2026-04-30T22:14:42:  ✓ Starting...
2026-04-30T22:14:42:   - Local:        http://localhost:3000
2026-04-30T22:14:42: 
2026-04-30T22:14:42:  ✓ Starting...
2026-04-30T22:14:42:   - Local:        http://localhost:3000
2026-04-30T22:14:42: 
2026-04-30T22:14:42:  ✓ Starting...
2026-04-30T22:14:42:   - Local:        http://localhost:3000
2026-04-30T22:14:42: 
2026-04-30T22:14:42:  ✓ Starting...
2026-04-30T22:14:44:  ✓ Ready in 7.7s
2026-04-30T22:14:44:  ✓ Ready in 7.5s
2026-04-30T22:14:44:  ✓ Ready in 7.7s
2026-04-30T22:14:44:  ✓ Ready in 7.6s
2026-04-30T22:14:44:  ✓ Ready in 7.7s
2026-04-30T22:14:44:  ✓ Ready in 7.7s
2026-04-30T22:14:44:  ✓ Ready in 7.7s
2026-04-30T22:14:44:  ✓ Ready in 7.7s
2026-05-01T23:07:31:   ▲ Next.js 14.2.2
2026-05-01T23:07:31:   ▲ Next.js 14.2.2
2026-05-01T23:07:31:   ▲ Next.js 14.2.2
2026-05-01T23:07:31:   ▲ Next.js 14.2.2
2026-05-01T23:07:31:   ▲ Next.js 14.2.2
2026-05-01T23:07:31:   ▲ Next.js 14.2.2
2026-05-01T23:07:31:   ▲ Next.js 14.2.2
2026-05-01T23:07:31:   ▲ Next.js 14.2.2
2026-05-01T23:07:31:   - Local:        http://localhost:3000
2026-05-01T23:07:31: 
2026-05-01T23:07:31:  ✓ Starting...
2026-05-01T23:07:31:   - Local:        http://localhost:3000
2026-05-01T23:07:31:   - Local:        http://localhost:3000
2026-05-01T23:07:31: 
2026-05-01T23:07:31: 
2026-05-01T23:07:31:  ✓ Starting...
2026-05-01T23:07:31:  ✓ Starting...
2026-05-01T23:07:31:   - Local:        http://localhost:3000
2026-05-01T23:07:31: 
2026-05-01T23:07:31:  ✓ Starting...
2026-05-01T23:07:31:   - Local:        http://localhost:3000
2026-05-01T23:07:31: 
2026-05-01T23:07:31:  ✓ Starting...
2026-05-01T23:07:31:   - Local:        http://localhost:3000
2026-05-01T23:07:31: 
2026-05-01T23:07:31:  ✓ Starting...
2026-05-01T23:07:31:   - Local:        http://localhost:3000
2026-05-01T23:07:31: 
2026-05-01T23:07:31:  ✓ Starting...
2026-05-01T23:07:31:   - Local:        http://localhost:3000
2026-05-01T23:07:31: 
2026-05-01T23:07:31:  ✓ Starting...
2026-05-01T23:07:34:  ✓ Ready in 9.4s
2026-05-01T23:07:34:  ✓ Ready in 9.4s
2026-05-01T23:07:34:  ✓ Ready in 9.4s
2026-05-01T23:07:34:  ✓ Ready in 9.4s
2026-05-01T23:07:34:  ✓ Ready in 9.4s
2026-05-01T23:07:34:  ✓ Ready in 9.4s
2026-05-01T23:07:34:  ✓ Ready in 9.4s
2026-05-01T23:07:34:  ✓ Ready in 9.4s
2026-05-02T18:55:17:   ▲ Next.js 14.2.2
2026-05-02T18:55:17:   ▲ Next.js 14.2.2
2026-05-02T18:55:17:   ▲ Next.js 14.2.2
2026-05-02T18:55:17:   ▲ Next.js 14.2.2
2026-05-02T18:55:17:   ▲ Next.js 14.2.2
2026-05-02T18:55:17:   ▲ Next.js 14.2.2
2026-05-02T18:55:17:   ▲ Next.js 14.2.2
2026-05-02T18:55:17:   ▲ Next.js 14.2.2
2026-05-02T18:55:17:   - Local:        http://localhost:3000
2026-05-02T18:55:17: 
2026-05-02T18:55:17:  ✓ Starting...
2026-05-02T18:55:17:   - Local:        http://localhost:3000
2026-05-02T18:55:17: 
2026-05-02T18:55:17:  ✓ Starting...
2026-05-02T18:55:17:   - Local:        http://localhost:3000
2026-05-02T18:55:17: 
2026-05-02T18:55:17:  ✓ Starting...
2026-05-02T18:55:17:   - Local:        http://localhost:3000
2026-05-02T18:55:17: 
2026-05-02T18:55:17:  ✓ Starting...
2026-05-02T18:55:17:   - Local:        http://localhost:3000
2026-05-02T18:55:17: 
2026-05-02T18:55:17:  ✓ Starting...
2026-05-02T18:55:17:   - Local:        http://localhost:3000
2026-05-02T18:55:17: 
2026-05-02T18:55:17:  ✓ Starting...
2026-05-02T18:55:17:   - Local:        http://localhost:3000
2026-05-02T18:55:17: 
2026-05-02T18:55:17:  ✓ Starting...
2026-05-02T18:55:17:   - Local:        http://localhost:3000
2026-05-02T18:55:17: 
2026-05-02T18:55:17:  ✓ Starting...
2026-05-02T18:55:19:  ✓ Ready in 6.8s
2026-05-02T18:55:19:  ✓ Ready in 6.7s
2026-05-02T18:55:19:  ✓ Ready in 6.8s
2026-05-02T18:55:19:  ✓ Ready in 6.8s
2026-05-02T18:55:19:  ✓ Ready in 6.8s
2026-05-02T18:55:19:  ✓ Ready in 6.8s
2026-05-02T18:55:19:  ✓ Ready in 6.8s
2026-05-02T18:55:19:  ✓ Ready in 6.8s
2026-05-02T22:40:02:   ▲ Next.js 14.2.2
2026-05-02T22:40:02:   ▲ Next.js 14.2.2
2026-05-02T22:40:02:   - Local:        http://localhost:3000
2026-05-02T22:40:02: 
2026-05-02T22:40:02:  ✓ Starting...
2026-05-02T22:40:03:   ▲ Next.js 14.2.2
2026-05-02T22:40:02:   - Local:        http://localhost:3000
2026-05-02T22:40:02: 
2026-05-02T22:40:02:  ✓ Starting...
2026-05-02T22:40:03:  ✓ Ready in 933ms
2026-05-02T22:40:03:   ▲ Next.js 14.2.2
2026-05-02T22:40:03:   - Local:        http://localhost:3000
2026-05-02T22:40:03: 
2026-05-02T22:40:03:  ✓ Starting...
2026-05-02T22:40:03:   ▲ Next.js 14.2.2
2026-05-02T22:40:03:  ✓ Ready in 1002ms
2026-05-02T22:40:03:   - Local:        http://localhost:3000
2026-05-02T22:40:03: 
2026-05-02T22:40:03:  ✓ Starting...
2026-05-02T22:40:03:   ▲ Next.js 14.2.2
2026-05-02T22:40:03:  ✓ Ready in 1035ms
2026-05-02T22:40:03:   ▲ Next.js 14.2.2
2026-05-02T22:40:03:   - Local:        http://localhost:3000
2026-05-02T22:40:03: 
2026-05-02T22:40:03:  ✓ Starting...
2026-05-02T22:40:03:  ✓ Ready in 976ms
2026-05-02T22:40:03:   - Local:        http://localhost:3000
2026-05-02T22:40:03: 
2026-05-02T22:40:03:  ✓ Starting...
2026-05-02T22:40:03:   ▲ Next.js 14.2.2
2026-05-02T22:40:03:  ✓ Ready in 952ms
2026-05-02T22:40:03:   - Local:        http://localhost:3000
2026-05-02T22:40:03: 
2026-05-02T22:40:03:  ✓ Starting...
2026-05-02T22:40:03:  ✓ Ready in 842ms
2026-05-02T22:40:03:   - Local:        http://localhost:3000
2026-05-02T22:40:03: 
2026-05-02T22:40:03:  ✓ Starting...
2026-05-02T22:40:03:  ✓ Ready in 768ms
2026-05-02T22:40:03:  ✓ Ready in 633ms
2026-05-04T03:40:32:   ▲ Next.js 14.2.2
2026-05-04T03:40:32:   ▲ Next.js 14.2.2
2026-05-04T03:40:32:   ▲ Next.js 14.2.2
2026-05-04T03:40:32:   ▲ Next.js 14.2.2
2026-05-04T03:40:32:   ▲ Next.js 14.2.2
2026-05-04T03:40:32:   ▲ Next.js 14.2.2
2026-05-04T03:40:32:   ▲ Next.js 14.2.2
2026-05-04T03:40:32:   ▲ Next.js 14.2.2
2026-05-04T03:40:32:   - Local:        http://localhost:3000
2026-05-04T03:40:32: 
2026-05-04T03:40:32:  ✓ Starting...
2026-05-04T03:40:32:   - Local:        http://localhost:3000
2026-05-04T03:40:32: 
2026-05-04T03:40:32:  ✓ Starting...
2026-05-04T03:40:32:   - Local:        http://localhost:3000
2026-05-04T03:40:32: 
2026-05-04T03:40:32:  ✓ Starting...
2026-05-04T03:40:32:   - Local:        http://localhost:3000
2026-05-04T03:40:32: 
2026-05-04T03:40:32:  ✓ Starting...
2026-05-04T03:40:32:   - Local:        http://localhost:3000
2026-05-04T03:40:32: 
2026-05-04T03:40:32:  ✓ Starting...
2026-05-04T03:40:32:   - Local:        http://localhost:3000
2026-05-04T03:40:32: 
2026-05-04T03:40:32:  ✓ Starting...
2026-05-04T03:40:32:   - Local:        http://localhost:3000
2026-05-04T03:40:32: 
2026-05-04T03:40:32:  ✓ Starting...
2026-05-04T03:40:32:   - Local:        http://localhost:3000
2026-05-04T03:40:32: 
2026-05-04T03:40:32:  ✓ Starting...
2026-05-04T03:40:34:  ✓ Ready in 6s
2026-05-04T03:40:34:  ✓ Ready in 6s
2026-05-04T03:40:34:  ✓ Ready in 6s
2026-05-04T03:40:34:  ✓ Ready in 5.9s
2026-05-04T03:40:34:  ✓ Ready in 6s
2026-05-04T03:40:34:  ✓ Ready in 6s
2026-05-04T03:40:34:  ✓ Ready in 6s
2026-05-04T03:40:34:  ✓ Ready in 6s
2026-05-04T17:20:12:   ▲ Next.js 14.2.2
2026-05-04T17:20:12:   ▲ Next.js 14.2.2
2026-05-04T17:20:12:   ▲ Next.js 14.2.2
2026-05-04T17:20:12:   ▲ Next.js 14.2.2
2026-05-04T17:20:12:   ▲ Next.js 14.2.2
2026-05-04T17:20:12:   ▲ Next.js 14.2.2
2026-05-04T17:20:12:   ▲ Next.js 14.2.2
2026-05-04T17:20:12:   ▲ Next.js 14.2.2
2026-05-04T17:20:12:   - Local:        http://localhost:3000
2026-05-04T17:20:12: 
2026-05-04T17:20:12:  ✓ Starting...
2026-05-04T17:20:12:   - Local:        http://localhost:3000
2026-05-04T17:20:12: 
2026-05-04T17:20:12:  ✓ Starting...
2026-05-04T17:20:12:   - Local:        http://localhost:3000
2026-05-04T17:20:12: 
2026-05-04T17:20:12:  ✓ Starting...
2026-05-04T17:20:12:   - Local:        http://localhost:3000
2026-05-04T17:20:12: 
2026-05-04T17:20:12:  ✓ Starting...
2026-05-04T17:20:12:   - Local:        http://localhost:3000
2026-05-04T17:20:12: 
2026-05-04T17:20:12:  ✓ Starting...
2026-05-04T17:20:12:   - Local:        http://localhost:3000
2026-05-04T17:20:12: 
2026-05-04T17:20:12:  ✓ Starting...
2026-05-04T17:20:12:   - Local:        http://localhost:3000
2026-05-04T17:20:12: 
2026-05-04T17:20:12:  ✓ Starting...
2026-05-04T17:20:12:   - Local:        http://localhost:3000
2026-05-04T17:20:12: 
2026-05-04T17:20:12:  ✓ Starting...
2026-05-04T17:20:14:  ✓ Ready in 6.9s
2026-05-04T17:20:14:  ✓ Ready in 6.9s
2026-05-04T17:20:14:  ✓ Ready in 6.9s
2026-05-04T17:20:14:  ✓ Ready in 6.9s
2026-05-04T17:20:14:  ✓ Ready in 6.9s
2026-05-04T17:20:14:  ✓ Ready in 6.9s
2026-05-04T17:20:14:  ✓ Ready in 6.9s
2026-05-04T17:20:14:  ✓ Ready in 6.9s
2026-05-05T01:40:24:   ▲ Next.js 14.2.2
2026-05-05T01:40:24:   ▲ Next.js 14.2.2
2026-05-05T01:40:24:   ▲ Next.js 14.2.2
2026-05-05T01:40:24:   ▲ Next.js 14.2.2
2026-05-05T01:40:24:   ▲ Next.js 14.2.2
2026-05-05T01:40:24:   ▲ Next.js 14.2.2
2026-05-05T01:40:24:   ▲ Next.js 14.2.2
2026-05-05T01:40:24:   ▲ Next.js 14.2.2
2026-05-05T01:40:24:   - Local:        http://localhost:3000
2026-05-05T01:40:24: 
2026-05-05T01:40:24:  ✓ Starting...
2026-05-05T01:40:24:   - Local:        http://localhost:3000
2026-05-05T01:40:24: 
2026-05-05T01:40:24:  ✓ Starting...
2026-05-05T01:40:24:   - Local:        http://localhost:3000
2026-05-05T01:40:24: 
2026-05-05T01:40:24:  ✓ Starting...
2026-05-05T01:40:24:   - Local:        http://localhost:3000
2026-05-05T01:40:24: 
2026-05-05T01:40:24:  ✓ Starting...
2026-05-05T01:40:24:   - Local:        http://localhost:3000
2026-05-05T01:40:24: 
2026-05-05T01:40:24:  ✓ Starting...
2026-05-05T01:40:24:   - Local:        http://localhost:3000
2026-05-05T01:40:24: 
2026-05-05T01:40:24:  ✓ Starting...
2026-05-05T01:40:24:   - Local:        http://localhost:3000
2026-05-05T01:40:24: 
2026-05-05T01:40:24:  ✓ Starting...
2026-05-05T01:40:24:   - Local:        http://localhost:3000
2026-05-05T01:40:24: 
2026-05-05T01:40:24:  ✓ Starting...
2026-05-05T01:40:27:  ✓ Ready in 8.4s
2026-05-05T01:40:27:  ✓ Ready in 8.4s
2026-05-05T01:40:27:  ✓ Ready in 8.4s
2026-05-05T01:40:27:  ✓ Ready in 8.4s
2026-05-05T01:40:27:  ✓ Ready in 8.4s
2026-05-05T01:40:27:  ✓ Ready in 8.4s
2026-05-05T01:40:27:  ✓ Ready in 8.4s
2026-05-05T01:40:27:  ✓ Ready in 8.4s
2026-05-05T12:32:43:   ▲ Next.js 14.2.2
2026-05-05T12:32:43:   ▲ Next.js 14.2.2
2026-05-05T12:32:43:   ▲ Next.js 14.2.2
2026-05-05T12:32:43:   ▲ Next.js 14.2.2
2026-05-05T12:32:43:   ▲ Next.js 14.2.2
2026-05-05T12:32:43:   ▲ Next.js 14.2.2
2026-05-05T12:32:43:   ▲ Next.js 14.2.2
2026-05-05T12:32:43:   ▲ Next.js 14.2.2
2026-05-05T12:32:43:   - Local:        http://localhost:3000
2026-05-05T12:32:43: 
2026-05-05T12:32:43:  ✓ Starting...
2026-05-05T12:32:43:   - Local:        http://localhost:3000
2026-05-05T12:32:43: 
2026-05-05T12:32:43:  ✓ Starting...
2026-05-05T12:32:43:   - Local:        http://localhost:3000
2026-05-05T12:32:43: 
2026-05-05T12:32:43:  ✓ Starting...
2026-05-05T12:32:43:   - Local:        http://localhost:3000
2026-05-05T12:32:43: 
2026-05-05T12:32:43:  ✓ Starting...
2026-05-05T12:32:43:   - Local:        http://localhost:3000
2026-05-05T12:32:43: 
2026-05-05T12:32:43:  ✓ Starting...
2026-05-05T12:32:43:   - Local:        http://localhost:3000
2026-05-05T12:32:43: 
2026-05-05T12:32:43:  ✓ Starting...
2026-05-05T12:32:43:   - Local:        http://localhost:3000
2026-05-05T12:32:43: 
2026-05-05T12:32:43:  ✓ Starting...
2026-05-05T12:32:43:   - Local:        http://localhost:3000
2026-05-05T12:32:43: 
2026-05-05T12:32:43:  ✓ Starting...
2026-05-05T12:32:44:  ✓ Ready in 6.1s
2026-05-05T12:32:44:  ✓ Ready in 6.2s
2026-05-05T12:32:44:  ✓ Ready in 6.2s
2026-05-05T12:32:44:  ✓ Ready in 6.2s
2026-05-05T12:32:44:  ✓ Ready in 6.1s
2026-05-05T12:32:44:  ✓ Ready in 6.2s
2026-05-05T12:32:44:  ✓ Ready in 6.2s
2026-05-05T12:32:44:  ✓ Ready in 6.2s
2026-05-06T20:31:09:   ▲ Next.js 14.2.2
2026-05-06T20:31:09:   ▲ Next.js 14.2.2
2026-05-06T20:31:09:   ▲ Next.js 14.2.2
2026-05-06T20:31:09:   ▲ Next.js 14.2.2
2026-05-06T20:31:09:   ▲ Next.js 14.2.2
2026-05-06T20:31:10:   ▲ Next.js 14.2.2
2026-05-06T20:31:09:   ▲ Next.js 14.2.2
2026-05-06T20:31:09:   ▲ Next.js 14.2.2
2026-05-06T20:31:09:   - Local:        http://localhost:3000
2026-05-06T20:31:09: 
2026-05-06T20:31:09:  ✓ Starting...
2026-05-06T20:31:10:   - Local:        http://localhost:3000
2026-05-06T20:31:10: 
2026-05-06T20:31:10:  ✓ Starting...
2026-05-06T20:31:10:   - Local:        http://localhost:3000
2026-05-06T20:31:10: 
2026-05-06T20:31:10:  ✓ Starting...
2026-05-06T20:31:09:   - Local:        http://localhost:3000
2026-05-06T20:31:09: 
2026-05-06T20:31:09:  ✓ Starting...
2026-05-06T20:31:10:   - Local:        http://localhost:3000
2026-05-06T20:31:10: 
2026-05-06T20:31:10:  ✓ Starting...
2026-05-06T20:31:09:   - Local:        http://localhost:3000
2026-05-06T20:31:09: 
2026-05-06T20:31:09:  ✓ Starting...
2026-05-06T20:31:09:   - Local:        http://localhost:3000
2026-05-06T20:31:09: 
2026-05-06T20:31:09:  ✓ Starting...
2026-05-06T20:31:10:   - Local:        http://localhost:3000
2026-05-06T20:31:10: 
2026-05-06T20:31:10:  ✓ Starting...
2026-05-06T20:31:12:  ✓ Ready in 8.6s
2026-05-06T20:31:12:  ✓ Ready in 8.6s
2026-05-06T20:31:12:  ✓ Ready in 8.6s
2026-05-06T20:31:12:  ✓ Ready in 8.6s
2026-05-06T20:31:12:  ✓ Ready in 8.6s
2026-05-06T20:31:12:  ✓ Ready in 8.6s
2026-05-06T20:31:12:  ✓ Ready in 8.6s
2026-05-06T20:31:12:  ✓ Ready in 8.6s
2026-05-07T16:10:54:   ▲ Next.js 14.2.2
2026-05-07T16:10:54:   ▲ Next.js 14.2.2
2026-05-07T16:10:54:   ▲ Next.js 14.2.2
2026-05-07T16:10:54:   ▲ Next.js 14.2.2
2026-05-07T16:10:54:   ▲ Next.js 14.2.2
2026-05-07T16:10:54:   ▲ Next.js 14.2.2
2026-05-07T16:10:54:   ▲ Next.js 14.2.2
2026-05-07T16:10:54:   ▲ Next.js 14.2.2
2026-05-07T16:10:54:   - Local:        http://localhost:3000
2026-05-07T16:10:54: 
2026-05-07T16:10:54:  ✓ Starting...
2026-05-07T16:10:54:   - Local:        http://localhost:3000
2026-05-07T16:10:54: 
2026-05-07T16:10:54:  ✓ Starting...
2026-05-07T16:10:54:   - Local:        http://localhost:3000
2026-05-07T16:10:54: 
2026-05-07T16:10:54:  ✓ Starting...
2026-05-07T16:10:54:   - Local:        http://localhost:3000
2026-05-07T16:10:54: 
2026-05-07T16:10:54:  ✓ Starting...
2026-05-07T16:10:54:   - Local:        http://localhost:3000
2026-05-07T16:10:54: 
2026-05-07T16:10:54:  ✓ Starting...
2026-05-07T16:10:54:   - Local:        http://localhost:3000
2026-05-07T16:10:54: 
2026-05-07T16:10:54:  ✓ Starting...
2026-05-07T16:10:54:   - Local:        http://localhost:3000
2026-05-07T16:10:54: 
2026-05-07T16:10:54:  ✓ Starting...
2026-05-07T16:10:54:   - Local:        http://localhost:3000
2026-05-07T16:10:54: 
2026-05-07T16:10:54:  ✓ Starting...
2026-05-07T16:10:57:  ✓ Ready in 12.3s
2026-05-07T16:10:57:  ✓ Ready in 12.3s
2026-05-07T16:10:57:  ✓ Ready in 12.3s
2026-05-07T16:10:57:  ✓ Ready in 12.3s
2026-05-07T16:10:57:  ✓ Ready in 12.4s
2026-05-07T16:10:57:  ✓ Ready in 12.4s
2026-05-07T16:10:57:  ✓ Ready in 12.4s
2026-05-07T16:10:57:  ✓ Ready in 12.4s
2026-05-08T03:50:42:   ▲ Next.js 14.2.2
2026-05-08T03:50:42:   ▲ Next.js 14.2.2
2026-05-08T03:50:42:   ▲ Next.js 14.2.2
2026-05-08T03:50:42:   ▲ Next.js 14.2.2
2026-05-08T03:50:42:   ▲ Next.js 14.2.2
2026-05-08T03:50:42:   ▲ Next.js 14.2.2
2026-05-08T03:50:42:   ▲ Next.js 14.2.2
2026-05-08T03:50:42:   ▲ Next.js 14.2.2
2026-05-08T03:50:42:   - Local:        http://localhost:3000
2026-05-08T03:50:42: 
2026-05-08T03:50:42:  ✓ Starting...
2026-05-08T03:50:42:   - Local:        http://localhost:3000
2026-05-08T03:50:42: 
2026-05-08T03:50:42:  ✓ Starting...
2026-05-08T03:50:42:   - Local:        http://localhost:3000
2026-05-08T03:50:42: 
2026-05-08T03:50:42:  ✓ Starting...
2026-05-08T03:50:42:   - Local:        http://localhost:3000
2026-05-08T03:50:42: 
2026-05-08T03:50:42:  ✓ Starting...
2026-05-08T03:50:42:   - Local:        http://localhost:3000
2026-05-08T03:50:42: 
2026-05-08T03:50:42:  ✓ Starting...
2026-05-08T03:50:42:   - Local:        http://localhost:3000
2026-05-08T03:50:42: 
2026-05-08T03:50:42:   - Local:        http://localhost:3000
2026-05-08T03:50:42:  ✓ Starting...
2026-05-08T03:50:42: 
2026-05-08T03:50:42:  ✓ Starting...
2026-05-08T03:50:42:   - Local:        http://localhost:3000
2026-05-08T03:50:42: 
2026-05-08T03:50:42:  ✓ Starting...
2026-05-08T03:50:46:  ✓ Ready in 12.6s
2026-05-08T03:50:46:  ✓ Ready in 12.6s
2026-05-08T03:50:46:  ✓ Ready in 12.6s
2026-05-08T03:50:46:  ✓ Ready in 12.6s
2026-05-08T03:50:46:  ✓ Ready in 12.6s
2026-05-08T03:50:46:  ✓ Ready in 12.6s
2026-05-08T03:50:46:  ✓ Ready in 12.6s
2026-05-08T03:50:46:  ✓ Ready in 12.6s
2026-05-08T15:08:53:   ▲ Next.js 14.2.2
2026-05-08T15:08:53:   ▲ Next.js 14.2.2
2026-05-08T15:08:53:   ▲ Next.js 14.2.2
2026-05-08T15:08:53:   ▲ Next.js 14.2.2
2026-05-08T15:08:53:   ▲ Next.js 14.2.2
2026-05-08T15:08:53:   ▲ Next.js 14.2.2
2026-05-08T15:08:53:   ▲ Next.js 14.2.2
2026-05-08T15:08:53:   ▲ Next.js 14.2.2
2026-05-08T15:08:53:   - Local:        http://localhost:3000
2026-05-08T15:08:53: 
2026-05-08T15:08:53:  ✓ Starting...
2026-05-08T15:08:53:   - Local:        http://localhost:3000
2026-05-08T15:08:53: 
2026-05-08T15:08:53:  ✓ Starting...
2026-05-08T15:08:53:   - Local:        http://localhost:3000
2026-05-08T15:08:53: 
2026-05-08T15:08:53:  ✓ Starting...
2026-05-08T15:08:53:   - Local:        http://localhost:3000
2026-05-08T15:08:53: 
2026-05-08T15:08:53:  ✓ Starting...
2026-05-08T15:08:53:   - Local:        http://localhost:3000
2026-05-08T15:08:53: 
2026-05-08T15:08:53:  ✓ Starting...
2026-05-08T15:08:53:   - Local:        http://localhost:3000
2026-05-08T15:08:53: 
2026-05-08T15:08:53:  ✓ Starting...
2026-05-08T15:08:53:   - Local:        http://localhost:3000
2026-05-08T15:08:53: 
2026-05-08T15:08:53:  ✓ Starting...
2026-05-08T15:08:53:   - Local:        http://localhost:3000
2026-05-08T15:08:53: 
2026-05-08T15:08:53:  ✓ Starting...
2026-05-08T15:08:56:  ✓ Ready in 7.7s
2026-05-08T15:08:56:  ✓ Ready in 7.7s
2026-05-08T15:08:56:  ✓ Ready in 7.7s
2026-05-08T15:08:56:  ✓ Ready in 7.7s
2026-05-08T15:08:56:  ✓ Ready in 7.7s
2026-05-08T15:08:56:  ✓ Ready in 7.7s
2026-05-08T15:08:56:  ✓ Ready in 7.6s
2026-05-08T15:08:56:  ✓ Ready in 7.7s
2026-05-09T11:41:50:   ▲ Next.js 14.2.2
2026-05-09T11:41:50:   ▲ Next.js 14.2.2
2026-05-09T11:41:50:   ▲ Next.js 14.2.2
2026-05-09T11:41:50:   ▲ Next.js 14.2.2
2026-05-09T11:41:50:   ▲ Next.js 14.2.2
2026-05-09T11:41:50:   ▲ Next.js 14.2.2
2026-05-09T11:41:50:   ▲ Next.js 14.2.2
2026-05-09T11:41:50:   ▲ Next.js 14.2.2
2026-05-09T11:41:50:   - Local:        http://localhost:3000
2026-05-09T11:41:50: 
2026-05-09T11:41:50:  ✓ Starting...
2026-05-09T11:41:50:   - Local:        http://localhost:3000
2026-05-09T11:41:50:   - Local:        http://localhost:3000
2026-05-09T11:41:50: 
2026-05-09T11:41:50: 
2026-05-09T11:41:50:  ✓ Starting...
2026-05-09T11:41:50:  ✓ Starting...
2026-05-09T11:41:50:   - Local:        http://localhost:3000
2026-05-09T11:41:50: 
2026-05-09T11:41:50:  ✓ Starting...
2026-05-09T11:41:50:   - Local:        http://localhost:3000
2026-05-09T11:41:50: 
2026-05-09T11:41:50:  ✓ Starting...
2026-05-09T11:41:50:   - Local:        http://localhost:3000
2026-05-09T11:41:50: 
2026-05-09T11:41:50:  ✓ Starting...
2026-05-09T11:41:50:   - Local:        http://localhost:3000
2026-05-09T11:41:50: 
2026-05-09T11:41:50:  ✓ Starting...
2026-05-09T11:41:50:   - Local:        http://localhost:3000
2026-05-09T11:41:50: 
2026-05-09T11:41:50:  ✓ Starting...
2026-05-09T11:41:54:  ✓ Ready in 13.4s
2026-05-09T11:41:54:  ✓ Ready in 13.4s
2026-05-09T11:41:54:  ✓ Ready in 13.4s
2026-05-09T11:41:54:  ✓ Ready in 13.4s
2026-05-09T11:41:54:  ✓ Ready in 13.4s
2026-05-09T11:41:54:  ✓ Ready in 13.4s
2026-05-09T11:41:54:  ✓ Ready in 13.4s
2026-05-09T11:41:54:  ✓ Ready in 13.4s
2026-05-09T23:10:23:   ▲ Next.js 14.2.2
2026-05-09T23:10:23:   ▲ Next.js 14.2.2
2026-05-09T23:10:23:   ▲ Next.js 14.2.2
2026-05-09T23:10:23:   ▲ Next.js 14.2.2
2026-05-09T23:10:23:   ▲ Next.js 14.2.2
2026-05-09T23:10:23:   ▲ Next.js 14.2.2
2026-05-09T23:10:23:   ▲ Next.js 14.2.2
2026-05-09T23:10:23:   ▲ Next.js 14.2.2
2026-05-09T23:10:23:   - Local:        http://localhost:3000
2026-05-09T23:10:23: 
2026-05-09T23:10:23:  ✓ Starting...
2026-05-09T23:10:23:   - Local:        http://localhost:3000
2026-05-09T23:10:23: 
2026-05-09T23:10:23:  ✓ Starting...
2026-05-09T23:10:23:   - Local:        http://localhost:3000
2026-05-09T23:10:23: 
2026-05-09T23:10:23:  ✓ Starting...
2026-05-09T23:10:23:   - Local:        http://localhost:3000
2026-05-09T23:10:23: 
2026-05-09T23:10:23:  ✓ Starting...
2026-05-09T23:10:23:   - Local:        http://localhost:3000
2026-05-09T23:10:23: 
2026-05-09T23:10:23:  ✓ Starting...
2026-05-09T23:10:23:   - Local:        http://localhost:3000
2026-05-09T23:10:23: 
2026-05-09T23:10:23:  ✓ Starting...
2026-05-09T23:10:23:   - Local:        http://localhost:3000
2026-05-09T23:10:23: 
2026-05-09T23:10:23:  ✓ Starting...
2026-05-09T23:10:23:   - Local:        http://localhost:3000
2026-05-09T23:10:23: 
2026-05-09T23:10:23:  ✓ Starting...
2026-05-09T23:10:25:  ✓ Ready in 8.2s
2026-05-09T23:10:25:  ✓ Ready in 8.2s
2026-05-09T23:10:25:  ✓ Ready in 8.2s
2026-05-09T23:10:25:  ✓ Ready in 7.9s
2026-05-09T23:10:25:  ✓ Ready in 8.1s
2026-05-09T23:10:25:  ✓ Ready in 8.2s
2026-05-09T23:10:25:  ✓ Ready in 8.2s
2026-05-09T23:10:25:  ✓ Ready in 8s
2026-05-10T04:06:01:   ▲ Next.js 14.2.2
2026-05-10T04:06:01:   ▲ Next.js 14.2.2
2026-05-10T04:06:01:   ▲ Next.js 14.2.2
2026-05-10T04:06:01:   ▲ Next.js 14.2.2
2026-05-10T04:06:01:   ▲ Next.js 14.2.2
2026-05-10T04:06:01:   ▲ Next.js 14.2.2
2026-05-10T04:06:01:   ▲ Next.js 14.2.2
2026-05-10T04:06:01:   ▲ Next.js 14.2.2
2026-05-10T04:06:01:   - Local:        http://localhost:3000
2026-05-10T04:06:01: 
2026-05-10T04:06:01:  ✓ Starting...
2026-05-10T04:06:01:   - Local:        http://localhost:3000
2026-05-10T04:06:01:   - Local:        http://localhost:3000
2026-05-10T04:06:01: 
2026-05-10T04:06:01: 
2026-05-10T04:06:01:  ✓ Starting...
2026-05-10T04:06:01:  ✓ Starting...
2026-05-10T04:06:01:   - Local:        http://localhost:3000
2026-05-10T04:06:01: 
2026-05-10T04:06:01:  ✓ Starting...
2026-05-10T04:06:01:   - Local:        http://localhost:3000
2026-05-10T04:06:01: 
2026-05-10T04:06:01:  ✓ Starting...
2026-05-10T04:06:01:   - Local:        http://localhost:3000
2026-05-10T04:06:01: 
2026-05-10T04:06:01:  ✓ Starting...
2026-05-10T04:06:01:   - Local:        http://localhost:3000
2026-05-10T04:06:01: 
2026-05-10T04:06:01:  ✓ Starting...
2026-05-10T04:06:01:   - Local:        http://localhost:3000
2026-05-10T04:06:01: 
2026-05-10T04:06:01:  ✓ Starting...
2026-05-10T04:06:03:  ✓ Ready in 9.4s
2026-05-10T04:06:03:  ✓ Ready in 9.4s
2026-05-10T04:06:03:  ✓ Ready in 9.4s
2026-05-10T04:06:03:  ✓ Ready in 9.4s
2026-05-10T04:06:03:  ✓ Ready in 9.4s
2026-05-10T04:06:03:  ✓ Ready in 9.4s
2026-05-10T04:06:03:  ✓ Ready in 9.4s
2026-05-10T04:06:03:  ✓ Ready in 9.4s
2026-05-10T22:32:28:   ▲ Next.js 14.2.2
2026-05-10T22:32:28:   ▲ Next.js 14.2.2
2026-05-10T22:32:28:   ▲ Next.js 14.2.2
2026-05-10T22:32:28:   ▲ Next.js 14.2.2
2026-05-10T22:32:28:   ▲ Next.js 14.2.2
2026-05-10T22:32:28:   ▲ Next.js 14.2.2
2026-05-10T22:32:28:   ▲ Next.js 14.2.2
2026-05-10T22:32:28:   ▲ Next.js 14.2.2
2026-05-10T22:32:28:   - Local:        http://localhost:3000
2026-05-10T22:32:28: 
2026-05-10T22:32:28:  ✓ Starting...
2026-05-10T22:32:28:   - Local:        http://localhost:3000
2026-05-10T22:32:28: 
2026-05-10T22:32:28:  ✓ Starting...
2026-05-10T22:32:28:   - Local:        http://localhost:3000
2026-05-10T22:32:28: 
2026-05-10T22:32:28:  ✓ Starting...
2026-05-10T22:32:28:   - Local:        http://localhost:3000
2026-05-10T22:32:28: 
2026-05-10T22:32:28:  ✓ Starting...
2026-05-10T22:32:28:   - Local:        http://localhost:3000
2026-05-10T22:32:28: 
2026-05-10T22:32:28:  ✓ Starting...
2026-05-10T22:32:28:   - Local:        http://localhost:3000
2026-05-10T22:32:28: 
2026-05-10T22:32:28:  ✓ Starting...
2026-05-10T22:32:28:   - Local:        http://localhost:3000
2026-05-10T22:32:28: 
2026-05-10T22:32:28:  ✓ Starting...
2026-05-10T22:32:28:   - Local:        http://localhost:3000
2026-05-10T22:32:28: 
2026-05-10T22:32:28:  ✓ Starting...
2026-05-10T22:32:30:  ✓ Ready in 7.6s
2026-05-10T22:32:30:  ✓ Ready in 7.7s
2026-05-10T22:32:30:  ✓ Ready in 7.4s
2026-05-10T22:32:30:  ✓ Ready in 7.7s
2026-05-10T22:32:30:  ✓ Ready in 7.7s
2026-05-10T22:32:30:  ✓ Ready in 7.7s
2026-05-10T22:32:30:  ✓ Ready in 7.4s
2026-05-10T22:32:30:  ✓ Ready in 7.5s
2026-05-12T08:41:18:   ▲ Next.js 14.2.2
2026-05-12T08:41:18:   ▲ Next.js 14.2.2
2026-05-12T08:41:18:   ▲ Next.js 14.2.2
2026-05-12T08:41:18:   ▲ Next.js 14.2.2
2026-05-12T08:41:18:   ▲ Next.js 14.2.2
2026-05-12T08:41:18:   ▲ Next.js 14.2.2
2026-05-12T08:41:18:   ▲ Next.js 14.2.2
2026-05-12T08:41:18:   ▲ Next.js 14.2.2
2026-05-12T08:41:18:   - Local:        http://localhost:3000
2026-05-12T08:41:18: 
2026-05-12T08:41:18:  ✓ Starting...
2026-05-12T08:41:18:   - Local:        http://localhost:3000
2026-05-12T08:41:18: 
2026-05-12T08:41:18:  ✓ Starting...
2026-05-12T08:41:18:   - Local:        http://localhost:3000
2026-05-12T08:41:18: 
2026-05-12T08:41:18:  ✓ Starting...
2026-05-12T08:41:18:   - Local:        http://localhost:3000
2026-05-12T08:41:18: 
2026-05-12T08:41:18:  ✓ Starting...
2026-05-12T08:41:18:   - Local:        http://localhost:3000
2026-05-12T08:41:18: 
2026-05-12T08:41:18:  ✓ Starting...
2026-05-12T08:41:18:   - Local:        http://localhost:3000
2026-05-12T08:41:18: 
2026-05-12T08:41:18:  ✓ Starting...
2026-05-12T08:41:18:   - Local:        http://localhost:3000
2026-05-12T08:41:18: 
2026-05-12T08:41:18:  ✓ Starting...
2026-05-12T08:41:18:   - Local:        http://localhost:3000
2026-05-12T08:41:18: 
2026-05-12T08:41:18:  ✓ Starting...
2026-05-12T08:41:20:  ✓ Ready in 7.3s
2026-05-12T08:41:20:  ✓ Ready in 7.4s
2026-05-12T08:41:20:  ✓ Ready in 7.4s
2026-05-12T08:41:20:  ✓ Ready in 7.5s
2026-05-12T08:41:20:  ✓ Ready in 7.5s
2026-05-12T08:41:20:  ✓ Ready in 7.5s
2026-05-12T08:41:20:  ✓ Ready in 7.5s
2026-05-12T08:41:20:  ✓ Ready in 7.5s
2026-05-13T09:09:20:   ▲ Next.js 14.2.2
2026-05-13T09:09:20:   ▲ Next.js 14.2.2
2026-05-13T09:09:20:   ▲ Next.js 14.2.2
2026-05-13T09:09:20:   ▲ Next.js 14.2.2
2026-05-13T09:09:20:   ▲ Next.js 14.2.2
2026-05-13T09:09:20:   ▲ Next.js 14.2.2
2026-05-13T09:09:20:   ▲ Next.js 14.2.2
2026-05-13T09:09:20:   ▲ Next.js 14.2.2
2026-05-13T09:09:20:   - Local:        http://localhost:3000
2026-05-13T09:09:20: 
2026-05-13T09:09:20:  ✓ Starting...
2026-05-13T09:09:20:   - Local:        http://localhost:3000
2026-05-13T09:09:20: 
2026-05-13T09:09:20:  ✓ Starting...
2026-05-13T09:09:20:   - Local:        http://localhost:3000
2026-05-13T09:09:20: 
2026-05-13T09:09:20:   - Local:        http://localhost:3000
2026-05-13T09:09:20:  ✓ Starting...
2026-05-13T09:09:20: 
2026-05-13T09:09:20:  ✓ Starting...
2026-05-13T09:09:20:   - Local:        http://localhost:3000
2026-05-13T09:09:20: 
2026-05-13T09:09:20:  ✓ Starting...
2026-05-13T09:09:20:   - Local:        http://localhost:3000
2026-05-13T09:09:20: 
2026-05-13T09:09:20:  ✓ Starting...
2026-05-13T09:09:20:   - Local:        http://localhost:3000
2026-05-13T09:09:20: 
2026-05-13T09:09:20:  ✓ Starting...
2026-05-13T09:09:20:   - Local:        http://localhost:3000
2026-05-13T09:09:20: 
2026-05-13T09:09:20:  ✓ Starting...
2026-05-13T09:09:23:  ✓ Ready in 7.5s
2026-05-13T09:09:23:  ✓ Ready in 7.5s
2026-05-13T09:09:23:  ✓ Ready in 7.5s
2026-05-13T09:09:23:  ✓ Ready in 7.5s
2026-05-13T09:09:23:  ✓ Ready in 7.5s
2026-05-13T09:09:23:  ✓ Ready in 7.5s
2026-05-13T09:09:23:  ✓ Ready in 7.5s
2026-05-13T09:09:23:  ✓ Ready in 7.5s
2026-05-14T11:47:07:   ▲ Next.js 14.2.2
2026-05-14T11:47:07:   ▲ Next.js 14.2.2
2026-05-14T11:47:07:   ▲ Next.js 14.2.2
2026-05-14T11:47:07:   ▲ Next.js 14.2.2
2026-05-14T11:47:07:   ▲ Next.js 14.2.2
2026-05-14T11:47:07:   ▲ Next.js 14.2.2
2026-05-14T11:47:07:   ▲ Next.js 14.2.2
2026-05-14T11:47:07:   ▲ Next.js 14.2.2
2026-05-14T11:47:07:   - Local:        http://localhost:3000
2026-05-14T11:47:07: 
2026-05-14T11:47:07:   - Local:        http://localhost:3000
2026-05-14T11:47:07:  ✓ Starting...
2026-05-14T11:47:07: 
2026-05-14T11:47:07:  ✓ Starting...
2026-05-14T11:47:07:   - Local:        http://localhost:3000
2026-05-14T11:47:07:   - Local:        http://localhost:3000
2026-05-14T11:47:07:   - Local:        http://localhost:3000
2026-05-14T11:47:07: 
2026-05-14T11:47:07: 
2026-05-14T11:47:07:   - Local:        http://localhost:3000
2026-05-14T11:47:07:   - Local:        http://localhost:3000
2026-05-14T11:47:07:   - Local:        http://localhost:3000
2026-05-14T11:47:07: 
2026-05-14T11:47:07:  ✓ Starting...
2026-05-14T11:47:07:  ✓ Starting...
2026-05-14T11:47:07: 
2026-05-14T11:47:07: 
2026-05-14T11:47:07: 
2026-05-14T11:47:07:  ✓ Starting...
2026-05-14T11:47:07:  ✓ Starting...
2026-05-14T11:47:07:  ✓ Starting...
2026-05-14T11:47:07:  ✓ Starting...
2026-05-14T11:47:09:  ✓ Ready in 4.3s
2026-05-14T11:47:09:  ✓ Ready in 4.2s
2026-05-14T11:47:09:  ✓ Ready in 4.3s
2026-05-14T11:47:09:  ✓ Ready in 4.3s
2026-05-14T11:47:09:  ✓ Ready in 4.3s
2026-05-14T11:47:09:  ✓ Ready in 4.3s
2026-05-14T11:47:09:  ✓ Ready in 4.3s
2026-05-14T11:47:09:  ✓ Ready in 4.3s
2026-05-15T11:40:56:   ▲ Next.js 14.2.2
2026-05-15T11:40:56:   ▲ Next.js 14.2.2
2026-05-15T11:40:56:   ▲ Next.js 14.2.2
2026-05-15T11:40:56:   ▲ Next.js 14.2.2
2026-05-15T11:40:56:   ▲ Next.js 14.2.2
2026-05-15T11:40:56:   ▲ Next.js 14.2.2
2026-05-15T11:40:56:   ▲ Next.js 14.2.2
2026-05-15T11:40:56:   ▲ Next.js 14.2.2
2026-05-15T11:40:56:   - Local:        http://localhost:3000
2026-05-15T11:40:56: 
2026-05-15T11:40:56:   - Local:        http://localhost:3000
2026-05-15T11:40:56:  ✓ Starting...
2026-05-15T11:40:56: 
2026-05-15T11:40:56:  ✓ Starting...
2026-05-15T11:40:56:   - Local:        http://localhost:3000
2026-05-15T11:40:56: 
2026-05-15T11:40:56:  ✓ Starting...
2026-05-15T11:40:56:   - Local:        http://localhost:3000
2026-05-15T11:40:56: 
2026-05-15T11:40:56:  ✓ Starting...
2026-05-15T11:40:56:   - Local:        http://localhost:3000
2026-05-15T11:40:56: 
2026-05-15T11:40:56:  ✓ Starting...
2026-05-15T11:40:56:   - Local:        http://localhost:3000
2026-05-15T11:40:56: 
2026-05-15T11:40:56:  ✓ Starting...
2026-05-15T11:40:56:   - Local:        http://localhost:3000
2026-05-15T11:40:56: 
2026-05-15T11:40:56:  ✓ Starting...
2026-05-15T11:40:56:   - Local:        http://localhost:3000
2026-05-15T11:40:56: 
2026-05-15T11:40:56:  ✓ Starting...
2026-05-15T11:41:00:  ✓ Ready in 13.1s
2026-05-15T11:41:00:  ✓ Ready in 13.1s
2026-05-15T11:41:00:  ✓ Ready in 13.1s
2026-05-15T11:41:00:  ✓ Ready in 13.1s
2026-05-15T11:41:00:  ✓ Ready in 13.1s
2026-05-15T11:41:00:  ✓ Ready in 13.1s
2026-05-15T11:41:00:  ✓ Ready in 13.1s
2026-05-15T11:41:00:  ✓ Ready in 13.1s
2026-05-15T14:59:53:   ▲ Next.js 14.2.2
2026-05-15T14:59:54:   ▲ Next.js 14.2.2
2026-05-15T14:59:54:   ▲ Next.js 14.2.2
2026-05-15T14:59:53:   - Local:        http://localhost:3000
2026-05-15T14:59:53: 
2026-05-15T14:59:53:  ✓ Starting...
2026-05-15T14:59:54:   - Local:        http://localhost:3000
2026-05-15T14:59:54: 
2026-05-15T14:59:54:  ✓ Starting...
2026-05-15T14:59:54:   ▲ Next.js 14.2.2
2026-05-15T14:59:54:   - Local:        http://localhost:3000
2026-05-15T14:59:54: 
2026-05-15T14:59:54:  ✓ Starting...
2026-05-15T14:59:54:  ✓ Ready in 1042ms
2026-05-15T14:59:54:   ▲ Next.js 14.2.2
2026-05-15T14:59:54:  ✓ Ready in 990ms
2026-05-15T14:59:54:   - Local:        http://localhost:3000
2026-05-15T14:59:54: 
2026-05-15T14:59:54:  ✓ Starting...
2026-05-15T14:59:54:  ✓ Ready in 980ms
2026-05-15T14:59:54:   ▲ Next.js 14.2.2
2026-05-15T14:59:54:   - Local:        http://localhost:3000
2026-05-15T14:59:54: 
2026-05-15T14:59:54:  ✓ Starting...
2026-05-15T14:59:54:   ▲ Next.js 14.2.2
2026-05-15T14:59:54:  ✓ Ready in 952ms
2026-05-15T14:59:54:   - Local:        http://localhost:3000
2026-05-15T14:59:54: 
2026-05-15T14:59:54:  ✓ Starting...
2026-05-15T14:59:54:   ▲ Next.js 14.2.2
2026-05-15T14:59:54:  ✓ Ready in 960ms
2026-05-15T14:59:54:   - Local:        http://localhost:3000
2026-05-15T14:59:54: 
2026-05-15T14:59:54:  ✓ Starting...
2026-05-15T14:59:54:  ✓ Ready in 830ms
2026-05-15T14:59:54:   - Local:        http://localhost:3000
2026-05-15T14:59:54: 
2026-05-15T14:59:54:  ✓ Starting...
2026-05-15T14:59:55:  ✓ Ready in 730ms
2026-05-15T14:59:55:  ✓ Ready in 631ms
2026-05-16T10:11:54:   ▲ Next.js 14.2.2
2026-05-16T10:11:54:   ▲ Next.js 14.2.2
2026-05-16T10:11:54:   ▲ Next.js 14.2.2
2026-05-16T10:11:54:   ▲ Next.js 14.2.2
2026-05-16T10:11:54:   ▲ Next.js 14.2.2
2026-05-16T10:11:54:   ▲ Next.js 14.2.2
2026-05-16T10:11:54:   ▲ Next.js 14.2.2
2026-05-16T10:11:54:   ▲ Next.js 14.2.2
2026-05-16T10:11:54:   - Local:        http://localhost:3000
2026-05-16T10:11:54: 
2026-05-16T10:11:54:  ✓ Starting...
2026-05-16T10:11:54:   - Local:        http://localhost:3000
2026-05-16T10:11:54: 
2026-05-16T10:11:54:  ✓ Starting...
2026-05-16T10:11:54:   - Local:        http://localhost:3000
2026-05-16T10:11:54: 
2026-05-16T10:11:54:  ✓ Starting...
2026-05-16T10:11:54:   - Local:        http://localhost:3000
2026-05-16T10:11:54: 
2026-05-16T10:11:54:  ✓ Starting...
2026-05-16T10:11:54:   - Local:        http://localhost:3000
2026-05-16T10:11:54: 
2026-05-16T10:11:54:  ✓ Starting...
2026-05-16T10:11:54:   - Local:        http://localhost:3000
2026-05-16T10:11:54: 
2026-05-16T10:11:54:  ✓ Starting...
2026-05-16T10:11:54:   - Local:        http://localhost:3000
2026-05-16T10:11:54: 
2026-05-16T10:11:54:  ✓ Starting...
2026-05-16T10:11:54:   - Local:        http://localhost:3000
2026-05-16T10:11:54: 
2026-05-16T10:11:54:  ✓ Starting...
2026-05-16T10:11:57:  ✓ Ready in 8s
2026-05-16T10:11:57:  ✓ Ready in 8.2s
2026-05-16T10:11:57:  ✓ Ready in 8.2s
2026-05-16T10:11:57:  ✓ Ready in 8.1s
2026-05-16T10:11:57:  ✓ Ready in 8.2s
2026-05-16T10:11:57:  ✓ Ready in 8.2s
2026-05-16T10:11:57:  ✓ Ready in 8.2s
2026-05-16T10:11:57:  ✓ Ready in 8.2s
2026-05-17T15:28:23:   ▲ Next.js 14.2.2
2026-05-17T15:28:23:   ▲ Next.js 14.2.2
2026-05-17T15:28:23:   ▲ Next.js 14.2.2
2026-05-17T15:28:23:   ▲ Next.js 14.2.2
2026-05-17T15:28:23:   ▲ Next.js 14.2.2
2026-05-17T15:28:23:   ▲ Next.js 14.2.2
2026-05-17T15:28:23:   ▲ Next.js 14.2.2
2026-05-17T15:28:23:   ▲ Next.js 14.2.2
2026-05-17T15:28:23:   - Local:        http://localhost:3000
2026-05-17T15:28:23: 
2026-05-17T15:28:23:  ✓ Starting...
2026-05-17T15:28:23:   - Local:        http://localhost:3000
2026-05-17T15:28:23: 
2026-05-17T15:28:23:  ✓ Starting...
2026-05-17T15:28:23:   - Local:        http://localhost:3000
2026-05-17T15:28:23: 
2026-05-17T15:28:23:  ✓ Starting...
2026-05-17T15:28:23:   - Local:        http://localhost:3000
2026-05-17T15:28:23: 
2026-05-17T15:28:23:  ✓ Starting...
2026-05-17T15:28:23:   - Local:        http://localhost:3000
2026-05-17T15:28:23: 
2026-05-17T15:28:23:  ✓ Starting...
2026-05-17T15:28:23:   - Local:        http://localhost:3000
2026-05-17T15:28:23: 
2026-05-17T15:28:23:  ✓ Starting...
2026-05-17T15:28:23:   - Local:        http://localhost:3000
2026-05-17T15:28:23: 
2026-05-17T15:28:23:  ✓ Starting...
2026-05-17T15:28:23:   - Local:        http://localhost:3000
2026-05-17T15:28:23: 
2026-05-17T15:28:23:  ✓ Starting...
2026-05-17T15:28:25:  ✓ Ready in 8s
2026-05-17T15:28:25:  ✓ Ready in 8s
2026-05-17T15:28:25:  ✓ Ready in 8s
2026-05-17T15:28:25:  ✓ Ready in 8s
2026-05-17T15:28:25:  ✓ Ready in 8s
2026-05-17T15:28:25:  ✓ Ready in 8s
2026-05-17T15:28:25:  ✓ Ready in 8s
2026-05-17T15:28:25:  ✓ Ready in 8s
2026-05-18T07:40:53:   ▲ Next.js 14.2.2
2026-05-18T07:40:53:   ▲ Next.js 14.2.2
2026-05-18T07:40:53:   ▲ Next.js 14.2.2
2026-05-18T07:40:53:   ▲ Next.js 14.2.2
2026-05-18T07:40:53:   ▲ Next.js 14.2.2
2026-05-18T07:40:53:   ▲ Next.js 14.2.2
2026-05-18T07:40:53:   ▲ Next.js 14.2.2
2026-05-18T07:40:53:   ▲ Next.js 14.2.2
2026-05-18T07:40:53:   - Local:        http://localhost:3000
2026-05-18T07:40:53: 
2026-05-18T07:40:53:  ✓ Starting...
2026-05-18T07:40:53:   - Local:        http://localhost:3000
2026-05-18T07:40:53: 
2026-05-18T07:40:53:  ✓ Starting...
2026-05-18T07:40:53:   - Local:        http://localhost:3000
2026-05-18T07:40:53: 
2026-05-18T07:40:53:  ✓ Starting...
2026-05-18T07:40:53:   - Local:        http://localhost:3000
2026-05-18T07:40:53: 
2026-05-18T07:40:53:  ✓ Starting...
2026-05-18T07:40:53:   - Local:        http://localhost:3000
2026-05-18T07:40:53: 
2026-05-18T07:40:53:  ✓ Starting...
2026-05-18T07:40:53:   - Local:        http://localhost:3000
2026-05-18T07:40:53: 
2026-05-18T07:40:53:  ✓ Starting...
2026-05-18T07:40:53:   - Local:        http://localhost:3000
2026-05-18T07:40:53: 
2026-05-18T07:40:53:  ✓ Starting...
2026-05-18T07:40:53:   - Local:        http://localhost:3000
2026-05-18T07:40:53: 
2026-05-18T07:40:53:  ✓ Starting...
2026-05-18T07:40:55:  ✓ Ready in 5.5s
2026-05-18T07:40:55:  ✓ Ready in 5.3s
2026-05-18T07:40:55:  ✓ Ready in 5.5s
2026-05-18T07:40:55:  ✓ Ready in 5.5s
2026-05-18T07:40:55:  ✓ Ready in 5.5s
2026-05-18T07:40:55:  ✓ Ready in 5.4s
2026-05-18T07:40:55:  ✓ Ready in 5.3s
2026-05-18T07:40:55:  ✓ Ready in 5.5s
2026-05-18T20:18:35:   ▲ Next.js 14.2.2
2026-05-18T20:18:35:   ▲ Next.js 14.2.2
2026-05-18T20:18:35:   - Local:        http://localhost:3000
2026-05-18T20:18:35: 
2026-05-18T20:18:35:  ✓ Starting...
2026-05-18T20:18:35:   ▲ Next.js 14.2.2
2026-05-18T20:18:35:   - Local:        http://localhost:3000
2026-05-18T20:18:35: 
2026-05-18T20:18:35:  ✓ Starting...
2026-05-18T20:18:35:   ▲ Next.js 14.2.2
2026-05-18T20:18:35:  ✓ Ready in 966ms
2026-05-18T20:18:35:   - Local:        http://localhost:3000
2026-05-18T20:18:35: 
2026-05-18T20:18:35:  ✓ Starting...
2026-05-18T20:18:35:   ▲ Next.js 14.2.2
2026-05-18T20:18:36:  ✓ Ready in 978ms
2026-05-18T20:18:35:   - Local:        http://localhost:3000
2026-05-18T20:18:35: 
2026-05-18T20:18:35:  ✓ Starting...
2026-05-18T20:18:36:   ▲ Next.js 14.2.2
2026-05-18T20:18:36:  ✓ Ready in 954ms
2026-05-18T20:18:35:   - Local:        http://localhost:3000
2026-05-18T20:18:35: 
2026-05-18T20:18:35:  ✓ Starting...
2026-05-18T20:18:36:  ✓ Ready in 936ms
2026-05-18T20:18:36:   ▲ Next.js 14.2.2
2026-05-18T20:18:36:   - Local:        http://localhost:3000
2026-05-18T20:18:36: 
2026-05-18T20:18:36:  ✓ Starting...
2026-05-18T20:18:36:   ▲ Next.js 14.2.2
2026-05-18T20:18:36:  ✓ Ready in 905ms
2026-05-18T20:18:36:   - Local:        http://localhost:3000
2026-05-18T20:18:36: 
2026-05-18T20:18:36:  ✓ Starting...
2026-05-18T20:18:36:  ✓ Ready in 836ms
2026-05-18T20:18:36:   - Local:        http://localhost:3000
2026-05-18T20:18:36: 
2026-05-18T20:18:36:  ✓ Starting...
2026-05-18T20:18:36:  ✓ Ready in 711ms
2026-05-18T20:18:36:  ✓ Ready in 664ms
2026-05-19T09:48:59:   ▲ Next.js 14.2.2
2026-05-19T09:48:59:   ▲ Next.js 14.2.2
2026-05-19T09:48:59:   ▲ Next.js 14.2.2
2026-05-19T09:48:59:   - Local:        http://localhost:3000
2026-05-19T09:48:59: 
2026-05-19T09:48:59:  ✓ Starting...
2026-05-19T09:48:59:   - Local:        http://localhost:3000
2026-05-19T09:48:59: 
2026-05-19T09:48:59:  ✓ Starting...
2026-05-19T09:48:59:   ▲ Next.js 14.2.2
2026-05-19T09:48:59:   ▲ Next.js 14.2.2
2026-05-19T09:48:59:   - Local:        http://localhost:3000
2026-05-19T09:48:59: 
2026-05-19T09:48:59:  ✓ Starting...
2026-05-19T09:48:59:   - Local:        http://localhost:3000
2026-05-19T09:48:59: 
2026-05-19T09:48:59:  ✓ Starting...
2026-05-19T09:49:00:   ▲ Next.js 14.2.2
2026-05-19T09:49:00:   ▲ Next.js 14.2.2
2026-05-19T09:48:59:   - Local:        http://localhost:3000
2026-05-19T09:48:59: 
2026-05-19T09:48:59:  ✓ Starting...
2026-05-19T09:49:00:   - Local:        http://localhost:3000
2026-05-19T09:49:00: 
2026-05-19T09:49:00:  ✓ Starting...
2026-05-19T09:49:00:   ▲ Next.js 14.2.2
2026-05-19T09:49:00:   - Local:        http://localhost:3000
2026-05-19T09:49:00: 
2026-05-19T09:49:00:  ✓ Starting...
2026-05-19T09:49:00:   - Local:        http://localhost:3000
2026-05-19T09:49:00: 
2026-05-19T09:49:00:  ✓ Starting...
2026-05-19T09:49:01:   ▲ Next.js 14.2.2
2026-05-19T09:49:01:   ▲ Next.js 14.2.2
2026-05-19T09:49:01:   ▲ Next.js 14.2.2
2026-05-19T09:49:01:   - Local:        http://localhost:3000
2026-05-19T09:49:01: 
2026-05-19T09:49:01:  ✓ Starting...
2026-05-19T09:49:01:   - Local:        http://localhost:3000
2026-05-19T09:49:01: 
2026-05-19T09:49:01:  ✓ Starting...
2026-05-19T09:49:01:   ▲ Next.js 14.2.2
2026-05-19T09:49:01:   - Local:        http://localhost:3000
2026-05-19T09:49:01: 
2026-05-19T09:49:01:  ✓ Starting...
2026-05-19T09:49:01:   ▲ Next.js 14.2.2
2026-05-19T09:49:01:   ▲ Next.js 14.2.2
2026-05-19T09:49:01:   - Local:        http://localhost:3000
2026-05-19T09:49:01: 
2026-05-19T09:49:01:  ✓ Starting...
2026-05-19T09:49:01:   - Local:        http://localhost:3000
2026-05-19T09:49:01: 
2026-05-19T09:49:01:  ✓ Starting...
2026-05-19T09:49:02:   ▲ Next.js 14.2.2
2026-05-19T09:49:01:   - Local:        http://localhost:3000
2026-05-19T09:49:01: 
2026-05-19T09:49:01:  ✓ Starting...
2026-05-19T09:49:02:   - Local:        http://localhost:3000
2026-05-19T09:49:02: 
2026-05-19T09:49:02:  ✓ Starting...
2026-05-19T09:49:02:   ▲ Next.js 14.2.2
2026-05-19T09:49:02:   - Local:        http://localhost:3000
2026-05-19T09:49:02: 
2026-05-19T09:49:02:  ✓ Starting...
2026-05-19T09:49:03:   ▲ Next.js 14.2.2
2026-05-19T09:49:03:   ▲ Next.js 14.2.2
2026-05-19T09:49:03:   - Local:        http://localhost:3000
2026-05-19T09:49:03: 
2026-05-19T09:49:03:  ✓ Starting...
2026-05-19T09:49:04:   ▲ Next.js 14.2.2
2026-05-19T09:49:04:   ▲ Next.js 14.2.2
2026-05-19T09:49:04:   ▲ Next.js 14.2.2
2026-05-19T09:49:03:   - Local:        http://localhost:3000
2026-05-19T09:49:03: 
2026-05-19T09:49:03:  ✓ Starting...
2026-05-19T09:49:04:   - Local:        http://localhost:3000
2026-05-19T09:49:04: 
2026-05-19T09:49:04:  ✓ Starting...
2026-05-19T09:49:04:   ▲ Next.js 14.2.2
2026-05-19T09:49:04:   - Local:        http://localhost:3000
2026-05-19T09:49:04: 
2026-05-19T09:49:04:  ✓ Starting...
2026-05-19T09:49:04:   - Local:        http://localhost:3000
2026-05-19T09:49:04: 
2026-05-19T09:49:04:  ✓ Starting...
2026-05-19T09:49:04:   ▲ Next.js 14.2.2
2026-05-19T09:49:04:   - Local:        http://localhost:3000
2026-05-19T09:49:04: 
2026-05-19T09:49:04:  ✓ Starting...
2026-05-19T09:49:04:   - Local:        http://localhost:3000
2026-05-19T09:49:04: 
2026-05-19T09:49:04:  ✓ Starting...
2026-05-19T09:49:05:   ▲ Next.js 14.2.2
2026-05-19T09:49:05:   - Local:        http://localhost:3000
2026-05-19T09:49:05: 
2026-05-19T09:49:05:  ✓ Starting...
2026-05-19T09:49:05:   ▲ Next.js 14.2.2
2026-05-19T09:49:05:   ▲ Next.js 14.2.2
2026-05-19T09:49:05:   - Local:        http://localhost:3000
2026-05-19T09:49:05: 
2026-05-19T09:49:05:  ✓ Starting...
2026-05-19T09:49:05:   ▲ Next.js 14.2.2
2026-05-19T09:49:05:   ▲ Next.js 14.2.2
2026-05-19T09:49:05:   ▲ Next.js 14.2.2
2026-05-19T09:49:05:   - Local:        http://localhost:3000
2026-05-19T09:49:05: 
2026-05-19T09:49:05:  ✓ Starting...
2026-05-19T09:49:05:   - Local:        http://localhost:3000
2026-05-19T09:49:05: 
2026-05-19T09:49:05:  ✓ Starting...
2026-05-19T09:49:06:   ▲ Next.js 14.2.2
2026-05-19T09:49:05:   - Local:        http://localhost:3000
2026-05-19T09:49:05: 
2026-05-19T09:49:05:  ✓ Starting...
2026-05-19T09:49:05:   - Local:        http://localhost:3000
2026-05-19T09:49:05: 
2026-05-19T09:49:05:  ✓ Starting...
2026-05-19T09:49:06:   ▲ Next.js 14.2.2
2026-05-19T09:49:06:   - Local:        http://localhost:3000
2026-05-19T09:49:06: 
2026-05-19T09:49:06:  ✓ Starting...
2026-05-19T09:49:06:   - Local:        http://localhost:3000
2026-05-19T09:49:06: 
2026-05-19T09:49:06:  ✓ Starting...
2026-05-19T09:49:06:   ▲ Next.js 14.2.2
2026-05-19T09:49:06:   - Local:        http://localhost:3000
2026-05-19T09:49:06: 
2026-05-19T09:49:06:  ✓ Starting...
2026-05-19T09:49:07:   ▲ Next.js 14.2.2
2026-05-19T09:49:07:   ▲ Next.js 14.2.2
2026-05-19T09:49:07:   - Local:        http://localhost:3000
2026-05-19T09:49:07: 
2026-05-19T09:49:07:  ✓ Starting...
2026-05-19T09:49:07:   ▲ Next.js 14.2.2
2026-05-19T09:49:07:   ▲ Next.js 14.2.2
2026-05-19T09:49:07:   ▲ Next.js 14.2.2
2026-05-19T09:49:07:   - Local:        http://localhost:3000
2026-05-19T09:49:07: 
2026-05-19T09:49:07:  ✓ Starting...
2026-05-19T09:49:07:   - Local:        http://localhost:3000
2026-05-19T09:49:07: 
2026-05-19T09:49:07:  ✓ Starting...
2026-05-19T09:49:07:   - Local:        http://localhost:3000
2026-05-19T09:49:07: 
2026-05-19T09:49:07:  ✓ Starting...
2026-05-19T09:49:07:   - Local:        http://localhost:3000
2026-05-19T09:49:07: 
2026-05-19T09:49:07:  ✓ Starting...
2026-05-19T09:49:08:   ▲ Next.js 14.2.2
2026-05-19T09:49:08:   ▲ Next.js 14.2.2
2026-05-19T09:49:08:   - Local:        http://localhost:3000
2026-05-19T09:49:08: 
2026-05-19T09:49:08:  ✓ Starting...
2026-05-19T09:49:08:   - Local:        http://localhost:3000
2026-05-19T09:49:08: 
2026-05-19T09:49:08:  ✓ Starting...
2026-05-19T09:49:08:   ▲ Next.js 14.2.2
2026-05-19T09:49:08:   - Local:        http://localhost:3000
2026-05-19T09:49:08: 
2026-05-19T09:49:08:  ✓ Starting...
2026-05-19T09:49:09:   ▲ Next.js 14.2.2
2026-05-19T09:49:09:   ▲ Next.js 14.2.2
2026-05-19T09:49:09:   ▲ Next.js 14.2.2
2026-05-19T09:49:09:   - Local:        http://localhost:3000
2026-05-19T09:49:09: 
2026-05-19T09:49:09:  ✓ Starting...
2026-05-19T09:49:09:   ▲ Next.js 14.2.2
2026-05-19T09:49:09:   ▲ Next.js 14.2.2
2026-05-19T09:49:09:   - Local:        http://localhost:3000
2026-05-19T09:49:09: 
2026-05-19T09:49:09:  ✓ Starting...
2026-05-19T09:49:09:   - Local:        http://localhost:3000
2026-05-19T09:49:09: 
2026-05-19T09:49:09:  ✓ Starting...
2026-05-19T09:49:09:   - Local:        http://localhost:3000
2026-05-19T09:49:09: 
2026-05-19T09:49:09:  ✓ Starting...
2026-05-19T09:49:09:   - Local:        http://localhost:3000
2026-05-19T09:49:09: 
2026-05-19T09:49:09:  ✓ Starting...
2026-05-19T09:49:10:   ▲ Next.js 14.2.2
2026-05-19T09:49:10:   ▲ Next.js 14.2.2
2026-05-19T09:49:10:   - Local:        http://localhost:3000
2026-05-19T09:49:10: 
2026-05-19T09:49:10:  ✓ Starting...
2026-05-19T09:49:10:   - Local:        http://localhost:3000
2026-05-19T09:49:10: 
2026-05-19T09:49:10:  ✓ Starting...
2026-05-19T09:49:10:   ▲ Next.js 14.2.2
2026-05-19T09:49:10:   - Local:        http://localhost:3000
2026-05-19T09:49:10: 
2026-05-19T09:49:10:  ✓ Starting...
2026-05-19T09:49:11:   ▲ Next.js 14.2.2
2026-05-19T09:49:11:   ▲ Next.js 14.2.2
2026-05-19T09:49:11:   ▲ Next.js 14.2.2
2026-05-19T09:49:11:   ▲ Next.js 14.2.2
2026-05-19T09:49:11:   ▲ Next.js 14.2.2
2026-05-19T09:49:11:   - Local:        http://localhost:3000
2026-05-19T09:49:11: 
2026-05-19T09:49:11:  ✓ Starting...
2026-05-19T09:49:11:   - Local:        http://localhost:3000
2026-05-19T09:49:11: 
2026-05-19T09:49:11:  ✓ Starting...
2026-05-19T09:49:11:   - Local:        http://localhost:3000
2026-05-19T09:49:11: 
2026-05-19T09:49:11:  ✓ Starting...
2026-05-19T09:49:11:   - Local:        http://localhost:3000
2026-05-19T09:49:11: 
2026-05-19T09:49:11:  ✓ Starting...
2026-05-19T09:49:11:   - Local:        http://localhost:3000
2026-05-19T09:49:11: 
2026-05-19T09:49:11:  ✓ Starting...
2026-05-19T09:49:11:   ▲ Next.js 14.2.2
2026-05-19T09:49:12:   ▲ Next.js 14.2.2
2026-05-19T09:49:11:   - Local:        http://localhost:3000
2026-05-19T09:49:11: 
2026-05-19T09:49:11:  ✓ Starting...
2026-05-19T09:49:12:   - Local:        http://localhost:3000
2026-05-19T09:49:12: 
2026-05-19T09:49:12:  ✓ Starting...
2026-05-19T09:49:12:   ▲ Next.js 14.2.2
2026-05-19T09:49:12:   - Local:        http://localhost:3000
2026-05-19T09:49:12: 
2026-05-19T09:49:12:  ✓ Starting...
2026-05-19T09:49:13:   ▲ Next.js 14.2.2
2026-05-19T09:49:13:   ▲ Next.js 14.2.2
2026-05-19T09:49:13:   ▲ Next.js 14.2.2
2026-05-19T09:49:13:   ▲ Next.js 14.2.2
2026-05-19T09:49:13:   ▲ Next.js 14.2.2
2026-05-19T09:49:13:   - Local:        http://localhost:3000
2026-05-19T09:49:13: 
2026-05-19T09:49:13:  ✓ Starting...
2026-05-19T09:49:13:   - Local:        http://localhost:3000
2026-05-19T09:49:13: 
2026-05-19T09:49:13:  ✓ Starting...
2026-05-19T09:49:13:   - Local:        http://localhost:3000
2026-05-19T09:49:13: 
2026-05-19T09:49:13:  ✓ Starting...
2026-05-19T09:49:13:   - Local:        http://localhost:3000
2026-05-19T09:49:13: 
2026-05-19T09:49:13:  ✓ Starting...
2026-05-19T09:49:13:   - Local:        http://localhost:3000
2026-05-19T09:49:13: 
2026-05-19T09:49:13:  ✓ Starting...
2026-05-19T09:49:13:   ▲ Next.js 14.2.2
2026-05-19T09:49:13:   ▲ Next.js 14.2.2
2026-05-19T09:49:13:   - Local:        http://localhost:3000
2026-05-19T09:49:13: 
2026-05-19T09:49:13:  ✓ Starting...
2026-05-19T09:49:13:   - Local:        http://localhost:3000
2026-05-19T09:49:13: 
2026-05-19T09:49:13:  ✓ Starting...
2026-05-19T09:49:14:   ▲ Next.js 14.2.2
2026-05-19T09:49:14:   - Local:        http://localhost:3000
2026-05-19T09:49:14: 
2026-05-19T09:49:14:  ✓ Starting...
2026-05-19T09:49:14:   ▲ Next.js 14.2.2
2026-05-19T09:49:14:   ▲ Next.js 14.2.2
2026-05-19T09:49:14:   ▲ Next.js 14.2.2
2026-05-19T09:49:14:   ▲ Next.js 14.2.2
2026-05-19T09:49:14:   - Local:        http://localhost:3000
2026-05-19T09:49:14: 
2026-05-19T09:49:14:  ✓ Starting...
2026-05-19T09:49:14:   ▲ Next.js 14.2.2
2026-05-19T09:49:14:   - Local:        http://localhost:3000
2026-05-19T09:49:14: 
2026-05-19T09:49:14:  ✓ Starting...
2026-05-19T09:49:14:   - Local:        http://localhost:3000
2026-05-19T09:49:14: 
2026-05-19T09:49:14:  ✓ Starting...
2026-05-19T09:49:14:   - Local:        http://localhost:3000
2026-05-19T09:49:14: 
2026-05-19T09:49:14:  ✓ Starting...
2026-05-19T09:49:14:   - Local:        http://localhost:3000
2026-05-19T09:49:14: 
2026-05-19T09:49:14:  ✓ Starting...
2026-05-19T09:49:15:   ▲ Next.js 14.2.2
2026-05-19T09:49:15:   ▲ Next.js 14.2.2
2026-05-19T09:49:15:   - Local:        http://localhost:3000
2026-05-19T09:49:15: 
2026-05-19T09:49:15:  ✓ Starting...
2026-05-19T09:49:15:   - Local:        http://localhost:3000
2026-05-19T09:49:15: 
2026-05-19T09:49:15:  ✓ Starting...
2026-05-19T09:49:15:   ▲ Next.js 14.2.2
2026-05-19T09:49:15:   - Local:        http://localhost:3000
2026-05-19T09:49:15: 
2026-05-19T09:49:15:  ✓ Starting...
2026-05-19T09:49:16:   ▲ Next.js 14.2.2
2026-05-19T09:49:16:   ▲ Next.js 14.2.2
2026-05-19T09:49:16:   ▲ Next.js 14.2.2
2026-05-19T09:49:16:   ▲ Next.js 14.2.2
2026-05-19T09:49:16:   - Local:        http://localhost:3000
2026-05-19T09:49:16: 
2026-05-19T09:49:16:  ✓ Starting...
2026-05-19T09:49:16:   ▲ Next.js 14.2.2
2026-05-19T09:49:16:   - Local:        http://localhost:3000
2026-05-19T09:49:16: 
2026-05-19T09:49:16:  ✓ Starting...
2026-05-19T09:49:16:   - Local:        http://localhost:3000
2026-05-19T09:49:16: 
2026-05-19T09:49:16:  ✓ Starting...
2026-05-19T09:49:16:   - Local:        http://localhost:3000
2026-05-19T09:49:16: 
2026-05-19T09:49:16:  ✓ Starting...
2026-05-19T09:49:16:   - Local:        http://localhost:3000
2026-05-19T09:49:16: 
2026-05-19T09:49:16:  ✓ Starting...
2026-05-19T09:49:17:   ▲ Next.js 14.2.2
2026-05-19T09:49:17:   ▲ Next.js 14.2.2
2026-05-19T09:49:17:   - Local:        http://localhost:3000
2026-05-19T09:49:17: 
2026-05-19T09:49:17:  ✓ Starting...
2026-05-19T09:49:17:   - Local:        http://localhost:3000
2026-05-19T09:49:17: 
2026-05-19T09:49:17:  ✓ Starting...
2026-05-19T09:49:18:   ▲ Next.js 14.2.2
2026-05-19T09:49:18:   - Local:        http://localhost:3000
2026-05-19T09:49:18: 
2026-05-19T09:49:18:  ✓ Starting...
2026-05-19T09:49:18:   ▲ Next.js 14.2.2
2026-05-19T09:49:18:   ▲ Next.js 14.2.2
2026-05-19T09:49:19:   ▲ Next.js 14.2.2
2026-05-19T09:49:18:   - Local:        http://localhost:3000
2026-05-19T09:49:18: 
2026-05-19T09:49:18:  ✓ Starting...
2026-05-19T09:49:19:   ▲ Next.js 14.2.2
2026-05-19T09:49:18:   - Local:        http://localhost:3000
2026-05-19T09:49:18: 
2026-05-19T09:49:18:  ✓ Starting...
2026-05-19T09:49:19:   - Local:        http://localhost:3000
2026-05-19T09:49:19: 
2026-05-19T09:49:19:  ✓ Starting...
2026-05-19T09:49:19:   - Local:        http://localhost:3000
2026-05-19T09:49:19: 
2026-05-19T09:49:19:  ✓ Starting...
2026-05-19T09:49:19:   ▲ Next.js 14.2.2
2026-05-19T09:49:19:   ▲ Next.js 14.2.2
2026-05-19T09:49:19:   - Local:        http://localhost:3000
2026-05-19T09:49:19: 
2026-05-19T09:49:19:  ✓ Starting...
2026-05-19T09:49:19:   ▲ Next.js 14.2.2
2026-05-19T09:49:19:   - Local:        http://localhost:3000
2026-05-19T09:49:19: 
2026-05-19T09:49:19:  ✓ Starting...
2026-05-19T09:49:19:   - Local:        http://localhost:3000
2026-05-19T09:49:19: 
2026-05-19T09:49:19:  ✓ Starting...
2026-05-19T09:49:20:   ▲ Next.js 14.2.2
2026-05-19T09:49:20:   - Local:        http://localhost:3000
2026-05-19T09:49:20: 
2026-05-19T09:49:20:  ✓ Starting...
2026-05-19T09:49:20:   ▲ Next.js 14.2.2
2026-05-19T09:49:20:   ▲ Next.js 14.2.2
2026-05-19T09:49:21:   ▲ Next.js 14.2.2
2026-05-19T09:49:20:   - Local:        http://localhost:3000
2026-05-19T09:49:20: 
2026-05-19T09:49:20:  ✓ Starting...
2026-05-19T09:49:21:   ▲ Next.js 14.2.2
2026-05-19T09:49:20:   - Local:        http://localhost:3000
2026-05-19T09:49:20: 
2026-05-19T09:49:20:  ✓ Starting...
2026-05-19T09:49:21:   - Local:        http://localhost:3000
2026-05-19T09:49:21: 
2026-05-19T09:49:21:  ✓ Starting...
2026-05-19T09:49:21:   - Local:        http://localhost:3000
2026-05-19T09:49:21: 
2026-05-19T09:49:21:  ✓ Starting...
2026-05-19T09:49:21:   ▲ Next.js 14.2.2
2026-05-19T09:49:22:   ▲ Next.js 14.2.2
2026-05-19T09:49:21:   - Local:        http://localhost:3000
2026-05-19T09:49:21: 
2026-05-19T09:49:21:  ✓ Starting...
2026-05-19T09:49:22:   ▲ Next.js 14.2.2
2026-05-19T09:49:22:   - Local:        http://localhost:3000
2026-05-19T09:49:22: 
2026-05-19T09:49:22:  ✓ Starting...
2026-05-19T09:49:22:   - Local:        http://localhost:3000
2026-05-19T09:49:22: 
2026-05-19T09:49:22:  ✓ Starting...
2026-05-19T09:49:22:   ▲ Next.js 14.2.2
2026-05-19T09:49:23:   ▲ Next.js 14.2.2
2026-05-19T09:49:23:   ▲ Next.js 14.2.2
2026-05-19T09:49:22:   - Local:        http://localhost:3000
2026-05-19T09:49:22: 
2026-05-19T09:49:22:  ✓ Starting...
2026-05-19T09:49:23:   ▲ Next.js 14.2.2
2026-05-19T09:49:23:   ▲ Next.js 14.2.2
2026-05-19T09:49:23:   - Local:        http://localhost:3000
2026-05-19T09:49:23: 
2026-05-19T09:49:23:  ✓ Starting...
2026-05-19T09:49:23:   - Local:        http://localhost:3000
2026-05-19T09:49:23: 
2026-05-19T09:49:23:  ✓ Starting...
2026-05-19T09:49:23:   - Local:        http://localhost:3000
2026-05-19T09:49:23: 
2026-05-19T09:49:23:  ✓ Starting...
2026-05-19T09:49:23:   - Local:        http://localhost:3000
2026-05-19T09:49:23: 
2026-05-19T09:49:23:  ✓ Starting...
2026-05-19T09:49:23:   ▲ Next.js 14.2.2
2026-05-19T09:49:23:   - Local:        http://localhost:3000
2026-05-19T09:49:23: 
2026-05-19T09:49:23:  ✓ Starting...
2026-05-19T09:49:24:   ▲ Next.js 14.2.2
2026-05-19T09:49:24:   ▲ Next.js 14.2.2
2026-05-19T09:49:24:   - Local:        http://localhost:3000
2026-05-19T09:49:24: 
2026-05-19T09:49:24:  ✓ Starting...
2026-05-19T09:49:24:   - Local:        http://localhost:3000
2026-05-19T09:49:24: 
2026-05-19T09:49:24:  ✓ Starting...
2026-05-19T09:49:24:   ▲ Next.js 14.2.2
2026-05-19T09:49:25:   ▲ Next.js 14.2.2
2026-05-19T09:49:24:   - Local:        http://localhost:3000
2026-05-19T09:49:24: 
2026-05-19T09:49:24:  ✓ Starting...
2026-05-19T09:49:25:   ▲ Next.js 14.2.2
2026-05-19T09:49:25:   ▲ Next.js 14.2.2
2026-05-19T09:49:25:   - Local:        http://localhost:3000
2026-05-19T09:49:25: 
2026-05-19T09:49:25:  ✓ Starting...
2026-05-19T09:49:25:   ▲ Next.js 14.2.2
2026-05-19T09:49:25:   - Local:        http://localhost:3000
2026-05-19T09:49:25: 
2026-05-19T09:49:25:  ✓ Starting...
2026-05-19T09:49:25:   - Local:        http://localhost:3000
2026-05-19T09:49:25: 
2026-05-19T09:49:25:  ✓ Starting...
2026-05-19T09:49:25:   ▲ Next.js 14.2.2
2026-05-19T09:49:25:   - Local:        http://localhost:3000
2026-05-19T09:49:25: 
2026-05-19T09:49:25:  ✓ Starting...
2026-05-19T09:49:25:   ▲ Next.js 14.2.2
2026-05-19T09:49:25:   ▲ Next.js 14.2.2
2026-05-19T09:49:25:   - Local:        http://localhost:3000
2026-05-19T09:49:25: 
2026-05-19T09:49:25:  ✓ Starting...
2026-05-19T09:49:25:   - Local:        http://localhost:3000
2026-05-19T09:49:25: 
2026-05-19T09:49:25:  ✓ Starting...
2026-05-19T09:49:25:   - Local:        http://localhost:3000
2026-05-19T09:49:25: 
2026-05-19T09:49:25:  ✓ Starting...
2026-05-19T09:49:26:   ▲ Next.js 14.2.2
2026-05-19T09:49:26:   ▲ Next.js 14.2.2
2026-05-19T09:49:27:   ▲ Next.js 14.2.2
2026-05-19T09:49:26:   - Local:        http://localhost:3000
2026-05-19T09:49:26: 
2026-05-19T09:49:26:  ✓ Starting...
2026-05-19T09:49:27:   ▲ Next.js 14.2.2
2026-05-19T09:49:27:   ▲ Next.js 14.2.2
2026-05-19T09:49:26:   - Local:        http://localhost:3000
2026-05-19T09:49:26: 
2026-05-19T09:49:26:  ✓ Starting...
2026-05-19T09:49:27:   - Local:        http://localhost:3000
2026-05-19T09:49:27: 
2026-05-19T09:49:27:  ✓ Starting...
2026-05-19T09:49:27:   - Local:        http://localhost:3000
2026-05-19T09:49:27: 
2026-05-19T09:49:27:  ✓ Starting...
2026-05-19T09:49:27:   - Local:        http://localhost:3000
2026-05-19T09:49:27: 
2026-05-19T09:49:27:  ✓ Starting...
2026-05-19T09:49:27:   ▲ Next.js 14.2.2
2026-05-19T09:49:27:   ▲ Next.js 14.2.2
2026-05-19T09:49:27:   - Local:        http://localhost:3000
2026-05-19T09:49:27: 
2026-05-19T09:49:27:  ✓ Starting...
2026-05-19T09:49:27:   ▲ Next.js 14.2.2
2026-05-19T09:49:27:   - Local:        http://localhost:3000
2026-05-19T09:49:27: 
2026-05-19T09:49:27:  ✓ Starting...
2026-05-19T09:49:27:   - Local:        http://localhost:3000
2026-05-19T09:49:27: 
2026-05-19T09:49:27:  ✓ Starting...
2026-05-19T09:49:28:   ▲ Next.js 14.2.2
2026-05-19T09:49:28:   ▲ Next.js 14.2.2
2026-05-19T09:49:28:   - Local:        http://localhost:3000
2026-05-19T09:49:28: 
2026-05-19T09:49:28:  ✓ Starting...
2026-05-19T09:49:28:   ▲ Next.js 14.2.2
2026-05-19T09:49:28:   ▲ Next.js 14.2.2
2026-05-19T09:49:28:   ▲ Next.js 14.2.2
2026-05-19T09:49:28:   - Local:        http://localhost:3000
2026-05-19T09:49:28: 
2026-05-19T09:49:28:  ✓ Starting...
2026-05-19T09:49:28:   - Local:        http://localhost:3000
2026-05-19T09:49:28: 
2026-05-19T09:49:28:  ✓ Starting...
2026-05-19T09:49:29:   ▲ Next.js 14.2.2
2026-05-19T09:49:28:   - Local:        http://localhost:3000
2026-05-19T09:49:28: 
2026-05-19T09:49:28:  ✓ Starting...
2026-05-19T09:49:28:   - Local:        http://localhost:3000
2026-05-19T09:49:28: 
2026-05-19T09:49:28:  ✓ Starting...
2026-05-19T09:49:29:   ▲ Next.js 14.2.2
2026-05-19T09:49:29:   - Local:        http://localhost:3000
2026-05-19T09:49:29: 
2026-05-19T09:49:29:  ✓ Starting...
2026-05-19T09:49:29:   ▲ Next.js 14.2.2
2026-05-19T09:49:29:   - Local:        http://localhost:3000
2026-05-19T09:49:29: 
2026-05-19T09:49:29:  ✓ Starting...
2026-05-19T09:49:29:   - Local:        http://localhost:3000
2026-05-19T09:49:29: 
2026-05-19T09:49:29:  ✓ Starting...
2026-05-19T09:49:30:   ▲ Next.js 14.2.2
2026-05-19T09:49:30:   ▲ Next.js 14.2.2
2026-05-19T09:49:30:   - Local:        http://localhost:3000
2026-05-19T09:49:30: 
2026-05-19T09:49:30:  ✓ Starting...
2026-05-19T09:49:30:   ▲ Next.js 14.2.2
2026-05-19T09:49:30:   ▲ Next.js 14.2.2
2026-05-19T09:49:30:   ▲ Next.js 14.2.2
2026-05-19T09:49:30:   - Local:        http://localhost:3000
2026-05-19T09:49:30: 
2026-05-19T09:49:30:  ✓ Starting...
2026-05-19T09:49:30:   - Local:        http://localhost:3000
2026-05-19T09:49:30: 
2026-05-19T09:49:30:  ✓ Starting...
2026-05-19T09:49:30:   - Local:        http://localhost:3000
2026-05-19T09:49:30: 
2026-05-19T09:49:30:  ✓ Starting...
2026-05-19T09:49:30:   - Local:        http://localhost:3000
2026-05-19T09:49:30: 
2026-05-19T09:49:30:  ✓ Starting...
2026-05-19T09:49:31:   ▲ Next.js 14.2.2
2026-05-19T09:49:31:   ▲ Next.js 14.2.2
2026-05-19T09:49:31:   - Local:        http://localhost:3000
2026-05-19T09:49:31: 
2026-05-19T09:49:31:  ✓ Starting...
2026-05-19T09:49:31:   ▲ Next.js 14.2.2
2026-05-19T09:49:31:   - Local:        http://localhost:3000
2026-05-19T09:49:31: 
2026-05-19T09:49:31:  ✓ Starting...
2026-05-19T09:49:31:   - Local:        http://localhost:3000
2026-05-19T09:49:31: 
2026-05-19T09:49:31:  ✓ Starting...
2026-05-19T09:49:32:   ▲ Next.js 14.2.2
2026-05-19T09:49:32:   - Local:        http://localhost:3000
2026-05-19T09:49:32: 
2026-05-19T09:49:32:  ✓ Starting...
2026-05-19T09:49:32:   ▲ Next.js 14.2.2
2026-05-19T09:49:32:   ▲ Next.js 14.2.2
2026-05-19T09:49:32:   ▲ Next.js 14.2.2
2026-05-19T09:49:32:   ▲ Next.js 14.2.2
2026-05-19T09:49:32:   - Local:        http://localhost:3000
2026-05-19T09:49:32: 
2026-05-19T09:49:32:  ✓ Starting...
2026-05-19T09:49:32:   - Local:        http://localhost:3000
2026-05-19T09:49:32: 
2026-05-19T09:49:32:  ✓ Starting...
2026-05-19T09:49:32:   - Local:        http://localhost:3000
2026-05-19T09:49:32: 
2026-05-19T09:49:32:  ✓ Starting...
2026-05-19T09:49:32:   - Local:        http://localhost:3000
2026-05-19T09:49:32: 
2026-05-19T09:49:32:  ✓ Starting...
2026-05-19T09:49:32:   ▲ Next.js 14.2.2
2026-05-19T09:49:33:   ▲ Next.js 14.2.2
2026-05-19T09:49:32:   - Local:        http://localhost:3000
2026-05-19T09:49:32: 
2026-05-19T09:49:32:  ✓ Starting...
2026-05-19T09:49:33:   ▲ Next.js 14.2.2
2026-05-19T09:49:33:   - Local:        http://localhost:3000
2026-05-19T09:49:33: 
2026-05-19T09:49:33:  ✓ Starting...
2026-05-19T09:49:33:   - Local:        http://localhost:3000
2026-05-19T09:49:33: 
2026-05-19T09:49:33:  ✓ Starting...
2026-05-19T09:49:33:   ▲ Next.js 14.2.2
2026-05-19T09:49:34:   ▲ Next.js 14.2.2
2026-05-19T09:49:33:   - Local:        http://localhost:3000
2026-05-19T09:49:33: 
2026-05-19T09:49:33:  ✓ Starting...
2026-05-19T09:49:34:   ▲ Next.js 14.2.2
2026-05-19T09:49:34:   ▲ Next.js 14.2.2
2026-05-19T09:49:34:   ▲ Next.js 14.2.2
2026-05-19T09:49:34:   - Local:        http://localhost:3000
2026-05-19T09:49:34: 
2026-05-19T09:49:34:  ✓ Starting...
2026-05-19T09:49:34:   - Local:        http://localhost:3000
2026-05-19T09:49:34: 
2026-05-19T09:49:34:  ✓ Starting...
2026-05-19T09:49:34:   - Local:        http://localhost:3000
2026-05-19T09:49:34: 
2026-05-19T09:49:34:  ✓ Starting...
2026-05-19T09:49:34:   - Local:        http://localhost:3000
2026-05-19T09:49:34: 
2026-05-19T09:49:34:  ✓ Starting...
2026-05-19T09:49:34:   ▲ Next.js 14.2.2
2026-05-19T09:49:34:   ▲ Next.js 14.2.2
2026-05-19T09:49:34:   ▲ Next.js 14.2.2
2026-05-19T09:49:34:   - Local:        http://localhost:3000
2026-05-19T09:49:34: 
2026-05-19T09:49:34:  ✓ Starting...
2026-05-19T09:49:34:   - Local:        http://localhost:3000
2026-05-19T09:49:34: 
2026-05-19T09:49:34:  ✓ Starting...
2026-05-19T09:49:34:   - Local:        http://localhost:3000
2026-05-19T09:49:34: 
2026-05-19T09:49:34:  ✓ Starting...
2026-05-19T09:49:35:   ▲ Next.js 14.2.2
2026-05-19T09:49:35:   ▲ Next.js 14.2.2
2026-05-19T09:49:35:   ▲ Next.js 14.2.2
2026-05-19T09:49:35:   - Local:        http://localhost:3000
2026-05-19T09:49:35: 
2026-05-19T09:49:35:  ✓ Starting...
2026-05-19T09:49:35:   ▲ Next.js 14.2.2
2026-05-19T09:49:36:   ▲ Next.js 14.2.2
2026-05-19T09:49:35:   - Local:        http://localhost:3000
2026-05-19T09:49:35: 
2026-05-19T09:49:35:  ✓ Starting...
2026-05-19T09:49:35:   - Local:        http://localhost:3000
2026-05-19T09:49:35: 
2026-05-19T09:49:35:  ✓ Starting...
2026-05-19T09:49:35:   - Local:        http://localhost:3000
2026-05-19T09:49:35: 
2026-05-19T09:49:35:  ✓ Starting...
2026-05-19T09:49:36:   - Local:        http://localhost:3000
2026-05-19T09:49:36: 
2026-05-19T09:49:36:  ✓ Starting...
2026-05-19T09:49:36:   ▲ Next.js 14.2.2
2026-05-19T09:49:36:   ▲ Next.js 14.2.2
2026-05-19T09:49:36:   ▲ Next.js 14.2.2
2026-05-19T09:49:36:   - Local:        http://localhost:3000
2026-05-19T09:49:36: 
2026-05-19T09:49:36:  ✓ Starting...
2026-05-19T09:49:36:   - Local:        http://localhost:3000
2026-05-19T09:49:36: 
2026-05-19T09:49:36:  ✓ Starting...
2026-05-19T09:49:36:   - Local:        http://localhost:3000
2026-05-19T09:49:36: 
2026-05-19T09:49:36:  ✓ Starting...
2026-05-19T09:49:37:   ▲ Next.js 14.2.2
2026-05-19T09:49:37:   - Local:        http://localhost:3000
2026-05-19T09:49:37: 
2026-05-19T09:49:37:  ✓ Starting...
2026-05-19T09:49:37:   ▲ Next.js 14.2.2
2026-05-19T09:49:37:   ▲ Next.js 14.2.2
2026-05-19T09:49:37:   ▲ Next.js 14.2.2
2026-05-19T09:49:37:   ▲ Next.js 14.2.2
2026-05-19T09:49:37:   - Local:        http://localhost:3000
2026-05-19T09:49:37: 
2026-05-19T09:49:37:  ✓ Starting...
2026-05-19T09:49:37:   - Local:        http://localhost:3000
2026-05-19T09:49:37: 
2026-05-19T09:49:37:  ✓ Starting...
2026-05-19T09:49:37:   - Local:        http://localhost:3000
2026-05-19T09:49:37: 
2026-05-19T09:49:37:  ✓ Starting...
2026-05-19T09:49:37:   - Local:        http://localhost:3000
2026-05-19T09:49:37: 
2026-05-19T09:49:37:  ✓ Starting...
2026-05-19T09:49:38:   ▲ Next.js 14.2.2
2026-05-19T09:49:38:   ▲ Next.js 14.2.2
2026-05-19T09:49:38:   ▲ Next.js 14.2.2
2026-05-19T09:49:38:   - Local:        http://localhost:3000
2026-05-19T09:49:38: 
2026-05-19T09:49:38:  ✓ Starting...
2026-05-19T09:49:38:   - Local:        http://localhost:3000
2026-05-19T09:49:38: 
2026-05-19T09:49:38:  ✓ Starting...
2026-05-19T09:49:38:   - Local:        http://localhost:3000
2026-05-19T09:49:38: 
2026-05-19T09:49:38:  ✓ Starting...
2026-05-19T09:49:39:   ▲ Next.js 14.2.2
2026-05-19T09:49:39:   - Local:        http://localhost:3000
2026-05-19T09:49:39: 
2026-05-19T09:49:39:  ✓ Starting...
2026-05-19T09:49:39:   ▲ Next.js 14.2.2
2026-05-19T09:49:39:   ▲ Next.js 14.2.2
2026-05-19T09:49:40:   ▲ Next.js 14.2.2
2026-05-19T09:49:40:   ▲ Next.js 14.2.2
2026-05-19T09:49:39:   - Local:        http://localhost:3000
2026-05-19T09:49:39: 
2026-05-19T09:49:39:  ✓ Starting...
2026-05-19T09:49:39:   - Local:        http://localhost:3000
2026-05-19T09:49:39: 
2026-05-19T09:49:39:  ✓ Starting...
2026-05-19T09:49:40:   - Local:        http://localhost:3000
2026-05-19T09:49:40: 
2026-05-19T09:49:40:  ✓ Starting...
2026-05-19T09:49:40:   - Local:        http://localhost:3000
2026-05-19T09:49:40: 
2026-05-19T09:49:40:  ✓ Starting...
2026-05-19T09:49:40:   ▲ Next.js 14.2.2
2026-05-19T09:49:40:   ▲ Next.js 14.2.2
2026-05-19T09:49:40:   ▲ Next.js 14.2.2
2026-05-19T09:49:40:   - Local:        http://localhost:3000
2026-05-19T09:49:40: 
2026-05-19T09:49:40:  ✓ Starting...
2026-05-19T09:49:40:   - Local:        http://localhost:3000
2026-05-19T09:49:40: 
2026-05-19T09:49:40:  ✓ Starting...
2026-05-19T09:49:40:   - Local:        http://localhost:3000
2026-05-19T09:49:40: 
2026-05-19T09:49:40:  ✓ Starting...
2026-05-19T09:49:41:   ▲ Next.js 14.2.2
2026-05-19T09:49:41:   - Local:        http://localhost:3000
2026-05-19T09:49:41: 
2026-05-19T09:49:41:  ✓ Starting...
2026-05-19T09:49:41:   ▲ Next.js 14.2.2
2026-05-19T09:49:42:   ▲ Next.js 14.2.2
2026-05-19T09:49:42:   ▲ Next.js 14.2.2
2026-05-19T09:49:42:   ▲ Next.js 14.2.2
2026-05-19T09:49:41:   - Local:        http://localhost:3000
2026-05-19T09:49:41: 
2026-05-19T09:49:41:  ✓ Starting...
2026-05-19T09:49:42:   - Local:        http://localhost:3000
2026-05-19T09:49:42: 
2026-05-19T09:49:42:  ✓ Starting...
2026-05-19T09:49:42:   - Local:        http://localhost:3000
2026-05-19T09:49:42: 
2026-05-19T09:49:42:  ✓ Starting...
2026-05-19T09:49:42:   ▲ Next.js 14.2.2
2026-05-19T09:49:42:   ▲ Next.js 14.2.2
2026-05-19T09:49:42:   - Local:        http://localhost:3000
2026-05-19T09:49:42: 
2026-05-19T09:49:42:  ✓ Starting...
2026-05-19T09:51:37:   ▲ Next.js 14.2.2
2026-05-19T09:51:37:   ▲ Next.js 14.2.2
2026-05-19T09:51:37:   - Local:        http://localhost:3000
2026-05-19T09:51:37: 
2026-05-19T09:51:37:  ✓ Starting...
2026-05-19T09:51:37:   ▲ Next.js 14.2.2
2026-05-19T09:51:37:   - Local:        http://localhost:3000
2026-05-19T09:51:37: 
2026-05-19T09:51:37:  ✓ Starting...
2026-05-19T09:51:37:   ▲ Next.js 14.2.2
2026-05-19T09:51:38:  ✓ Ready in 1000ms
2026-05-19T09:51:37:   - Local:        http://localhost:3000
2026-05-19T09:51:37: 
2026-05-19T09:51:37:  ✓ Starting...
2026-05-19T09:51:38:   ▲ Next.js 14.2.2
2026-05-19T09:51:38:  ✓ Ready in 1046ms
2026-05-19T09:51:37:   - Local:        http://localhost:3000
2026-05-19T09:51:37: 
2026-05-19T09:51:37:  ✓ Starting...
2026-05-19T09:51:38:   ▲ Next.js 14.2.2
2026-05-19T09:51:38:  ✓ Ready in 990ms
2026-05-19T09:51:38:   - Local:        http://localhost:3000
2026-05-19T09:51:38: 
2026-05-19T09:51:38:  ✓ Starting...
2026-05-19T09:51:38:  ✓ Ready in 978ms
2026-05-19T09:51:38:   ▲ Next.js 14.2.2
2026-05-19T09:51:38:   - Local:        http://localhost:3000
2026-05-19T09:51:38: 
2026-05-19T09:51:38:  ✓ Starting...
2026-05-19T09:51:38:   ▲ Next.js 14.2.2
2026-05-19T09:51:38:  ✓ Ready in 923ms
2026-05-19T09:51:38:   - Local:        http://localhost:3000
2026-05-19T09:51:38: 
2026-05-19T09:51:38:  ✓ Starting...
2026-05-19T09:51:38:  ✓ Ready in 853ms
2026-05-19T09:51:38:   - Local:        http://localhost:3000
2026-05-19T09:51:38: 
2026-05-19T09:51:38:  ✓ Starting...
2026-05-19T09:51:38:  ✓ Ready in 765ms
2026-05-19T09:51:38:  ✓ Ready in 651ms
2026-05-19T22:58:10:   ▲ Next.js 14.2.2
2026-05-19T22:58:10:   ▲ Next.js 14.2.2
2026-05-19T22:58:10:   ▲ Next.js 14.2.2
2026-05-19T22:58:10:   ▲ Next.js 14.2.2
2026-05-19T22:58:10:   ▲ Next.js 14.2.2
2026-05-19T22:58:10:   ▲ Next.js 14.2.2
2026-05-19T22:58:10:   ▲ Next.js 14.2.2
2026-05-19T22:58:10:   ▲ Next.js 14.2.2
2026-05-19T22:58:10:   - Local:        http://localhost:3000
2026-05-19T22:58:10: 
2026-05-19T22:58:10:  ✓ Starting...
2026-05-19T22:58:10:   - Local:        http://localhost:3000
2026-05-19T22:58:10: 
2026-05-19T22:58:10:  ✓ Starting...
2026-05-19T22:58:10:   - Local:        http://localhost:3000
2026-05-19T22:58:10: 
2026-05-19T22:58:10:  ✓ Starting...
2026-05-19T22:58:10:   - Local:        http://localhost:3000
2026-05-19T22:58:10: 
2026-05-19T22:58:10:  ✓ Starting...
2026-05-19T22:58:10:   - Local:        http://localhost:3000
2026-05-19T22:58:10:   - Local:        http://localhost:3000
2026-05-19T22:58:10: 
2026-05-19T22:58:10: 
2026-05-19T22:58:10:  ✓ Starting...
2026-05-19T22:58:10:  ✓ Starting...
2026-05-19T22:58:10:   - Local:        http://localhost:3000
2026-05-19T22:58:10: 
2026-05-19T22:58:10:  ✓ Starting...
2026-05-19T22:58:10:   - Local:        http://localhost:3000
2026-05-19T22:58:10: 
2026-05-19T22:58:10:  ✓ Starting...
2026-05-19T22:58:13:  ✓ Ready in 8s
2026-05-19T22:58:13:  ✓ Ready in 8s
2026-05-19T22:58:13:  ✓ Ready in 8s
2026-05-19T22:58:13:  ✓ Ready in 8s
2026-05-19T22:58:13:  ✓ Ready in 8.1s
2026-05-19T22:58:13:  ✓ Ready in 8s
2026-05-19T22:58:13:  ✓ Ready in 8s
2026-05-19T22:58:13:  ✓ Ready in 8s
2026-05-20T10:19:42:   ▲ Next.js 14.2.2
2026-05-20T10:19:42:   ▲ Next.js 14.2.2
2026-05-20T10:19:42:   ▲ Next.js 14.2.2
2026-05-20T10:19:43:   ▲ Next.js 14.2.2
2026-05-20T10:19:43:   ▲ Next.js 14.2.2
2026-05-20T10:19:43:   ▲ Next.js 14.2.2
2026-05-20T10:19:43:   ▲ Next.js 14.2.2
2026-05-20T10:19:43:   ▲ Next.js 14.2.2
2026-05-20T10:19:43:   - Local:        http://localhost:3000
2026-05-20T10:19:43: 
2026-05-20T10:19:43:  ✓ Starting...
2026-05-20T10:19:43:   - Local:        http://localhost:3000
2026-05-20T10:19:43: 
2026-05-20T10:19:43:  ✓ Starting...
2026-05-20T10:19:42:   - Local:        http://localhost:3000
2026-05-20T10:19:42: 
2026-05-20T10:19:42:  ✓ Starting...
2026-05-20T10:19:43:   - Local:        http://localhost:3000
2026-05-20T10:19:43: 
2026-05-20T10:19:43:  ✓ Starting...
2026-05-20T10:19:43:   - Local:        http://localhost:3000
2026-05-20T10:19:43: 
2026-05-20T10:19:43:  ✓ Starting...
2026-05-20T10:19:43:   - Local:        http://localhost:3000
2026-05-20T10:19:43: 
2026-05-20T10:19:43:  ✓ Starting...
2026-05-20T10:19:42:   - Local:        http://localhost:3000
2026-05-20T10:19:42: 
2026-05-20T10:19:42:  ✓ Starting...
2026-05-20T10:19:43:   - Local:        http://localhost:3000
2026-05-20T10:19:43: 
2026-05-20T10:19:43:  ✓ Starting...
2026-05-20T10:19:45:  ✓ Ready in 6.8s
2026-05-20T10:19:45:  ✓ Ready in 6.8s
2026-05-20T10:19:45:  ✓ Ready in 6.8s
2026-05-20T10:19:45:  ✓ Ready in 6.7s
2026-05-20T10:19:45:  ✓ Ready in 6.8s
2026-05-20T10:19:45:  ✓ Ready in 6.8s
2026-05-20T10:19:45:  ✓ Ready in 6.8s
2026-05-20T10:19:45:  ✓ Ready in 6.8s
2026-05-20T21:38:45:   ▲ Next.js 14.2.2
2026-05-20T21:38:45:   ▲ Next.js 14.2.2
2026-05-20T21:38:45:   - Local:        http://localhost:3000
2026-05-20T21:38:45: 
2026-05-20T21:38:45:  ✓ Starting...
2026-05-20T21:38:46:   ▲ Next.js 14.2.2
2026-05-20T21:38:45:   - Local:        http://localhost:3000
2026-05-20T21:38:45: 
2026-05-20T21:38:45:  ✓ Starting...
2026-05-20T21:38:46:   ▲ Next.js 14.2.2
2026-05-20T21:38:46:  ✓ Ready in 952ms
2026-05-20T21:38:46:   - Local:        http://localhost:3000
2026-05-20T21:38:46: 
2026-05-20T21:38:46:  ✓ Starting...
2026-05-20T21:38:46:  ✓ Ready in 981ms
2026-05-20T21:38:46:   ▲ Next.js 14.2.2
2026-05-20T21:38:46:   - Local:        http://localhost:3000
2026-05-20T21:38:46: 
2026-05-20T21:38:46:  ✓ Starting...
2026-05-20T21:38:46:   ▲ Next.js 14.2.2
2026-05-20T21:38:46:  ✓ Ready in 1025ms
2026-05-20T21:38:46:   - Local:        http://localhost:3000
2026-05-20T21:38:46: 
2026-05-20T21:38:46:  ✓ Starting...
2026-05-20T21:38:46:  ✓ Ready in 968ms
2026-05-20T21:38:46:   ▲ Next.js 14.2.2
2026-05-20T21:38:46:   - Local:        http://localhost:3000
2026-05-20T21:38:46: 
2026-05-20T21:38:46:  ✓ Starting...
2026-05-20T21:38:46:  ✓ Ready in 922ms
2026-05-20T21:38:46:   ▲ Next.js 14.2.2
2026-05-20T21:38:46:   - Local:        http://localhost:3000
2026-05-20T21:38:46: 
2026-05-20T21:38:46:  ✓ Starting...
2026-05-20T21:38:46:  ✓ Ready in 854ms
2026-05-20T21:38:46:   - Local:        http://localhost:3000
2026-05-20T21:38:46: 
2026-05-20T21:38:46:  ✓ Starting...
2026-05-20T21:38:46:  ✓ Ready in 720ms
2026-05-20T21:38:47:  ✓ Ready in 625ms
2026-05-23T10:13:41:   ▲ Next.js 14.2.2
2026-05-23T10:13:41:   ▲ Next.js 14.2.2
2026-05-23T10:13:41:   ▲ Next.js 14.2.2
2026-05-23T10:13:41:   ▲ Next.js 14.2.2
2026-05-23T10:13:41:   ▲ Next.js 14.2.2
2026-05-23T10:13:41:   ▲ Next.js 14.2.2
2026-05-23T10:13:41:   ▲ Next.js 14.2.2
2026-05-23T10:13:41:   ▲ Next.js 14.2.2
2026-05-23T10:13:41:   - Local:        http://localhost:3000
2026-05-23T10:13:41: 
2026-05-23T10:13:41:  ✓ Starting...
2026-05-23T10:13:41:   - Local:        http://localhost:3000
2026-05-23T10:13:41: 
2026-05-23T10:13:41:  ✓ Starting...
2026-05-23T10:13:41:   - Local:        http://localhost:3000
2026-05-23T10:13:41: 
2026-05-23T10:13:41:  ✓ Starting...
2026-05-23T10:13:41:   - Local:        http://localhost:3000
2026-05-23T10:13:41: 
2026-05-23T10:13:41:  ✓ Starting...
2026-05-23T10:13:41:   - Local:        http://localhost:3000
2026-05-23T10:13:41: 
2026-05-23T10:13:41:  ✓ Starting...
2026-05-23T10:13:41:   - Local:        http://localhost:3000
2026-05-23T10:13:41: 
2026-05-23T10:13:41:  ✓ Starting...
2026-05-23T10:13:41:   - Local:        http://localhost:3000
2026-05-23T10:13:41: 
2026-05-23T10:13:41:  ✓ Starting...
2026-05-23T10:13:41:   - Local:        http://localhost:3000
2026-05-23T10:13:41: 
2026-05-23T10:13:41:  ✓ Starting...
2026-05-23T10:13:43:  ✓ Ready in 6.1s
2026-05-23T10:13:43:  ✓ Ready in 6s
2026-05-23T10:13:43:  ✓ Ready in 6.1s
2026-05-23T10:13:43:  ✓ Ready in 6.1s
2026-05-23T10:13:43:  ✓ Ready in 6.1s
2026-05-23T10:13:43:  ✓ Ready in 6.1s
2026-05-23T10:13:43:  ✓ Ready in 6.1s
2026-05-23T10:13:43:  ✓ Ready in 6.1s
2026-05-23T10:33:46:   ▲ Next.js 14.2.2
2026-05-23T10:33:46:   ▲ Next.js 14.2.2
2026-05-23T10:33:46:   - Local:        http://localhost:3000
2026-05-23T10:33:46: 
2026-05-23T10:33:46:  ✓ Starting...
2026-05-23T10:33:46:   ▲ Next.js 14.2.2
2026-05-23T10:33:46:   - Local:        http://localhost:3000
2026-05-23T10:33:46: 
2026-05-23T10:33:46:  ✓ Starting...
2026-05-23T10:33:47:   ▲ Next.js 14.2.2
2026-05-23T10:33:47:  ✓ Ready in 955ms
2026-05-23T10:33:46:   - Local:        http://localhost:3000
2026-05-23T10:33:46: 
2026-05-23T10:33:46:  ✓ Starting...
2026-05-23T10:33:47:   ▲ Next.js 14.2.2
2026-05-23T10:33:47:  ✓ Ready in 970ms
2026-05-23T10:33:47:   - Local:        http://localhost:3000
2026-05-23T10:33:47: 
2026-05-23T10:33:47:  ✓ Starting...
2026-05-23T10:33:47:   ▲ Next.js 14.2.2
2026-05-23T10:33:47:  ✓ Ready in 971ms
2026-05-23T10:33:47:   ▲ Next.js 14.2.2
2026-05-23T10:33:47:   - Local:        http://localhost:3000
2026-05-23T10:33:47: 
2026-05-23T10:33:47:  ✓ Starting...
2026-05-23T10:33:47:  ✓ Ready in 921ms
2026-05-23T10:33:47:   - Local:        http://localhost:3000
2026-05-23T10:33:47: 
2026-05-23T10:33:47:  ✓ Starting...
2026-05-23T10:33:47:   ▲ Next.js 14.2.2
2026-05-23T10:33:47:  ✓ Ready in 864ms
2026-05-23T10:33:47:   - Local:        http://localhost:3000
2026-05-23T10:33:47: 
2026-05-23T10:33:47:  ✓ Starting...
2026-05-23T10:33:47:  ✓ Ready in 790ms
2026-05-23T10:33:47:   - Local:        http://localhost:3000
2026-05-23T10:33:47: 
2026-05-23T10:33:47:  ✓ Starting...
2026-05-23T10:33:47:  ✓ Ready in 710ms
2026-05-23T10:33:47:  ✓ Ready in 618ms
2026-05-24T19:10:37:   ▲ Next.js 14.2.2
2026-05-24T19:10:37:   ▲ Next.js 14.2.2
2026-05-24T19:10:37:   ▲ Next.js 14.2.2
2026-05-24T19:10:37:   ▲ Next.js 14.2.2
2026-05-24T19:10:37:   ▲ Next.js 14.2.2
2026-05-24T19:10:37:   ▲ Next.js 14.2.2
2026-05-24T19:10:37:   ▲ Next.js 14.2.2
2026-05-24T19:10:37:   ▲ Next.js 14.2.2
2026-05-24T19:10:37:   - Local:        http://localhost:3000
2026-05-24T19:10:37: 
2026-05-24T19:10:37:  ✓ Starting...
2026-05-24T19:10:37:   - Local:        http://localhost:3000
2026-05-24T19:10:37: 
2026-05-24T19:10:37:  ✓ Starting...
2026-05-24T19:10:37:   - Local:        http://localhost:3000
2026-05-24T19:10:37: 
2026-05-24T19:10:37:  ✓ Starting...
2026-05-24T19:10:37:   - Local:        http://localhost:3000
2026-05-24T19:10:37: 
2026-05-24T19:10:37:  ✓ Starting...
2026-05-24T19:10:37:   - Local:        http://localhost:3000
2026-05-24T19:10:37: 
2026-05-24T19:10:37:  ✓ Starting...
2026-05-24T19:10:37:   - Local:        http://localhost:3000
2026-05-24T19:10:37: 
2026-05-24T19:10:37:  ✓ Starting...
2026-05-24T19:10:37:   - Local:        http://localhost:3000
2026-05-24T19:10:37: 
2026-05-24T19:10:37:  ✓ Starting...
2026-05-24T19:10:37:   - Local:        http://localhost:3000
2026-05-24T19:10:37: 
2026-05-24T19:10:37:  ✓ Starting...
2026-05-24T19:10:39:  ✓ Ready in 4.7s
2026-05-24T19:10:39:  ✓ Ready in 4.5s
2026-05-24T19:10:39:  ✓ Ready in 4.7s
2026-05-24T19:10:39:  ✓ Ready in 4.7s
2026-05-24T19:10:39:  ✓ Ready in 4.8s
2026-05-24T19:10:39:  ✓ Ready in 4.5s
2026-05-24T19:10:39:  ✓ Ready in 4.8s
2026-05-24T19:10:39:  ✓ Ready in 4.6s
2026-05-25T14:04:42:   ▲ Next.js 14.2.2
2026-05-25T14:04:42:   ▲ Next.js 14.2.2
2026-05-25T14:04:42:   ▲ Next.js 14.2.2
2026-05-25T14:04:42:   ▲ Next.js 14.2.2
2026-05-25T14:04:42:   ▲ Next.js 14.2.2
2026-05-25T14:04:42:   ▲ Next.js 14.2.2
2026-05-25T14:04:42:   ▲ Next.js 14.2.2
2026-05-25T14:04:42:   ▲ Next.js 14.2.2
2026-05-25T14:04:42:   - Local:        http://localhost:3000
2026-05-25T14:04:42: 
2026-05-25T14:04:42:  ✓ Starting...
2026-05-25T14:04:42:   - Local:        http://localhost:3000
2026-05-25T14:04:42: 
2026-05-25T14:04:42:  ✓ Starting...
2026-05-25T14:04:42:   - Local:        http://localhost:3000
2026-05-25T14:04:42: 
2026-05-25T14:04:42:  ✓ Starting...
2026-05-25T14:04:42:   - Local:        http://localhost:3000
2026-05-25T14:04:42: 
2026-05-25T14:04:42:  ✓ Starting...
2026-05-25T14:04:42:   - Local:        http://localhost:3000
2026-05-25T14:04:42: 
2026-05-25T14:04:42:  ✓ Starting...
2026-05-25T14:04:42:   - Local:        http://localhost:3000
2026-05-25T14:04:42: 
2026-05-25T14:04:42:  ✓ Starting...
2026-05-25T14:04:42:   - Local:        http://localhost:3000
2026-05-25T14:04:42: 
2026-05-25T14:04:42:  ✓ Starting...
2026-05-25T14:04:42:   - Local:        http://localhost:3000
2026-05-25T14:04:42: 
2026-05-25T14:04:42:  ✓ Starting...
2026-05-25T14:04:44:  ✓ Ready in 5.1s
2026-05-25T14:04:44:  ✓ Ready in 5.3s
2026-05-25T14:04:44:  ✓ Ready in 5.3s
2026-05-25T14:04:44:  ✓ Ready in 5.2s
2026-05-25T14:04:44:  ✓ Ready in 5s
2026-05-25T14:04:44:  ✓ Ready in 5.3s
2026-05-25T14:04:44:  ✓ Ready in 5.3s
2026-05-25T14:04:44:  ✓ Ready in 5.3s
2026-05-27T20:36:37:   ▲ Next.js 14.2.2
2026-05-27T20:36:37:   ▲ Next.js 14.2.2
2026-05-27T20:36:37:   ▲ Next.js 14.2.2
2026-05-27T20:36:37:   ▲ Next.js 14.2.2
2026-05-27T20:36:37:   ▲ Next.js 14.2.2
2026-05-27T20:36:37:   ▲ Next.js 14.2.2
2026-05-27T20:36:37:   ▲ Next.js 14.2.2
2026-05-27T20:36:37:   ▲ Next.js 14.2.2
2026-05-27T20:36:37:   - Local:        http://localhost:3000
2026-05-27T20:36:37: 
2026-05-27T20:36:37:  ✓ Starting...
2026-05-27T20:36:37:   - Local:        http://localhost:3000
2026-05-27T20:36:37: 
2026-05-27T20:36:37:  ✓ Starting...
2026-05-27T20:36:37:   - Local:        http://localhost:3000
2026-05-27T20:36:37: 
2026-05-27T20:36:37:  ✓ Starting...
2026-05-27T20:36:37:   - Local:        http://localhost:3000
2026-05-27T20:36:37: 
2026-05-27T20:36:37:  ✓ Starting...
2026-05-27T20:36:37:   - Local:        http://localhost:3000
2026-05-27T20:36:37: 
2026-05-27T20:36:37:  ✓ Starting...
2026-05-27T20:36:37:   - Local:        http://localhost:3000
2026-05-27T20:36:37: 
2026-05-27T20:36:37:  ✓ Starting...
2026-05-27T20:36:37:   - Local:        http://localhost:3000
2026-05-27T20:36:37: 
2026-05-27T20:36:37:  ✓ Starting...
2026-05-27T20:36:37:   - Local:        http://localhost:3000
2026-05-27T20:36:37: 
2026-05-27T20:36:37:  ✓ Starting...
2026-05-27T20:36:39:  ✓ Ready in 4.4s
2026-05-27T20:36:39:  ✓ Ready in 4.1s
2026-05-27T20:36:39:  ✓ Ready in 4.3s
2026-05-27T20:36:39:  ✓ Ready in 4.4s
2026-05-27T20:36:39:  ✓ Ready in 4.2s
2026-05-27T20:36:39:  ✓ Ready in 4.4s
2026-05-27T20:36:39:  ✓ Ready in 4.4s
2026-05-27T20:36:39:  ✓ Ready in 4s
2026-05-28T01:18:01:   ▲ Next.js 14.2.2
2026-05-28T01:18:01:   ▲ Next.js 14.2.2
2026-05-28T01:18:01:   - Local:        http://localhost:3000
2026-05-28T01:18:01: 
2026-05-28T01:18:01:  ✓ Starting...
2026-05-28T01:18:02:   ▲ Next.js 14.2.2
2026-05-28T01:18:01:   - Local:        http://localhost:3000
2026-05-28T01:18:01: 
2026-05-28T01:18:01:  ✓ Starting...
2026-05-28T01:18:02:   ▲ Next.js 14.2.2
2026-05-28T01:18:02:  ✓ Ready in 993ms
2026-05-28T01:18:02:   - Local:        http://localhost:3000
2026-05-28T01:18:02: 
2026-05-28T01:18:02:  ✓ Starting...
2026-05-28T01:18:02:   ▲ Next.js 14.2.2
2026-05-28T01:18:02:  ✓ Ready in 985ms
2026-05-28T01:18:02:   - Local:        http://localhost:3000
2026-05-28T01:18:02: 
2026-05-28T01:18:02:  ✓ Starting...
2026-05-28T01:18:02:   ▲ Next.js 14.2.2
2026-05-28T01:18:02:  ✓ Ready in 1024ms
2026-05-28T01:18:02:   ▲ Next.js 14.2.2
2026-05-28T01:18:02:   - Local:        http://localhost:3000
2026-05-28T01:18:02: 
2026-05-28T01:18:02:  ✓ Starting...
2026-05-28T01:18:02:  ✓ Ready in 952ms
2026-05-28T01:18:02:   - Local:        http://localhost:3000
2026-05-28T01:18:02: 
2026-05-28T01:18:02:  ✓ Starting...
2026-05-28T01:18:02:   ▲ Next.js 14.2.2
2026-05-28T01:18:02:  ✓ Ready in 920ms
2026-05-28T01:18:02:   - Local:        http://localhost:3000
2026-05-28T01:18:02: 
2026-05-28T01:18:02:  ✓ Starting...
2026-05-28T01:18:02:  ✓ Ready in 848ms
2026-05-28T01:18:02:   - Local:        http://localhost:3000
2026-05-28T01:18:02: 
2026-05-28T01:18:02:  ✓ Starting...
2026-05-28T01:18:02:  ✓ Ready in 744ms
2026-05-28T01:18:02:  ✓ Ready in 646ms
2026-05-28T12:57:02:   ▲ Next.js 14.2.2
2026-05-28T12:57:02:   ▲ Next.js 14.2.2
2026-05-28T12:57:02:   ▲ Next.js 14.2.2
2026-05-28T12:57:02:   ▲ Next.js 14.2.2
2026-05-28T12:57:02:   ▲ Next.js 14.2.2
2026-05-28T12:57:02:   ▲ Next.js 14.2.2
2026-05-28T12:57:02:   ▲ Next.js 14.2.2
2026-05-28T12:57:02:   ▲ Next.js 14.2.2
2026-05-28T12:57:02:   - Local:        http://localhost:3000
2026-05-28T12:57:02: 
2026-05-28T12:57:02:  ✓ Starting...
2026-05-28T12:57:02:   - Local:        http://localhost:3000
2026-05-28T12:57:02: 
2026-05-28T12:57:02:  ✓ Starting...
2026-05-28T12:57:02:   - Local:        http://localhost:3000
2026-05-28T12:57:02: 
2026-05-28T12:57:02:  ✓ Starting...
2026-05-28T12:57:02:   - Local:        http://localhost:3000
2026-05-28T12:57:02: 
2026-05-28T12:57:02:  ✓ Starting...
2026-05-28T12:57:02:   - Local:        http://localhost:3000
2026-05-28T12:57:02: 
2026-05-28T12:57:02:  ✓ Starting...
2026-05-28T12:57:02:   - Local:        http://localhost:3000
2026-05-28T12:57:02: 
2026-05-28T12:57:02:  ✓ Starting...
2026-05-28T12:57:02:   - Local:        http://localhost:3000
2026-05-28T12:57:02: 
2026-05-28T12:57:02:  ✓ Starting...
2026-05-28T12:57:02:   - Local:        http://localhost:3000
2026-05-28T12:57:02: 
2026-05-28T12:57:02:  ✓ Starting...
2026-05-28T12:57:05:  ✓ Ready in 8.7s
2026-05-28T12:57:05:  ✓ Ready in 8.8s
2026-05-28T12:57:05:  ✓ Ready in 8.8s
2026-05-28T12:57:05:  ✓ Ready in 8.8s
2026-05-28T12:57:05:  ✓ Ready in 8.8s
2026-05-28T12:57:05:  ✓ Ready in 8.8s
2026-05-28T12:57:05:  ✓ Ready in 8.8s
2026-05-28T12:57:05:  ✓ Ready in 8.6s
2026-06-22T14:42:58:   ▲ Next.js 14.2.2
2026-06-22T14:42:58:   ▲ Next.js 14.2.2
2026-06-22T14:42:58:   ▲ Next.js 14.2.2
2026-06-22T14:42:58:   ▲ Next.js 14.2.2
2026-06-22T14:42:58:   ▲ Next.js 14.2.2
2026-06-22T14:42:58:   ▲ Next.js 14.2.2
2026-06-22T14:42:58:   ▲ Next.js 14.2.2
2026-06-22T14:42:58:   - Local:        http://localhost:3000
2026-06-22T14:42:58: 
2026-06-22T14:42:58:  ✓ Starting...
2026-06-22T14:42:58:   - Local:        http://localhost:3000
2026-06-22T14:42:58: 
2026-06-22T14:42:58:  ✓ Starting...
2026-06-22T14:42:58:   - Local:        http://localhost:3000
2026-06-22T14:42:58: 
2026-06-22T14:42:58:  ✓ Starting...
2026-06-22T14:42:58:   - Local:        http://localhost:3000
2026-06-22T14:42:58: 
2026-06-22T14:42:58:  ✓ Starting...
2026-06-22T14:42:58:   - Local:        http://localhost:3000
2026-06-22T14:42:58: 
2026-06-22T14:42:58:  ✓ Starting...
2026-06-22T14:42:58:   - Local:        http://localhost:3000
2026-06-22T14:42:58: 
2026-06-22T14:42:58:  ✓ Starting...
2026-06-22T14:42:58:   ▲ Next.js 14.2.2
2026-06-22T14:42:58:   - Local:        http://localhost:3000
2026-06-22T14:42:58: 
2026-06-22T14:42:58:  ✓ Starting...
2026-06-22T14:42:58:  ✓ Ready in 1595ms
2026-06-22T14:42:58:  ✓ Ready in 1304ms
2026-06-22T14:42:58:  ✓ Ready in 1735ms
2026-06-22T14:42:58:  ✓ Ready in 1798ms
2026-06-22T14:42:58:  ✓ Ready in 1478ms
2026-06-22T14:42:58:  ✓ Ready in 1181ms
2026-06-22T14:42:58:   - Local:        http://localhost:3000
2026-06-22T14:42:58: 
2026-06-22T14:42:58:  ✓ Starting...
2026-06-22T14:42:59:  ✓ Ready in 1104ms
2026-06-22T14:42:59:  ✓ Ready in 1116ms
2026-06-22T22:55:14:   ▲ Next.js 14.2.2
2026-06-22T22:55:14:   ▲ Next.js 14.2.2
2026-06-22T22:55:14:   ▲ Next.js 14.2.2
2026-06-22T22:55:14:   ▲ Next.js 14.2.2
2026-06-22T22:55:14:   ▲ Next.js 14.2.2
2026-06-22T22:55:14:   ▲ Next.js 14.2.2
2026-06-22T22:55:14:   ▲ Next.js 14.2.2
2026-06-22T22:55:14:   ▲ Next.js 14.2.2
2026-06-22T22:55:14:   - Local:        http://localhost:3000
2026-06-22T22:55:14: 
2026-06-22T22:55:14:  ✓ Starting...
2026-06-22T22:55:14:   - Local:        http://localhost:3000
2026-06-22T22:55:14: 
2026-06-22T22:55:14:  ✓ Starting...
2026-06-22T22:55:14:   - Local:        http://localhost:3000
2026-06-22T22:55:14: 
2026-06-22T22:55:14:  ✓ Starting...
2026-06-22T22:55:14:   - Local:        http://localhost:3000
2026-06-22T22:55:14: 
2026-06-22T22:55:14:  ✓ Starting...
2026-06-22T22:55:14:   - Local:        http://localhost:3000
2026-06-22T22:55:14: 
2026-06-22T22:55:14:  ✓ Starting...
2026-06-22T22:55:14:   - Local:        http://localhost:3000
2026-06-22T22:55:14: 
2026-06-22T22:55:14:  ✓ Starting...
2026-06-22T22:55:14:   - Local:        http://localhost:3000
2026-06-22T22:55:14: 
2026-06-22T22:55:14:  ✓ Starting...
2026-06-22T22:55:14:   - Local:        http://localhost:3000
2026-06-22T22:55:14: 
2026-06-22T22:55:14:  ✓ Starting...
2026-06-22T22:55:17:  ✓ Ready in 5.8s
2026-06-22T22:55:17:  ✓ Ready in 5.6s
2026-06-22T22:55:17:  ✓ Ready in 5.8s
2026-06-22T22:55:17:  ✓ Ready in 5.8s
2026-06-22T22:55:17:  ✓ Ready in 5.8s
2026-06-22T22:55:17:  ✓ Ready in 5.5s
2026-06-22T22:55:17:  ✓ Ready in 5.6s
2026-06-22T22:55:17:  ✓ Ready in 5.4s
2026-06-23T21:28:45:   ▲ Next.js 14.2.2
2026-06-23T21:28:45:   ▲ Next.js 14.2.2
2026-06-23T21:28:45:   ▲ Next.js 14.2.2
2026-06-23T21:28:45:   ▲ Next.js 14.2.2
2026-06-23T21:28:45:   ▲ Next.js 14.2.2
2026-06-23T21:28:45:   ▲ Next.js 14.2.2
2026-06-23T21:28:45:   ▲ Next.js 14.2.2
2026-06-23T21:28:45:   ▲ Next.js 14.2.2
2026-06-23T21:28:45:   - Local:        http://localhost:3000
2026-06-23T21:28:45: 
2026-06-23T21:28:45:  ✓ Starting...
2026-06-23T21:28:45:   - Local:        http://localhost:3000
2026-06-23T21:28:45:   - Local:        http://localhost:3000
2026-06-23T21:28:45: 
2026-06-23T21:28:45: 
2026-06-23T21:28:45:  ✓ Starting...
2026-06-23T21:28:45:  ✓ Starting...
2026-06-23T21:28:45:   - Local:        http://localhost:3000
2026-06-23T21:28:45: 
2026-06-23T21:28:45:  ✓ Starting...
2026-06-23T21:28:45:   - Local:        http://localhost:3000
2026-06-23T21:28:45: 
2026-06-23T21:28:45:   - Local:        http://localhost:3000
2026-06-23T21:28:45:  ✓ Starting...
2026-06-23T21:28:45: 
2026-06-23T21:28:45:   - Local:        http://localhost:3000
2026-06-23T21:28:45:   - Local:        http://localhost:3000
2026-06-23T21:28:45:  ✓ Starting...
2026-06-23T21:28:45: 
2026-06-23T21:28:45: 
2026-06-23T21:28:45:  ✓ Starting...
2026-06-23T21:28:45:  ✓ Starting...
2026-06-23T21:28:48:  ✓ Ready in 8.4s
2026-06-23T21:28:48:  ✓ Ready in 8.4s
2026-06-23T21:28:48:  ✓ Ready in 8.4s
2026-06-23T21:28:48:  ✓ Ready in 8.4s
2026-06-23T21:28:48:  ✓ Ready in 8.4s
2026-06-23T21:28:48:  ✓ Ready in 8.4s
2026-06-23T21:28:48:  ✓ Ready in 8.4s
2026-06-23T21:28:48:  ✓ Ready in 8.4s
2026-06-23T22:46:04:   ▲ Next.js 14.2.2
2026-06-23T22:46:04:   ▲ Next.js 14.2.2
2026-06-23T22:46:04:   ▲ Next.js 14.2.2
2026-06-23T22:46:04:   ▲ Next.js 14.2.2
2026-06-23T22:46:04:   ▲ Next.js 14.2.2
2026-06-23T22:46:04:   ▲ Next.js 14.2.2
2026-06-23T22:46:04:   ▲ Next.js 14.2.2
2026-06-23T22:46:04:   ▲ Next.js 14.2.2
2026-06-23T22:46:04:   - Local:        http://localhost:3000
2026-06-23T22:46:04: 
2026-06-23T22:46:04:  ✓ Starting...
2026-06-23T22:46:04:   - Local:        http://localhost:3000
2026-06-23T22:46:04: 
2026-06-23T22:46:04:  ✓ Starting...
2026-06-23T22:46:04:   - Local:        http://localhost:3000
2026-06-23T22:46:04: 
2026-06-23T22:46:04:  ✓ Starting...
2026-06-23T22:46:04:   - Local:        http://localhost:3000
2026-06-23T22:46:04: 
2026-06-23T22:46:04:  ✓ Starting...
2026-06-23T22:46:04:   - Local:        http://localhost:3000
2026-06-23T22:46:04: 
2026-06-23T22:46:04:  ✓ Starting...
2026-06-23T22:46:04:   - Local:        http://localhost:3000
2026-06-23T22:46:04: 
2026-06-23T22:46:04:  ✓ Starting...
2026-06-23T22:46:04:   - Local:        http://localhost:3000
2026-06-23T22:46:04: 
2026-06-23T22:46:04:  ✓ Starting...
2026-06-23T22:46:04:   - Local:        http://localhost:3000
2026-06-23T22:46:04: 
2026-06-23T22:46:04:  ✓ Starting...
2026-06-23T22:46:07:  ✓ Ready in 8.8s
2026-06-23T22:46:07:  ✓ Ready in 8.8s
2026-06-23T22:46:07:  ✓ Ready in 8.8s
2026-06-23T22:46:07:  ✓ Ready in 8.8s
2026-06-23T22:46:07:  ✓ Ready in 8.7s
2026-06-23T22:46:07:  ✓ Ready in 8.8s
2026-06-23T22:46:07:  ✓ Ready in 8.7s
2026-06-23T22:46:07:  ✓ Ready in 8.8s
2026-06-24T20:23:56:   ▲ Next.js 14.2.2
2026-06-24T20:23:56:   ▲ Next.js 14.2.2
2026-06-24T20:23:56:   ▲ Next.js 14.2.2
2026-06-24T20:23:56:   ▲ Next.js 14.2.2
2026-06-24T20:23:56:   ▲ Next.js 14.2.2
2026-06-24T20:23:56:   ▲ Next.js 14.2.2
2026-06-24T20:23:56:   ▲ Next.js 14.2.2
2026-06-24T20:23:56:   ▲ Next.js 14.2.2
2026-06-24T20:23:56:   - Local:        http://localhost:3000
2026-06-24T20:23:56: 
2026-06-24T20:23:56:  ✓ Starting...
2026-06-24T20:23:56:   - Local:        http://localhost:3000
2026-06-24T20:23:56: 
2026-06-24T20:23:56:  ✓ Starting...
2026-06-24T20:23:56:   - Local:        http://localhost:3000
2026-06-24T20:23:56: 
2026-06-24T20:23:56:  ✓ Starting...
2026-06-24T20:23:56:   - Local:        http://localhost:3000
2026-06-24T20:23:56: 
2026-06-24T20:23:56:  ✓ Starting...
2026-06-24T20:23:56:   - Local:        http://localhost:3000
2026-06-24T20:23:56: 
2026-06-24T20:23:56:  ✓ Starting...
2026-06-24T20:23:56:   - Local:        http://localhost:3000
2026-06-24T20:23:56: 
2026-06-24T20:23:56:  ✓ Starting...
2026-06-24T20:23:56:   - Local:        http://localhost:3000
2026-06-24T20:23:56: 
2026-06-24T20:23:56:  ✓ Starting...
2026-06-24T20:23:56:   - Local:        http://localhost:3000
2026-06-24T20:23:56: 
2026-06-24T20:23:56:  ✓ Starting...
2026-06-24T20:24:00:  ✓ Ready in 13.5s
2026-06-24T20:24:00:  ✓ Ready in 13.5s
2026-06-24T20:24:00:  ✓ Ready in 13.5s
2026-06-24T20:24:00:  ✓ Ready in 13.5s
2026-06-24T20:24:00:  ✓ Ready in 13.5s
2026-06-24T20:24:00:  ✓ Ready in 13.5s
2026-06-24T20:24:00:  ✓ Ready in 13.5s
2026-06-24T20:24:00:  ✓ Ready in 13.5s
2026-06-25T21:21:12:   ▲ Next.js 14.2.2
2026-06-25T21:21:12:   ▲ Next.js 14.2.2
2026-06-25T21:21:12:   ▲ Next.js 14.2.2
2026-06-25T21:21:12:   ▲ Next.js 14.2.2
2026-06-25T21:21:12:   ▲ Next.js 14.2.2
2026-06-25T21:21:12:   ▲ Next.js 14.2.2
2026-06-25T21:21:12:   ▲ Next.js 14.2.2
2026-06-25T21:21:12:   ▲ Next.js 14.2.2
2026-06-25T21:21:12:   - Local:        http://localhost:3000
2026-06-25T21:21:12: 
2026-06-25T21:21:12:  ✓ Starting...
2026-06-25T21:21:12:   - Local:        http://localhost:3000
2026-06-25T21:21:12: 
2026-06-25T21:21:12:  ✓ Starting...
2026-06-25T21:21:12:   - Local:        http://localhost:3000
2026-06-25T21:21:12: 
2026-06-25T21:21:12:  ✓ Starting...
2026-06-25T21:21:12:   - Local:        http://localhost:3000
2026-06-25T21:21:12: 
2026-06-25T21:21:12:  ✓ Starting...
2026-06-25T21:21:12:   - Local:        http://localhost:3000
2026-06-25T21:21:12: 
2026-06-25T21:21:12:  ✓ Starting...
2026-06-25T21:21:12:   - Local:        http://localhost:3000
2026-06-25T21:21:12: 
2026-06-25T21:21:12:  ✓ Starting...
2026-06-25T21:21:12:   - Local:        http://localhost:3000
2026-06-25T21:21:12: 
2026-06-25T21:21:12:  ✓ Starting...
2026-06-25T21:21:12:   - Local:        http://localhost:3000
2026-06-25T21:21:12: 
2026-06-25T21:21:12:  ✓ Starting...
2026-06-25T21:21:15:  ✓ Ready in 9s
2026-06-25T21:21:15:  ✓ Ready in 9s
2026-06-25T21:21:15:  ✓ Ready in 9s
2026-06-25T21:21:15:  ✓ Ready in 9s
2026-06-25T21:21:15:  ✓ Ready in 9s
2026-06-25T21:21:15:  ✓ Ready in 9s
2026-06-25T21:21:15:  ✓ Ready in 9s
2026-06-25T21:21:15:  ✓ Ready in 8.9s
2026-06-26T20:23:49:   ▲ Next.js 14.2.2
2026-06-26T20:23:49:   ▲ Next.js 14.2.2
2026-06-26T20:23:49:   ▲ Next.js 14.2.2
2026-06-26T20:23:49:   ▲ Next.js 14.2.2
2026-06-26T20:23:49:   ▲ Next.js 14.2.2
2026-06-26T20:23:49:   ▲ Next.js 14.2.2
2026-06-26T20:23:49:   ▲ Next.js 14.2.2
2026-06-26T20:23:49:   ▲ Next.js 14.2.2
2026-06-26T20:23:49:   - Local:        http://localhost:3000
2026-06-26T20:23:49: 
2026-06-26T20:23:49:  ✓ Starting...
2026-06-26T20:23:49:   - Local:        http://localhost:3000
2026-06-26T20:23:49: 
2026-06-26T20:23:49:  ✓ Starting...
2026-06-26T20:23:49:   - Local:        http://localhost:3000
2026-06-26T20:23:49: 
2026-06-26T20:23:49:  ✓ Starting...
2026-06-26T20:23:49:   - Local:        http://localhost:3000
2026-06-26T20:23:49: 
2026-06-26T20:23:49:  ✓ Starting...
2026-06-26T20:23:49:   - Local:        http://localhost:3000
2026-06-26T20:23:49: 
2026-06-26T20:23:49:  ✓ Starting...
2026-06-26T20:23:49:   - Local:        http://localhost:3000
2026-06-26T20:23:49: 
2026-06-26T20:23:49:  ✓ Starting...
2026-06-26T20:23:49:   - Local:        http://localhost:3000
2026-06-26T20:23:49: 
2026-06-26T20:23:49:  ✓ Starting...
2026-06-26T20:23:49:   - Local:        http://localhost:3000
2026-06-26T20:23:49: 
2026-06-26T20:23:49:  ✓ Starting...
2026-06-26T20:23:52:  ✓ Ready in 9.6s
2026-06-26T20:23:52:  ✓ Ready in 9.6s
2026-06-26T20:23:52:  ✓ Ready in 9.6s
2026-06-26T20:23:52:  ✓ Ready in 9.6s
2026-06-26T20:23:52:  ✓ Ready in 9.6s
2026-06-26T20:23:52:  ✓ Ready in 9.6s
2026-06-26T20:23:52:  ✓ Ready in 9.6s
2026-06-26T20:23:52:  ✓ Ready in 9.6s
2026-06-27T17:55:57:   ▲ Next.js 14.2.2
2026-06-27T17:55:57:   ▲ Next.js 14.2.2
2026-06-27T17:55:57:   ▲ Next.js 14.2.2
2026-06-27T17:55:57:   ▲ Next.js 14.2.2
2026-06-27T17:55:57:   ▲ Next.js 14.2.2
2026-06-27T17:55:57:   ▲ Next.js 14.2.2
2026-06-27T17:55:57:   ▲ Next.js 14.2.2
2026-06-27T17:55:57:   ▲ Next.js 14.2.2
2026-06-27T17:55:57:   - Local:        http://localhost:3000
2026-06-27T17:55:57: 
2026-06-27T17:55:57:  ✓ Starting...
2026-06-27T17:55:57:   - Local:        http://localhost:3000
2026-06-27T17:55:57: 
2026-06-27T17:55:57:  ✓ Starting...
2026-06-27T17:55:57:   - Local:        http://localhost:3000
2026-06-27T17:55:57: 
2026-06-27T17:55:57:  ✓ Starting...
2026-06-27T17:55:57:   - Local:        http://localhost:3000
2026-06-27T17:55:57: 
2026-06-27T17:55:57:  ✓ Starting...
2026-06-27T17:55:57:   - Local:        http://localhost:3000
2026-06-27T17:55:57: 
2026-06-27T17:55:57:  ✓ Starting...
2026-06-27T17:55:57:   - Local:        http://localhost:3000
2026-06-27T17:55:57: 
2026-06-27T17:55:57:  ✓ Starting...
2026-06-27T17:55:57:   - Local:        http://localhost:3000
2026-06-27T17:55:57: 
2026-06-27T17:55:57:  ✓ Starting...
2026-06-27T17:55:57:   - Local:        http://localhost:3000
2026-06-27T17:55:57: 
2026-06-27T17:55:57:  ✓ Starting...
2026-06-27T17:56:00:  ✓ Ready in 9.6s
2026-06-27T17:56:00:  ✓ Ready in 9.6s
2026-06-27T17:56:00:  ✓ Ready in 9.6s
2026-06-27T17:56:00:  ✓ Ready in 9.6s
2026-06-27T17:56:00:  ✓ Ready in 9.6s
2026-06-27T17:56:00:  ✓ Ready in 9.6s
2026-06-27T17:56:00:  ✓ Ready in 9.6s
2026-06-27T17:56:00:  ✓ Ready in 9.6s
2026-06-28T14:09:44:   ▲ Next.js 14.2.2
2026-06-28T14:09:44:   ▲ Next.js 14.2.2
2026-06-28T14:09:44:   ▲ Next.js 14.2.2
2026-06-28T14:09:44:   ▲ Next.js 14.2.2
2026-06-28T14:09:44:   ▲ Next.js 14.2.2
2026-06-28T14:09:44:   ▲ Next.js 14.2.2
2026-06-28T14:09:44:   ▲ Next.js 14.2.2
2026-06-28T14:09:44:   ▲ Next.js 14.2.2
2026-06-28T14:09:44:   - Local:        http://localhost:3000
2026-06-28T14:09:44: 
2026-06-28T14:09:44:  ✓ Starting...
2026-06-28T14:09:44:   - Local:        http://localhost:3000
2026-06-28T14:09:44: 
2026-06-28T14:09:44:  ✓ Starting...
2026-06-28T14:09:44:   - Local:        http://localhost:3000
2026-06-28T14:09:44: 
2026-06-28T14:09:44:  ✓ Starting...
2026-06-28T14:09:44:   - Local:        http://localhost:3000
2026-06-28T14:09:44: 
2026-06-28T14:09:44:  ✓ Starting...
2026-06-28T14:09:44:   - Local:        http://localhost:3000
2026-06-28T14:09:44: 
2026-06-28T14:09:44:  ✓ Starting...
2026-06-28T14:09:44:   - Local:        http://localhost:3000
2026-06-28T14:09:44: 
2026-06-28T14:09:44:  ✓ Starting...
2026-06-28T14:09:44:   - Local:        http://localhost:3000
2026-06-28T14:09:44: 
2026-06-28T14:09:44:  ✓ Starting...
2026-06-28T14:09:44:   - Local:        http://localhost:3000
2026-06-28T14:09:44: 
2026-06-28T14:09:44:  ✓ Starting...
2026-06-28T14:09:47:  ✓ Ready in 8.3s
2026-06-28T14:09:47:  ✓ Ready in 8.3s
2026-06-28T14:09:47:  ✓ Ready in 8.3s
2026-06-28T14:09:47:  ✓ Ready in 8.3s
2026-06-28T14:09:47:  ✓ Ready in 8.3s
2026-06-28T14:09:47:  ✓ Ready in 8.3s
2026-06-28T14:09:47:  ✓ Ready in 8.3s
2026-06-28T14:09:47:  ✓ Ready in 8.4s
2026-06-30T18:51:03:   ▲ Next.js 14.2.2
2026-06-30T18:51:03:   ▲ Next.js 14.2.2
2026-06-30T18:51:03:   ▲ Next.js 14.2.2
2026-06-30T18:51:03:   ▲ Next.js 14.2.2
2026-06-30T18:51:03:   ▲ Next.js 14.2.2
2026-06-30T18:51:03:   ▲ Next.js 14.2.2
2026-06-30T18:51:03:   ▲ Next.js 14.2.2
2026-06-30T18:51:03:   ▲ Next.js 14.2.2
2026-06-30T18:51:03:   - Local:        http://localhost:3000
2026-06-30T18:51:03: 
2026-06-30T18:51:03:  ✓ Starting...
2026-06-30T18:51:03:   - Local:        http://localhost:3000
2026-06-30T18:51:03: 
2026-06-30T18:51:03:  ✓ Starting...
2026-06-30T18:51:03:   - Local:        http://localhost:3000
2026-06-30T18:51:03: 
2026-06-30T18:51:03:  ✓ Starting...
2026-06-30T18:51:03:   - Local:        http://localhost:3000
2026-06-30T18:51:03: 
2026-06-30T18:51:03:  ✓ Starting...
2026-06-30T18:51:03:   - Local:        http://localhost:3000
2026-06-30T18:51:03: 
2026-06-30T18:51:03:  ✓ Starting...
2026-06-30T18:51:03:   - Local:        http://localhost:3000
2026-06-30T18:51:03: 
2026-06-30T18:51:03:  ✓ Starting...
2026-06-30T18:51:03:   - Local:        http://localhost:3000
2026-06-30T18:51:03: 
2026-06-30T18:51:03:  ✓ Starting...
2026-06-30T18:51:03:   - Local:        http://localhost:3000
2026-06-30T18:51:03: 
2026-06-30T18:51:03:  ✓ Starting...
2026-06-30T18:51:07:  ✓ Ready in 9.7s
2026-06-30T18:51:07:  ✓ Ready in 9.7s
2026-06-30T18:51:07:  ✓ Ready in 9.7s
2026-06-30T18:51:07:  ✓ Ready in 9.7s
2026-06-30T18:51:07:  ✓ Ready in 9.7s
2026-06-30T18:51:07:  ✓ Ready in 9.7s
2026-06-30T18:51:07:  ✓ Ready in 9.7s
2026-06-30T18:51:07:  ✓ Ready in 9.7s
2026-07-02T05:06:46:   ▲ Next.js 14.2.2
2026-07-02T05:06:46:   ▲ Next.js 14.2.2
2026-07-02T05:06:46:   ▲ Next.js 14.2.2
2026-07-02T05:06:46:   ▲ Next.js 14.2.2
2026-07-02T05:06:46:   ▲ Next.js 14.2.2
2026-07-02T05:06:46:   ▲ Next.js 14.2.2
2026-07-02T05:06:46:   ▲ Next.js 14.2.2
2026-07-02T05:06:46:   ▲ Next.js 14.2.2
2026-07-02T05:06:46:   - Local:        http://localhost:3000
2026-07-02T05:06:46: 
2026-07-02T05:06:46:  ✓ Starting...
2026-07-02T05:06:46:   - Local:        http://localhost:3000
2026-07-02T05:06:46:   - Local:        http://localhost:3000
2026-07-02T05:06:46: 
2026-07-02T05:06:46: 
2026-07-02T05:06:46:   - Local:        http://localhost:3000
2026-07-02T05:06:46:  ✓ Starting...
2026-07-02T05:06:46:  ✓ Starting...
2026-07-02T05:06:46: 
2026-07-02T05:06:46:   - Local:        http://localhost:3000
2026-07-02T05:06:46:  ✓ Starting...
2026-07-02T05:06:46: 
2026-07-02T05:06:46:  ✓ Starting...
2026-07-02T05:06:46:   - Local:        http://localhost:3000
2026-07-02T05:06:46: 
2026-07-02T05:06:46:  ✓ Starting...
2026-07-02T05:06:46:   - Local:        http://localhost:3000
2026-07-02T05:06:46: 
2026-07-02T05:06:46:  ✓ Starting...
2026-07-02T05:06:46:   - Local:        http://localhost:3000
2026-07-02T05:06:46: 
2026-07-02T05:06:46:  ✓ Starting...
2026-07-02T05:06:48:  ✓ Ready in 5.6s
2026-07-02T05:06:48:  ✓ Ready in 5.6s
2026-07-02T05:06:48:  ✓ Ready in 5.6s
2026-07-02T05:06:48:  ✓ Ready in 5.6s
2026-07-02T05:06:48:  ✓ Ready in 5.6s
2026-07-02T05:06:48:  ✓ Ready in 5.6s
2026-07-02T05:06:48:  ✓ Ready in 5.6s
2026-07-02T05:06:48:  ✓ Ready in 5.6s
2026-07-02T16:21:24:   ▲ Next.js 14.2.2
2026-07-02T16:21:24:   ▲ Next.js 14.2.2
2026-07-02T16:21:24:   ▲ Next.js 14.2.2
2026-07-02T16:21:24:   ▲ Next.js 14.2.2
2026-07-02T16:21:24:   ▲ Next.js 14.2.2
2026-07-02T16:21:24:   ▲ Next.js 14.2.2
2026-07-02T16:21:24:   ▲ Next.js 14.2.2
2026-07-02T16:21:24:   ▲ Next.js 14.2.2
2026-07-02T16:21:24:   - Local:        http://localhost:3000
2026-07-02T16:21:24: 
2026-07-02T16:21:24:  ✓ Starting...
2026-07-02T16:21:24:   - Local:        http://localhost:3000
2026-07-02T16:21:24: 
2026-07-02T16:21:24:  ✓ Starting...
2026-07-02T16:21:24:   - Local:        http://localhost:3000
2026-07-02T16:21:24: 
2026-07-02T16:21:24:  ✓ Starting...
2026-07-02T16:21:24:   - Local:        http://localhost:3000
2026-07-02T16:21:24: 
2026-07-02T16:21:24:  ✓ Starting...
2026-07-02T16:21:24:   - Local:        http://localhost:3000
2026-07-02T16:21:24: 
2026-07-02T16:21:24:  ✓ Starting...
2026-07-02T16:21:24:   - Local:        http://localhost:3000
2026-07-02T16:21:24: 
2026-07-02T16:21:24:  ✓ Starting...
2026-07-02T16:21:24:   - Local:        http://localhost:3000
2026-07-02T16:21:24: 
2026-07-02T16:21:24:  ✓ Starting...
2026-07-02T16:21:24:   - Local:        http://localhost:3000
2026-07-02T16:21:24: 
2026-07-02T16:21:24:  ✓ Starting...
2026-07-02T16:21:27:  ✓ Ready in 8.7s
2026-07-02T16:21:27:  ✓ Ready in 8.7s
2026-07-02T16:21:27:  ✓ Ready in 8.7s
2026-07-02T16:21:27:  ✓ Ready in 8.7s
2026-07-02T16:21:27:  ✓ Ready in 8.7s
2026-07-02T16:21:27:  ✓ Ready in 8.7s
2026-07-02T16:21:27:  ✓ Ready in 8.7s
2026-07-02T16:21:27:  ✓ Ready in 8.7s
2026-07-02T21:34:28:   ▲ Next.js 14.2.2
2026-07-02T21:34:28:   ▲ Next.js 14.2.2
2026-07-02T21:34:28:   ▲ Next.js 14.2.2
2026-07-02T21:34:28:   ▲ Next.js 14.2.2
2026-07-02T21:34:28:   ▲ Next.js 14.2.2
2026-07-02T21:34:28:   ▲ Next.js 14.2.2
2026-07-02T21:34:28:   ▲ Next.js 14.2.2
2026-07-02T21:34:28:   ▲ Next.js 14.2.2
2026-07-02T21:34:28:   - Local:        http://localhost:3000
2026-07-02T21:34:28: 
2026-07-02T21:34:28:  ✓ Starting...
2026-07-02T21:34:28:   - Local:        http://localhost:3000
2026-07-02T21:34:28: 
2026-07-02T21:34:28:  ✓ Starting...
2026-07-02T21:34:28:   - Local:        http://localhost:3000
2026-07-02T21:34:28: 
2026-07-02T21:34:28:  ✓ Starting...
2026-07-02T21:34:28:   - Local:        http://localhost:3000
2026-07-02T21:34:28: 
2026-07-02T21:34:28:  ✓ Starting...
2026-07-02T21:34:28:   - Local:        http://localhost:3000
2026-07-02T21:34:28: 
2026-07-02T21:34:28:  ✓ Starting...
2026-07-02T21:34:28:   - Local:        http://localhost:3000
2026-07-02T21:34:28: 
2026-07-02T21:34:28:  ✓ Starting...
2026-07-02T21:34:28:   - Local:        http://localhost:3000
2026-07-02T21:34:28: 
2026-07-02T21:34:28:  ✓ Starting...
2026-07-02T21:34:28:   - Local:        http://localhost:3000
2026-07-02T21:34:28: 
2026-07-02T21:34:28:  ✓ Starting...
2026-07-02T21:34:31:  ✓ Ready in 8.9s
2026-07-02T21:34:31:  ✓ Ready in 8.9s
2026-07-02T21:34:31:  ✓ Ready in 8.9s
2026-07-02T21:34:31:  ✓ Ready in 8.9s
2026-07-02T21:34:31:  ✓ Ready in 8.9s
2026-07-02T21:34:31:  ✓ Ready in 8.9s
2026-07-02T21:34:31:  ✓ Ready in 8.9s
2026-07-02T21:34:31:  ✓ Ready in 8.9s
2026-07-02T23:28:13:   ▲ Next.js 14.2.2
2026-07-02T23:28:13:   ▲ Next.js 14.2.2
2026-07-02T23:28:13:   ▲ Next.js 14.2.2
2026-07-02T23:28:13:   ▲ Next.js 14.2.2
2026-07-02T23:28:13:   ▲ Next.js 14.2.2
2026-07-02T23:28:13:   ▲ Next.js 14.2.2
2026-07-02T23:28:13:   ▲ Next.js 14.2.2
2026-07-02T23:28:13:   ▲ Next.js 14.2.2
2026-07-02T23:28:13:   - Local:        http://localhost:3000
2026-07-02T23:28:13:   - Local:        http://localhost:3000
2026-07-02T23:28:13: 
2026-07-02T23:28:13:   - Local:        http://localhost:3000
2026-07-02T23:28:13: 
2026-07-02T23:28:13:  ✓ Starting...
2026-07-02T23:28:13: 
2026-07-02T23:28:13:   - Local:        http://localhost:3000
2026-07-02T23:28:13:  ✓ Starting...
2026-07-02T23:28:13:  ✓ Starting...
2026-07-02T23:28:13: 
2026-07-02T23:28:13:  ✓ Starting...
2026-07-02T23:28:13:   - Local:        http://localhost:3000
2026-07-02T23:28:13: 
2026-07-02T23:28:13:  ✓ Starting...
2026-07-02T23:28:13:   - Local:        http://localhost:3000
2026-07-02T23:28:13: 
2026-07-02T23:28:13:  ✓ Starting...
2026-07-02T23:28:13:   - Local:        http://localhost:3000
2026-07-02T23:28:13: 
2026-07-02T23:28:13:  ✓ Starting...
2026-07-02T23:28:13:   - Local:        http://localhost:3000
2026-07-02T23:28:13: 
2026-07-02T23:28:13:  ✓ Starting...
2026-07-02T23:28:15:  ✓ Ready in 6.1s
2026-07-02T23:28:15:  ✓ Ready in 6.1s
2026-07-02T23:28:15:  ✓ Ready in 6.1s
2026-07-02T23:28:15:  ✓ Ready in 6s
2026-07-02T23:28:15:  ✓ Ready in 6.1s
2026-07-02T23:28:15:  ✓ Ready in 6.1s
2026-07-02T23:28:15:  ✓ Ready in 6s
2026-07-02T23:28:15:  ✓ Ready in 6.1s
2026-07-03T15:05:38:   ▲ Next.js 14.2.2
2026-07-03T15:05:38:   ▲ Next.js 14.2.2
2026-07-03T15:05:38:   ▲ Next.js 14.2.2
2026-07-03T15:05:38:   ▲ Next.js 14.2.2
2026-07-03T15:05:38:   ▲ Next.js 14.2.2
2026-07-03T15:05:38:   ▲ Next.js 14.2.2
2026-07-03T15:05:38:   ▲ Next.js 14.2.2
2026-07-03T15:05:38:   ▲ Next.js 14.2.2
2026-07-03T15:05:38:   - Local:        http://localhost:3000
2026-07-03T15:05:38: 
2026-07-03T15:05:38:  ✓ Starting...
2026-07-03T15:05:38:   - Local:        http://localhost:3000
2026-07-03T15:05:38: 
2026-07-03T15:05:38:  ✓ Starting...
2026-07-03T15:05:38:   - Local:        http://localhost:3000
2026-07-03T15:05:38: 
2026-07-03T15:05:38:  ✓ Starting...
2026-07-03T15:05:38:   - Local:        http://localhost:3000
2026-07-03T15:05:38: 
2026-07-03T15:05:38:  ✓ Starting...
2026-07-03T15:05:38:   - Local:        http://localhost:3000
2026-07-03T15:05:38: 
2026-07-03T15:05:38:  ✓ Starting...
2026-07-03T15:05:38:   - Local:        http://localhost:3000
2026-07-03T15:05:38: 
2026-07-03T15:05:38:  ✓ Starting...
2026-07-03T15:05:38:   - Local:        http://localhost:3000
2026-07-03T15:05:38: 
2026-07-03T15:05:38:  ✓ Starting...
2026-07-03T15:05:38:   - Local:        http://localhost:3000
2026-07-03T15:05:38: 
2026-07-03T15:05:38:  ✓ Starting...
2026-07-03T15:05:42:  ✓ Ready in 8.6s
2026-07-03T15:05:42:  ✓ Ready in 8.6s
2026-07-03T15:05:42:  ✓ Ready in 8.6s
2026-07-03T15:05:42:  ✓ Ready in 8.6s
2026-07-03T15:05:42:  ✓ Ready in 8.6s
2026-07-03T15:05:42:  ✓ Ready in 8.6s
2026-07-03T15:05:42:  ✓ Ready in 8.6s
2026-07-03T15:05:42:  ✓ Ready in 8.6s
2026-07-03T15:29:42:   ▲ Next.js 14.2.2
2026-07-03T15:29:42:   ▲ Next.js 14.2.2
2026-07-03T15:29:42:   ▲ Next.js 14.2.2
2026-07-03T15:29:42:   ▲ Next.js 14.2.2
2026-07-03T15:29:43:   ▲ Next.js 14.2.2
2026-07-03T15:29:42:   - Local:        http://localhost:3000
2026-07-03T15:29:42: 
2026-07-03T15:29:42:  ✓ Starting...
2026-07-03T15:29:42:   - Local:        http://localhost:3000
2026-07-03T15:29:42: 
2026-07-03T15:29:42:  ✓ Starting...
2026-07-03T15:29:42:   - Local:        http://localhost:3000
2026-07-03T15:29:42: 
2026-07-03T15:29:42:  ✓ Starting...
2026-07-03T15:29:42:   - Local:        http://localhost:3000
2026-07-03T15:29:42: 
2026-07-03T15:29:42:  ✓ Starting...
2026-07-03T15:29:43:   ▲ Next.js 14.2.2
2026-07-03T15:29:43:   - Local:        http://localhost:3000
2026-07-03T15:29:43: 
2026-07-03T15:29:43:  ✓ Starting...
2026-07-03T15:29:43:   - Local:        http://localhost:3000
2026-07-03T15:29:43: 
2026-07-03T15:29:43:  ✓ Starting...
2026-07-03T15:29:43:  ✓ Ready in 1946ms
2026-07-03T15:29:43:  ✓ Ready in 1948ms
2026-07-03T15:29:43:  ✓ Ready in 1908ms
2026-07-03T15:29:43:  ✓ Ready in 1801ms
2026-07-03T15:29:43:  ✓ Ready in 1686ms
2026-07-03T15:29:43:  ✓ Ready in 1562ms
2026-07-03T15:29:43:   ▲ Next.js 14.2.2
2026-07-03T15:29:43:   ▲ Next.js 14.2.2
2026-07-03T15:29:43:   - Local:        http://localhost:3000
2026-07-03T15:29:43: 
2026-07-03T15:29:43:   - Local:        http://localhost:3000
2026-07-03T15:29:43:  ✓ Starting...
2026-07-03T15:29:43: 
2026-07-03T15:29:44:  ✓ Ready in 1480ms
2026-07-03T15:29:43:  ✓ Starting...
2026-07-03T15:29:44:  ✓ Ready in 1449ms
2026-07-04T01:08:32:   ▲ Next.js 14.2.2
2026-07-04T01:08:32:   ▲ Next.js 14.2.2
2026-07-04T01:08:32:   ▲ Next.js 14.2.2
2026-07-04T01:08:32:   ▲ Next.js 14.2.2
2026-07-04T01:08:32:   ▲ Next.js 14.2.2
2026-07-04T01:08:32:   ▲ Next.js 14.2.2
2026-07-04T01:08:32:   ▲ Next.js 14.2.2
2026-07-04T01:08:32:   ▲ Next.js 14.2.2
2026-07-04T01:08:32:   - Local:        http://localhost:3000
2026-07-04T01:08:32: 
2026-07-04T01:08:32:  ✓ Starting...
2026-07-04T01:08:32:   - Local:        http://localhost:3000
2026-07-04T01:08:32: 
2026-07-04T01:08:32:  ✓ Starting...
2026-07-04T01:08:32:   - Local:        http://localhost:3000
2026-07-04T01:08:32: 
2026-07-04T01:08:32:  ✓ Starting...
2026-07-04T01:08:32:   - Local:        http://localhost:3000
2026-07-04T01:08:32: 
2026-07-04T01:08:32:  ✓ Starting...
2026-07-04T01:08:32:   - Local:        http://localhost:3000
2026-07-04T01:08:32: 
2026-07-04T01:08:32:  ✓ Starting...
2026-07-04T01:08:32:   - Local:        http://localhost:3000
2026-07-04T01:08:32: 
2026-07-04T01:08:32:  ✓ Starting...
2026-07-04T01:08:32:   - Local:        http://localhost:3000
2026-07-04T01:08:32: 
2026-07-04T01:08:32:  ✓ Starting...
2026-07-04T01:08:32:   - Local:        http://localhost:3000
2026-07-04T01:08:32: 
2026-07-04T01:08:32:  ✓ Starting...
2026-07-04T01:08:34:  ✓ Ready in 5.3s
2026-07-04T01:08:34:  ✓ Ready in 5.3s
2026-07-04T01:08:34:  ✓ Ready in 5.1s
2026-07-04T01:08:34:  ✓ Ready in 5.2s
2026-07-04T01:08:34:  ✓ Ready in 5.3s
2026-07-04T01:08:34:  ✓ Ready in 5.3s
2026-07-04T01:08:34:  ✓ Ready in 5.3s
2026-07-04T01:08:34:  ✓ Ready in 5.3s
2026-07-04T01:30:54:   ▲ Next.js 14.2.2
2026-07-04T01:30:54:   ▲ Next.js 14.2.2
2026-07-04T01:30:54:   - Local:        http://localhost:3000
2026-07-04T01:30:54: 
2026-07-04T01:30:54:  ✓ Starting...
2026-07-04T01:30:54:   ▲ Next.js 14.2.2
2026-07-04T01:30:54:   - Local:        http://localhost:3000
2026-07-04T01:30:54: 
2026-07-04T01:30:54:  ✓ Starting...
2026-07-04T01:30:54:   ▲ Next.js 14.2.2
2026-07-04T01:30:55:  ✓ Ready in 1398ms
2026-07-04T01:30:54:   - Local:        http://localhost:3000
2026-07-04T01:30:54: 
2026-07-04T01:30:54:  ✓ Starting...
2026-07-04T01:30:55:   ▲ Next.js 14.2.2
2026-07-04T01:30:55:  ✓ Ready in 1446ms
2026-07-04T01:30:54:   - Local:        http://localhost:3000
2026-07-04T01:30:54: 
2026-07-04T01:30:54:  ✓ Starting...
2026-07-04T01:30:55:  ✓ Ready in 1614ms
2026-07-04T01:30:55:   ▲ Next.js 14.2.2
2026-07-04T01:30:55:   - Local:        http://localhost:3000
2026-07-04T01:30:55: 
2026-07-04T01:30:55:  ✓ Starting...
2026-07-04T01:30:55:   ▲ Next.js 14.2.2
2026-07-04T01:30:55:  ✓ Ready in 1689ms
2026-07-04T01:30:55:   - Local:        http://localhost:3000
2026-07-04T01:30:55:  ✓ Ready in 1581ms
2026-07-04T01:30:55:   ▲ Next.js 14.2.2
2026-07-04T01:30:55: 
2026-07-04T01:30:55:  ✓ Starting...
2026-07-04T01:30:56:  ✓ Ready in 1507ms
2026-07-04T01:30:55:   - Local:        http://localhost:3000
2026-07-04T01:30:55: 
2026-07-04T01:30:55:  ✓ Starting...
2026-07-04T01:30:56:  ✓ Ready in 1454ms
2026-07-04T01:30:55:   - Local:        http://localhost:3000
2026-07-04T01:30:55: 
2026-07-04T01:30:55:  ✓ Starting...
2026-07-04T01:30:56:  ✓ Ready in 1485ms
2026-07-05T07:08:43:   ▲ Next.js 14.2.2
2026-07-05T07:08:43:   ▲ Next.js 14.2.2
2026-07-05T07:08:43:   ▲ Next.js 14.2.2
2026-07-05T07:08:43:   ▲ Next.js 14.2.2
2026-07-05T07:08:43:   ▲ Next.js 14.2.2
2026-07-05T07:08:43:   ▲ Next.js 14.2.2
2026-07-05T07:08:43:   ▲ Next.js 14.2.2
2026-07-05T07:08:44:   ▲ Next.js 14.2.2
2026-07-05T07:08:44:   - Local:        http://localhost:3000
2026-07-05T07:08:44:   - Local:        http://localhost:3000
2026-07-05T07:08:44:   - Local:        http://localhost:3000
2026-07-05T07:08:44: 
2026-07-05T07:08:44:   - Local:        http://localhost:3000
2026-07-05T07:08:44: 
2026-07-05T07:08:44: 
2026-07-05T07:08:44:   - Local:        http://localhost:3000
2026-07-05T07:08:44:  ✓ Starting...
2026-07-05T07:08:44: 
2026-07-05T07:08:44:   - Local:        http://localhost:3000
2026-07-05T07:08:44:   - Local:        http://localhost:3000
2026-07-05T07:08:44:  ✓ Starting...
2026-07-05T07:08:44:  ✓ Starting...
2026-07-05T07:08:44: 
2026-07-05T07:08:44:  ✓ Starting...
2026-07-05T07:08:44: 
2026-07-05T07:08:44: 
2026-07-05T07:08:44:  ✓ Starting...
2026-07-05T07:08:44:  ✓ Starting...
2026-07-05T07:08:44:  ✓ Starting...
2026-07-05T07:08:44:   - Local:        http://localhost:3000
2026-07-05T07:08:44: 
2026-07-05T07:08:44:  ✓ Starting...
2026-07-05T07:08:46:  ✓ Ready in 5.6s
2026-07-05T07:08:46:  ✓ Ready in 5.6s
2026-07-05T07:08:46:  ✓ Ready in 5.7s
2026-07-05T07:08:46:  ✓ Ready in 5.7s
2026-07-05T07:08:46:  ✓ Ready in 5.7s
2026-07-05T07:08:46:  ✓ Ready in 5.7s
2026-07-05T07:08:46:  ✓ Ready in 5.7s
2026-07-05T07:08:46:  ✓ Ready in 5.7s
2026-07-05T18:30:24:   ▲ Next.js 14.2.2
2026-07-05T18:30:24:   ▲ Next.js 14.2.2
2026-07-05T18:30:24:   ▲ Next.js 14.2.2
2026-07-05T18:30:24:   ▲ Next.js 14.2.2
2026-07-05T18:30:24:   ▲ Next.js 14.2.2
2026-07-05T18:30:24:   ▲ Next.js 14.2.2
2026-07-05T18:30:24:   ▲ Next.js 14.2.2
2026-07-05T18:30:24:   ▲ Next.js 14.2.2
2026-07-05T18:30:24:   - Local:        http://localhost:3000
2026-07-05T18:30:24: 
2026-07-05T18:30:24:  ✓ Starting...
2026-07-05T18:30:24:   - Local:        http://localhost:3000
2026-07-05T18:30:24: 
2026-07-05T18:30:24:  ✓ Starting...
2026-07-05T18:30:24:   - Local:        http://localhost:3000
2026-07-05T18:30:24: 
2026-07-05T18:30:24:  ✓ Starting...
2026-07-05T18:30:24:   - Local:        http://localhost:3000
2026-07-05T18:30:24: 
2026-07-05T18:30:24:  ✓ Starting...
2026-07-05T18:30:24:   - Local:        http://localhost:3000
2026-07-05T18:30:24: 
2026-07-05T18:30:24:  ✓ Starting...
2026-07-05T18:30:24:   - Local:        http://localhost:3000
2026-07-05T18:30:24: 
2026-07-05T18:30:24:  ✓ Starting...
2026-07-05T18:30:24:   - Local:        http://localhost:3000
2026-07-05T18:30:24: 
2026-07-05T18:30:24:  ✓ Starting...
2026-07-05T18:30:24:   - Local:        http://localhost:3000
2026-07-05T18:30:24: 
2026-07-05T18:30:24:  ✓ Starting...
2026-07-05T18:30:26:  ✓ Ready in 5.5s
2026-07-05T18:30:26:  ✓ Ready in 5.5s
2026-07-05T18:30:26:  ✓ Ready in 5.5s
2026-07-05T18:30:26:  ✓ Ready in 5.5s
2026-07-05T18:30:26:  ✓ Ready in 5.5s
2026-07-05T18:30:26:  ✓ Ready in 5.5s
2026-07-05T18:30:26:  ✓ Ready in 5.5s
2026-07-05T18:30:26:  ✓ Ready in 5.5s
2026-07-06T01:25:37:   ▲ Next.js 14.2.2
2026-07-06T01:25:37:   ▲ Next.js 14.2.2
2026-07-06T01:25:37:   ▲ Next.js 14.2.2
2026-07-06T01:25:37:   - Local:        http://localhost:3000
2026-07-06T01:25:37: 
2026-07-06T01:25:37:  ✓ Starting...
2026-07-06T01:25:37:   - Local:        http://localhost:3000
2026-07-06T01:25:37: 
2026-07-06T01:25:37:  ✓ Starting...
2026-07-06T01:25:37:   ▲ Next.js 14.2.2
2026-07-06T01:25:37:   - Local:        http://localhost:3000
2026-07-06T01:25:37: 
2026-07-06T01:25:37:  ✓ Starting...
2026-07-06T01:25:38:  ✓ Ready in 1415ms
2026-07-06T01:25:38:  ✓ Ready in 1350ms
2026-07-06T01:25:38:   ▲ Next.js 14.2.2
2026-07-06T01:25:37:   - Local:        http://localhost:3000
2026-07-06T01:25:37: 
2026-07-06T01:25:37:  ✓ Starting...
2026-07-06T01:25:38:   ▲ Next.js 14.2.2
2026-07-06T01:25:38:  ✓ Ready in 1343ms
2026-07-06T01:25:38:   - Local:        http://localhost:3000
2026-07-06T01:25:38:   ▲ Next.js 14.2.2
2026-07-06T01:25:38: 
2026-07-06T01:25:38:  ✓ Starting...
2026-07-06T01:25:38:  ✓ Ready in 1338ms
2026-07-06T01:25:38:   - Local:        http://localhost:3000
2026-07-06T01:25:38: 
2026-07-06T01:25:38:  ✓ Starting...
2026-07-06T01:25:38:   ▲ Next.js 14.2.2
2026-07-06T01:25:38:  ✓ Ready in 1206ms
2026-07-06T01:25:38:   - Local:        http://localhost:3000
2026-07-06T01:25:38: 
2026-07-06T01:25:38:  ✓ Starting...
2026-07-06T01:25:38:  ✓ Ready in 1056ms
2026-07-06T01:25:38:   - Local:        http://localhost:3000
2026-07-06T01:25:38: 
2026-07-06T01:25:38:  ✓ Starting...
2026-07-06T01:25:38:  ✓ Ready in 956ms
2026-07-06T01:25:38:  ✓ Ready in 929ms
2026-08-15T02:02:33:   ▲ Next.js 14.2.2
2026-08-15T02:02:33:   ▲ Next.js 14.2.2
2026-08-15T02:02:33:   ▲ Next.js 14.2.2
2026-08-15T02:02:33:   ▲ Next.js 14.2.2
2026-08-15T02:02:33:   ▲ Next.js 14.2.2
2026-08-15T02:02:33:   ▲ Next.js 14.2.2
2026-08-15T02:02:33:   ▲ Next.js 14.2.2
2026-08-15T02:02:33:   ▲ Next.js 14.2.2
2026-08-15T02:02:33:   - Local:        http://localhost:3000
2026-08-15T02:02:33: 
2026-08-15T02:02:33:  ✓ Starting...
2026-08-15T02:02:33:   - Local:        http://localhost:3000
2026-08-15T02:02:33: 
2026-08-15T02:02:33:  ✓ Starting...
2026-08-15T02:02:33:   - Local:        http://localhost:3000
2026-08-15T02:02:33: 
2026-08-15T02:02:33:  ✓ Starting...
2026-08-15T02:02:33:   - Local:        http://localhost:3000
2026-08-15T02:02:33: 
2026-08-15T02:02:33:  ✓ Starting...
2026-08-15T02:02:33:   - Local:        http://localhost:3000
2026-08-15T02:02:33: 
2026-08-15T02:02:33:  ✓ Starting...
2026-08-15T02:02:33:   - Local:        http://localhost:3000
2026-08-15T02:02:33: 
2026-08-15T02:02:33:  ✓ Starting...
2026-08-15T02:02:33:   - Local:        http://localhost:3000
2026-08-15T02:02:33: 
2026-08-15T02:02:33:  ✓ Starting...
2026-08-15T02:02:33:   - Local:        http://localhost:3000
2026-08-15T02:02:33: 
2026-08-15T02:02:33:  ✓ Starting...
2026-08-15T02:02:33:  ✓ Ready in 2.2s
2026-08-15T02:02:33:  ✓ Ready in 2.2s
2026-08-15T02:02:33:  ✓ Ready in 2.2s
2026-08-15T02:02:33:  ✓ Ready in 2.2s
2026-08-15T02:02:33:  ✓ Ready in 2.2s
2026-08-15T02:02:33:  ✓ Ready in 2.2s
2026-08-15T02:02:33:  ✓ Ready in 2.2s
2026-08-15T02:02:33:  ✓ Ready in 2.2s
2026-08-16T00:07:14:   ▲ Next.js 14.2.2
2026-08-16T00:07:14:   ▲ Next.js 14.2.2
2026-08-16T00:07:14:   ▲ Next.js 14.2.2
2026-08-16T00:07:14:   ▲ Next.js 14.2.2
2026-08-16T00:07:14:   ▲ Next.js 14.2.2
2026-08-16T00:07:14:   ▲ Next.js 14.2.2
2026-08-16T00:07:14:   ▲ Next.js 14.2.2
2026-08-16T00:07:14:   ▲ Next.js 14.2.2
2026-08-16T00:07:14:   - Local:        http://localhost:3000
2026-08-16T00:07:14: 
2026-08-16T00:07:14:  ✓ Starting...
2026-08-16T00:07:14:   - Local:        http://localhost:3000
2026-08-16T00:07:14: 
2026-08-16T00:07:14:  ✓ Starting...
2026-08-16T00:07:14:   - Local:        http://localhost:3000
2026-08-16T00:07:14: 
2026-08-16T00:07:14:  ✓ Starting...
2026-08-16T00:07:14:   - Local:        http://localhost:3000
2026-08-16T00:07:14: 
2026-08-16T00:07:14:  ✓ Starting...
2026-08-16T00:07:14:   - Local:        http://localhost:3000
2026-08-16T00:07:14: 
2026-08-16T00:07:14:  ✓ Starting...
2026-08-16T00:07:14:   - Local:        http://localhost:3000
2026-08-16T00:07:14: 
2026-08-16T00:07:14:  ✓ Starting...
2026-08-16T00:07:14:   - Local:        http://localhost:3000
2026-08-16T00:07:14: 
2026-08-16T00:07:14:  ✓ Starting...
2026-08-16T00:07:14:   - Local:        http://localhost:3000
2026-08-16T00:07:14: 
2026-08-16T00:07:14:  ✓ Starting...
2026-08-16T00:07:18:  ✓ Ready in 11.1s
2026-08-16T00:07:18:  ✓ Ready in 11.1s
2026-08-16T00:07:18:  ✓ Ready in 11.1s
2026-08-16T00:07:18:  ✓ Ready in 11.1s
2026-08-16T00:07:18:  ✓ Ready in 11.1s
2026-08-16T00:07:18:  ✓ Ready in 11.1s
2026-08-16T00:07:18:  ✓ Ready in 11.1s
2026-08-16T00:07:18:  ✓ Ready in 11.1s
2026-08-16T16:38:42:   ▲ Next.js 14.2.2
2026-08-16T16:38:42:   ▲ Next.js 14.2.2
2026-08-16T16:38:42:   ▲ Next.js 14.2.2
2026-08-16T16:38:42:   ▲ Next.js 14.2.2
2026-08-16T16:38:42:   ▲ Next.js 14.2.2
2026-08-16T16:38:42:   ▲ Next.js 14.2.2
2026-08-16T16:38:42:   ▲ Next.js 14.2.2
2026-08-16T16:38:42:   ▲ Next.js 14.2.2
2026-08-16T16:38:42:   - Local:        http://localhost:3000
2026-08-16T16:38:42: 
2026-08-16T16:38:42:  ✓ Starting...
2026-08-16T16:38:42:   - Local:        http://localhost:3000
2026-08-16T16:38:42: 
2026-08-16T16:38:42:  ✓ Starting...
2026-08-16T16:38:42:   - Local:        http://localhost:3000
2026-08-16T16:38:42: 
2026-08-16T16:38:42:  ✓ Starting...
2026-08-16T16:38:42:   - Local:        http://localhost:3000
2026-08-16T16:38:42: 
2026-08-16T16:38:42:  ✓ Starting...
2026-08-16T16:38:42:   - Local:        http://localhost:3000
2026-08-16T16:38:42: 
2026-08-16T16:38:42:  ✓ Starting...
2026-08-16T16:38:42:   - Local:        http://localhost:3000
2026-08-16T16:38:42: 
2026-08-16T16:38:42:  ✓ Starting...
2026-08-16T16:38:42:   - Local:        http://localhost:3000
2026-08-16T16:38:42: 
2026-08-16T16:38:42:  ✓ Starting...
2026-08-16T16:38:42:   - Local:        http://localhost:3000
2026-08-16T16:38:42: 
2026-08-16T16:38:42:  ✓ Starting...
2026-08-16T16:38:46:  ✓ Ready in 13.9s
2026-08-16T16:38:46:  ✓ Ready in 13.9s
2026-08-16T16:38:46:  ✓ Ready in 13.9s
2026-08-16T16:38:46:  ✓ Ready in 13.9s
2026-08-16T16:38:46:  ✓ Ready in 13.9s
2026-08-16T16:38:46:  ✓ Ready in 13.9s
2026-08-16T16:38:46:  ✓ Ready in 13.9s
2026-08-16T16:38:46:  ✓ Ready in 13.9s
2026-08-17T10:34:26:   ▲ Next.js 14.2.2
2026-08-17T10:34:26:   ▲ Next.js 14.2.2
2026-08-17T10:34:26:   ▲ Next.js 14.2.2
2026-08-17T10:34:26:   ▲ Next.js 14.2.2
2026-08-17T10:34:26:   ▲ Next.js 14.2.2
2026-08-17T10:34:26:   ▲ Next.js 14.2.2
2026-08-17T10:34:26:   ▲ Next.js 14.2.2
2026-08-17T10:34:26:   ▲ Next.js 14.2.2
2026-08-17T10:34:26:   - Local:        http://localhost:3000
2026-08-17T10:34:26: 
2026-08-17T10:34:26:  ✓ Starting...
2026-08-17T10:34:26:   - Local:        http://localhost:3000
2026-08-17T10:34:26: 
2026-08-17T10:34:26:  ✓ Starting...
2026-08-17T10:34:26:   - Local:        http://localhost:3000
2026-08-17T10:34:26: 
2026-08-17T10:34:26:  ✓ Starting...
2026-08-17T10:34:26:   - Local:        http://localhost:3000
2026-08-17T10:34:26: 
2026-08-17T10:34:26:  ✓ Starting...
2026-08-17T10:34:26:   - Local:        http://localhost:3000
2026-08-17T10:34:26: 
2026-08-17T10:34:26:  ✓ Starting...
2026-08-17T10:34:26:   - Local:        http://localhost:3000
2026-08-17T10:34:26: 
2026-08-17T10:34:26:  ✓ Starting...
2026-08-17T10:34:26:   - Local:        http://localhost:3000
2026-08-17T10:34:26: 
2026-08-17T10:34:26:  ✓ Starting...
2026-08-17T10:34:26:   - Local:        http://localhost:3000
2026-08-17T10:34:26: 
2026-08-17T10:34:26:  ✓ Starting...
2026-08-17T10:34:31:  ✓ Ready in 13.1s
2026-08-17T10:34:31:  ✓ Ready in 13.1s
2026-08-17T10:34:31:  ✓ Ready in 13.1s
2026-08-17T10:34:31:  ✓ Ready in 13.1s
2026-08-17T10:34:31:  ✓ Ready in 13.1s
2026-08-17T10:34:31:  ✓ Ready in 13.1s
2026-08-17T10:34:31:  ✓ Ready in 13.1s
2026-08-17T10:34:31:  ✓ Ready in 13.1s
2026-08-18T07:39:16:   ▲ Next.js 14.2.2
2026-08-18T07:39:16:   ▲ Next.js 14.2.2
2026-08-18T07:39:16:   ▲ Next.js 14.2.2
2026-08-18T07:39:16:   ▲ Next.js 14.2.2
2026-08-18T07:39:16:   ▲ Next.js 14.2.2
2026-08-18T07:39:16:   ▲ Next.js 14.2.2
2026-08-18T07:39:16:   ▲ Next.js 14.2.2
2026-08-18T07:39:16:   ▲ Next.js 14.2.2
2026-08-18T07:39:16:   - Local:        http://localhost:3000
2026-08-18T07:39:16: 
2026-08-18T07:39:16:  ✓ Starting...
2026-08-18T07:39:16:   - Local:        http://localhost:3000
2026-08-18T07:39:16: 
2026-08-18T07:39:16:  ✓ Starting...
2026-08-18T07:39:16:   - Local:        http://localhost:3000
2026-08-18T07:39:16: 
2026-08-18T07:39:16:  ✓ Starting...
2026-08-18T07:39:16:   - Local:        http://localhost:3000
2026-08-18T07:39:16: 
2026-08-18T07:39:16:  ✓ Starting...
2026-08-18T07:39:16:   - Local:        http://localhost:3000
2026-08-18T07:39:16: 
2026-08-18T07:39:16:  ✓ Starting...
2026-08-18T07:39:16:   - Local:        http://localhost:3000
2026-08-18T07:39:16: 
2026-08-18T07:39:16:  ✓ Starting...
2026-08-18T07:39:16:   - Local:        http://localhost:3000
2026-08-18T07:39:16: 
2026-08-18T07:39:16:  ✓ Starting...
2026-08-18T07:39:16:   - Local:        http://localhost:3000
2026-08-18T07:39:16: 
2026-08-18T07:39:16:  ✓ Starting...
2026-08-18T07:39:21:  ✓ Ready in 16.1s
2026-08-18T07:39:21:  ✓ Ready in 16.1s
2026-08-18T07:39:21:  ✓ Ready in 16.1s
2026-08-18T07:39:21:  ✓ Ready in 16.1s
2026-08-18T07:39:21:  ✓ Ready in 16.1s
2026-08-18T07:39:21:  ✓ Ready in 16.1s
2026-08-18T07:39:21:  ✓ Ready in 16.1s
2026-08-18T07:39:21:  ✓ Ready in 16.1s
2026-08-19T18:35:34:   ▲ Next.js 14.2.2
2026-08-19T18:35:34:   ▲ Next.js 14.2.2
2026-08-19T18:35:34:   ▲ Next.js 14.2.2
2026-08-19T18:35:34:   ▲ Next.js 14.2.2
2026-08-19T18:35:34:   ▲ Next.js 14.2.2
2026-08-19T18:35:34:   ▲ Next.js 14.2.2
2026-08-19T18:35:34:   ▲ Next.js 14.2.2
2026-08-19T18:35:34:   ▲ Next.js 14.2.2
2026-08-19T18:35:34:   - Local:        http://localhost:3000
2026-08-19T18:35:34: 
2026-08-19T18:35:34:  ✓ Starting...
2026-08-19T18:35:34:   - Local:        http://localhost:3000
2026-08-19T18:35:34: 
2026-08-19T18:35:34:  ✓ Starting...
2026-08-19T18:35:34:   - Local:        http://localhost:3000
2026-08-19T18:35:34: 
2026-08-19T18:35:34:  ✓ Starting...
2026-08-19T18:35:34:   - Local:        http://localhost:3000
2026-08-19T18:35:34: 
2026-08-19T18:35:34:  ✓ Starting...
2026-08-19T18:35:34:   - Local:        http://localhost:3000
2026-08-19T18:35:34: 
2026-08-19T18:35:34:  ✓ Starting...
2026-08-19T18:35:34:   - Local:        http://localhost:3000
2026-08-19T18:35:34: 
2026-08-19T18:35:34:  ✓ Starting...
2026-08-19T18:35:34:   - Local:        http://localhost:3000
2026-08-19T18:35:34: 
2026-08-19T18:35:34:  ✓ Starting...
2026-08-19T18:35:34:   - Local:        http://localhost:3000
2026-08-19T18:35:34: 
2026-08-19T18:35:34:  ✓ Starting...
2026-08-19T18:35:37:  ✓ Ready in 10.9s
2026-08-19T18:35:37:  ✓ Ready in 10.9s
2026-08-19T18:35:37:  ✓ Ready in 10.9s
2026-08-19T18:35:37:  ✓ Ready in 10.9s
2026-08-19T18:35:37:  ✓ Ready in 10.9s
2026-08-19T18:35:37:  ✓ Ready in 10.9s
2026-08-19T18:35:37:  ✓ Ready in 10.9s
2026-08-19T18:35:37:  ✓ Ready in 10.9s
2026-08-20T15:35:09:   ▲ Next.js 14.2.2
2026-08-20T15:35:09:   ▲ Next.js 14.2.2
2026-08-20T15:35:09:   ▲ Next.js 14.2.2
2026-08-20T15:35:09:   ▲ Next.js 14.2.2
2026-08-20T15:35:09:   ▲ Next.js 14.2.2
2026-08-20T15:35:09:   ▲ Next.js 14.2.2
2026-08-20T15:35:09:   ▲ Next.js 14.2.2
2026-08-20T15:35:09:   ▲ Next.js 14.2.2
2026-08-20T15:35:09:   - Local:        http://localhost:3000
2026-08-20T15:35:09: 
2026-08-20T15:35:09:  ✓ Starting...
2026-08-20T15:35:09:   - Local:        http://localhost:3000
2026-08-20T15:35:09: 
2026-08-20T15:35:09:  ✓ Starting...
2026-08-20T15:35:09:   - Local:        http://localhost:3000
2026-08-20T15:35:09: 
2026-08-20T15:35:09:  ✓ Starting...
2026-08-20T15:35:09:   - Local:        http://localhost:3000
2026-08-20T15:35:09: 
2026-08-20T15:35:09:  ✓ Starting...
2026-08-20T15:35:09:   - Local:        http://localhost:3000
2026-08-20T15:35:09: 
2026-08-20T15:35:09:  ✓ Starting...
2026-08-20T15:35:09:   - Local:        http://localhost:3000
2026-08-20T15:35:09: 
2026-08-20T15:35:09:  ✓ Starting...
2026-08-20T15:35:09:   - Local:        http://localhost:3000
2026-08-20T15:35:09: 
2026-08-20T15:35:09:  ✓ Starting...
2026-08-20T15:35:09:   - Local:        http://localhost:3000
2026-08-20T15:35:09: 
2026-08-20T15:35:09:  ✓ Starting...
2026-08-20T15:35:13:  ✓ Ready in 12.3s
2026-08-20T15:35:13:  ✓ Ready in 12.3s
2026-08-20T15:35:13:  ✓ Ready in 12.3s
2026-08-20T15:35:13:  ✓ Ready in 12.3s
2026-08-20T15:35:13:  ✓ Ready in 12.3s
2026-08-20T15:35:13:  ✓ Ready in 12.3s
2026-08-20T15:35:13:  ✓ Ready in 12.3s
2026-08-20T15:35:13:  ✓ Ready in 12.3s
2026-08-21T10:08:01:   ▲ Next.js 14.2.2
2026-08-21T10:08:01:   ▲ Next.js 14.2.2
2026-08-21T10:08:01:   ▲ Next.js 14.2.2
2026-08-21T10:08:01:   ▲ Next.js 14.2.2
2026-08-21T10:08:01:   ▲ Next.js 14.2.2
2026-08-21T10:08:01:   ▲ Next.js 14.2.2
2026-08-21T10:08:01:   ▲ Next.js 14.2.2
2026-08-21T10:08:01:   ▲ Next.js 14.2.2
2026-08-21T10:08:01:   - Local:        http://localhost:3000
2026-08-21T10:08:01: 
2026-08-21T10:08:01:  ✓ Starting...
2026-08-21T10:08:01:   - Local:        http://localhost:3000
2026-08-21T10:08:01: 
2026-08-21T10:08:01:  ✓ Starting...
2026-08-21T10:08:01:   - Local:        http://localhost:3000
2026-08-21T10:08:01: 
2026-08-21T10:08:01:  ✓ Starting...
2026-08-21T10:08:01:   - Local:        http://localhost:3000
2026-08-21T10:08:01: 
2026-08-21T10:08:01:  ✓ Starting...
2026-08-21T10:08:01:   - Local:        http://localhost:3000
2026-08-21T10:08:01: 
2026-08-21T10:08:01:  ✓ Starting...
2026-08-21T10:08:01:   - Local:        http://localhost:3000
2026-08-21T10:08:01: 
2026-08-21T10:08:01:  ✓ Starting...
2026-08-21T10:08:01:   - Local:        http://localhost:3000
2026-08-21T10:08:01: 
2026-08-21T10:08:01:  ✓ Starting...
2026-08-21T10:08:01:   - Local:        http://localhost:3000
2026-08-21T10:08:01: 
2026-08-21T10:08:01:  ✓ Starting...
2026-08-21T10:08:05:  ✓ Ready in 13.3s
2026-08-21T10:08:05:  ✓ Ready in 13.3s
2026-08-21T10:08:05:  ✓ Ready in 13.3s
2026-08-21T10:08:05:  ✓ Ready in 13.2s
2026-08-21T10:08:05:  ✓ Ready in 13.3s
2026-08-21T10:08:05:  ✓ Ready in 13.3s
2026-08-21T10:08:05:  ✓ Ready in 13.3s
2026-08-21T10:08:05:  ✓ Ready in 13.3s
2026-08-22T11:00:51:   ▲ Next.js 14.2.2
2026-08-22T11:00:51:   ▲ Next.js 14.2.2
2026-08-22T11:00:51:   ▲ Next.js 14.2.2
2026-08-22T11:00:51:   ▲ Next.js 14.2.2
2026-08-22T11:00:51:   ▲ Next.js 14.2.2
2026-08-22T11:00:51:   ▲ Next.js 14.2.2
2026-08-22T11:00:51:   ▲ Next.js 14.2.2
2026-08-22T11:00:51:   ▲ Next.js 14.2.2
2026-08-22T11:00:51:   - Local:        http://localhost:3000
2026-08-22T11:00:51: 
2026-08-22T11:00:51:  ✓ Starting...
2026-08-22T11:00:51:   - Local:        http://localhost:3000
2026-08-22T11:00:51: 
2026-08-22T11:00:51:  ✓ Starting...
2026-08-22T11:00:51:   - Local:        http://localhost:3000
2026-08-22T11:00:51: 
2026-08-22T11:00:51:  ✓ Starting...
2026-08-22T11:00:51:   - Local:        http://localhost:3000
2026-08-22T11:00:51: 
2026-08-22T11:00:51:  ✓ Starting...
2026-08-22T11:00:51:   - Local:        http://localhost:3000
2026-08-22T11:00:51: 
2026-08-22T11:00:51:  ✓ Starting...
2026-08-22T11:00:51:   - Local:        http://localhost:3000
2026-08-22T11:00:51: 
2026-08-22T11:00:51:  ✓ Starting...
2026-08-22T11:00:51:   - Local:        http://localhost:3000
2026-08-22T11:00:51: 
2026-08-22T11:00:51:  ✓ Starting...
2026-08-22T11:00:51:   - Local:        http://localhost:3000
2026-08-22T11:00:51: 
2026-08-22T11:00:51:  ✓ Starting...
2026-08-22T11:00:55:  ✓ Ready in 13.4s
2026-08-22T11:00:55:  ✓ Ready in 13.4s
2026-08-22T11:00:55:  ✓ Ready in 13.4s
2026-08-22T11:00:55:  ✓ Ready in 13.4s
2026-08-22T11:00:55:  ✓ Ready in 13.4s
2026-08-22T11:00:55:  ✓ Ready in 13.4s
2026-08-22T11:00:55:  ✓ Ready in 13.4s
2026-08-22T11:00:55:  ✓ Ready in 13.4s
2026-08-23T04:21:22:   ▲ Next.js 14.2.2
2026-08-23T04:21:22:   ▲ Next.js 14.2.2
2026-08-23T04:21:22:   ▲ Next.js 14.2.2
2026-08-23T04:21:22:   ▲ Next.js 14.2.2
2026-08-23T04:21:22:   ▲ Next.js 14.2.2
2026-08-23T04:21:22:   ▲ Next.js 14.2.2
2026-08-23T04:21:22:   ▲ Next.js 14.2.2
2026-08-23T04:21:22:   ▲ Next.js 14.2.2
2026-08-23T04:21:22:   - Local:        http://localhost:3000
2026-08-23T04:21:22: 
2026-08-23T04:21:22:  ✓ Starting...
2026-08-23T04:21:22:   - Local:        http://localhost:3000
2026-08-23T04:21:22: 
2026-08-23T04:21:22:  ✓ Starting...
2026-08-23T04:21:22:   - Local:        http://localhost:3000
2026-08-23T04:21:22: 
2026-08-23T04:21:22:  ✓ Starting...
2026-08-23T04:21:22:   - Local:        http://localhost:3000
2026-08-23T04:21:22: 
2026-08-23T04:21:22:  ✓ Starting...
2026-08-23T04:21:22:   - Local:        http://localhost:3000
2026-08-23T04:21:22: 
2026-08-23T04:21:22:  ✓ Starting...
2026-08-23T04:21:22:   - Local:        http://localhost:3000
2026-08-23T04:21:22: 
2026-08-23T04:21:22:  ✓ Starting...
2026-08-23T04:21:22:   - Local:        http://localhost:3000
2026-08-23T04:21:22: 
2026-08-23T04:21:22:  ✓ Starting...
2026-08-23T04:21:22:   - Local:        http://localhost:3000
2026-08-23T04:21:22: 
2026-08-23T04:21:22:  ✓ Starting...
2026-08-23T04:21:23:  ✓ Ready in 3.8s
2026-08-23T04:21:23:  ✓ Ready in 3.8s
2026-08-23T04:21:23:  ✓ Ready in 3.8s
2026-08-23T04:21:23:  ✓ Ready in 3.8s
2026-08-23T04:21:23:  ✓ Ready in 3.8s
2026-08-23T04:21:23:  ✓ Ready in 3.8s
2026-08-23T04:21:23:  ✓ Ready in 3.8s
2026-08-23T04:21:23:  ✓ Ready in 3.8s
2026-08-30T22:07:30:   ▲ Next.js 14.2.2
2026-08-30T22:07:30:   ▲ Next.js 14.2.2
2026-08-30T22:07:30:   ▲ Next.js 14.2.2
2026-08-30T22:07:30:   ▲ Next.js 14.2.2
2026-08-30T22:07:30:   ▲ Next.js 14.2.2
2026-08-30T22:07:30:   ▲ Next.js 14.2.2
2026-08-30T22:07:30:   ▲ Next.js 14.2.2
2026-08-30T22:07:30:   ▲ Next.js 14.2.2
2026-08-30T22:07:30:   - Local:        http://localhost:3000
2026-08-30T22:07:30: 
2026-08-30T22:07:30:  ✓ Starting...
2026-08-30T22:07:30:   - Local:        http://localhost:3000
2026-08-30T22:07:30: 
2026-08-30T22:07:30:  ✓ Starting...
2026-08-30T22:07:30:   - Local:        http://localhost:3000
2026-08-30T22:07:30: 
2026-08-30T22:07:30:  ✓ Starting...
2026-08-30T22:07:30:   - Local:        http://localhost:3000
2026-08-30T22:07:30: 
2026-08-30T22:07:30:  ✓ Starting...
2026-08-30T22:07:30:   - Local:        http://localhost:3000
2026-08-30T22:07:30: 
2026-08-30T22:07:30:  ✓ Starting...
2026-08-30T22:07:30:   - Local:        http://localhost:3000
2026-08-30T22:07:30: 
2026-08-30T22:07:30:  ✓ Starting...
2026-08-30T22:07:30:   - Local:        http://localhost:3000
2026-08-30T22:07:30: 
2026-08-30T22:07:30:  ✓ Starting...
2026-08-30T22:07:30:   - Local:        http://localhost:3000
2026-08-30T22:07:30: 
2026-08-30T22:07:30:  ✓ Starting...
2026-08-30T22:07:31:  ✓ Ready in 2.4s
2026-08-30T22:07:31:  ✓ Ready in 2.4s
2026-08-30T22:07:31:  ✓ Ready in 2.4s
2026-08-30T22:07:31:  ✓ Ready in 2.4s
2026-08-30T22:07:31:  ✓ Ready in 2.4s
2026-08-30T22:07:31:  ✓ Ready in 2.4s
2026-08-30T22:07:31:  ✓ Ready in 2.5s
2026-08-30T22:07:31:  ✓ Ready in 2.5s
2026-08-31T12:06:44:   ▲ Next.js 14.2.2
2026-08-31T12:06:44:   ▲ Next.js 14.2.2
2026-08-31T12:06:44:   ▲ Next.js 14.2.2
2026-08-31T12:06:44:   ▲ Next.js 14.2.2
2026-08-31T12:06:44:   ▲ Next.js 14.2.2
2026-08-31T12:06:44:   ▲ Next.js 14.2.2
2026-08-31T12:06:44:   ▲ Next.js 14.2.2
2026-08-31T12:06:44:   ▲ Next.js 14.2.2
2026-08-31T12:06:44:   - Local:        http://localhost:3000
2026-08-31T12:06:44: 
2026-08-31T12:06:44:  ✓ Starting...
2026-08-31T12:06:44:   - Local:        http://localhost:3000
2026-08-31T12:06:44: 
2026-08-31T12:06:44:  ✓ Starting...
2026-08-31T12:06:44:   - Local:        http://localhost:3000
2026-08-31T12:06:44: 
2026-08-31T12:06:44:  ✓ Starting...
2026-08-31T12:06:44:   - Local:        http://localhost:3000
2026-08-31T12:06:44: 
2026-08-31T12:06:44:  ✓ Starting...
2026-08-31T12:06:44:   - Local:        http://localhost:3000
2026-08-31T12:06:44: 
2026-08-31T12:06:44:  ✓ Starting...
2026-08-31T12:06:44:   - Local:        http://localhost:3000
2026-08-31T12:06:44: 
2026-08-31T12:06:44:  ✓ Starting...
2026-08-31T12:06:44:   - Local:        http://localhost:3000
2026-08-31T12:06:44: 
2026-08-31T12:06:44:  ✓ Starting...
2026-08-31T12:06:44:   - Local:        http://localhost:3000
2026-08-31T12:06:44: 
2026-08-31T12:06:44:  ✓ Starting...
2026-08-31T12:06:48:  ✓ Ready in 11.4s
2026-08-31T12:06:48:  ✓ Ready in 11.4s
2026-08-31T12:06:48:  ✓ Ready in 11.4s
2026-08-31T12:06:48:  ✓ Ready in 11.4s
2026-08-31T12:06:48:  ✓ Ready in 11.4s
2026-08-31T12:06:48:  ✓ Ready in 11.4s
2026-08-31T12:06:48:  ✓ Ready in 11.4s
2026-08-31T12:06:48:  ✓ Ready in 11.4s
2026-09-01T11:34:26:   ▲ Next.js 14.2.2
2026-09-01T11:34:26:   ▲ Next.js 14.2.2
2026-09-01T11:34:26:   ▲ Next.js 14.2.2
2026-09-01T11:34:26:   ▲ Next.js 14.2.2
2026-09-01T11:34:26:   ▲ Next.js 14.2.2
2026-09-01T11:34:26:   ▲ Next.js 14.2.2
2026-09-01T11:34:26:   ▲ Next.js 14.2.2
2026-09-01T11:34:26:   ▲ Next.js 14.2.2
2026-09-01T11:34:26:   - Local:        http://localhost:3000
2026-09-01T11:34:26: 
2026-09-01T11:34:26:  ✓ Starting...
2026-09-01T11:34:26:   - Local:        http://localhost:3000
2026-09-01T11:34:26: 
2026-09-01T11:34:26:  ✓ Starting...
2026-09-01T11:34:26:   - Local:        http://localhost:3000
2026-09-01T11:34:26: 
2026-09-01T11:34:26:  ✓ Starting...
2026-09-01T11:34:26:   - Local:        http://localhost:3000
2026-09-01T11:34:26: 
2026-09-01T11:34:26:  ✓ Starting...
2026-09-01T11:34:26:   - Local:        http://localhost:3000
2026-09-01T11:34:26: 
2026-09-01T11:34:26:  ✓ Starting...
2026-09-01T11:34:26:   - Local:        http://localhost:3000
2026-09-01T11:34:26: 
2026-09-01T11:34:26:  ✓ Starting...
2026-09-01T11:34:26:   - Local:        http://localhost:3000
2026-09-01T11:34:26: 
2026-09-01T11:34:26:  ✓ Starting...
2026-09-01T11:34:26:   - Local:        http://localhost:3000
2026-09-01T11:34:26: 
2026-09-01T11:34:26:  ✓ Starting...
2026-09-01T11:34:30:  ✓ Ready in 14.2s
2026-09-01T11:34:30:  ✓ Ready in 14.2s
2026-09-01T11:34:30:  ✓ Ready in 14.2s
2026-09-01T11:34:30:  ✓ Ready in 14.2s
2026-09-01T11:34:30:  ✓ Ready in 14.2s
2026-09-01T11:34:30:  ✓ Ready in 14.2s
2026-09-01T11:34:30:  ✓ Ready in 14.2s
2026-09-01T11:34:31:  ✓ Ready in 14.2s
2026-09-02T12:59:46:   ▲ Next.js 14.2.2
2026-09-02T12:59:46:   ▲ Next.js 14.2.2
2026-09-02T12:59:46:   ▲ Next.js 14.2.2
2026-09-02T12:59:46:   ▲ Next.js 14.2.2
2026-09-02T12:59:46:   ▲ Next.js 14.2.2
2026-09-02T12:59:46:   ▲ Next.js 14.2.2
2026-09-02T12:59:46:   ▲ Next.js 14.2.2
2026-09-02T12:59:46:   ▲ Next.js 14.2.2
2026-09-02T12:59:46:   - Local:        http://localhost:3000
2026-09-02T12:59:46: 
2026-09-02T12:59:46:  ✓ Starting...
2026-09-02T12:59:46:   - Local:        http://localhost:3000
2026-09-02T12:59:46: 
2026-09-02T12:59:46:  ✓ Starting...
2026-09-02T12:59:46:   - Local:        http://localhost:3000
2026-09-02T12:59:46: 
2026-09-02T12:59:46:  ✓ Starting...
2026-09-02T12:59:46:   - Local:        http://localhost:3000
2026-09-02T12:59:46: 
2026-09-02T12:59:46:  ✓ Starting...
2026-09-02T12:59:46:   - Local:        http://localhost:3000
2026-09-02T12:59:46: 
2026-09-02T12:59:46:  ✓ Starting...
2026-09-02T12:59:46:   - Local:        http://localhost:3000
2026-09-02T12:59:46: 
2026-09-02T12:59:46:  ✓ Starting...
2026-09-02T12:59:46:   - Local:        http://localhost:3000
2026-09-02T12:59:46: 
2026-09-02T12:59:46:  ✓ Starting...
2026-09-02T12:59:46:   - Local:        http://localhost:3000
2026-09-02T12:59:46: 
2026-09-02T12:59:46:  ✓ Starting...
2026-09-02T12:59:50:  ✓ Ready in 12.4s
2026-09-02T12:59:50:  ✓ Ready in 12.4s
2026-09-02T12:59:50:  ✓ Ready in 12.4s
2026-09-02T12:59:50:  ✓ Ready in 12.4s
2026-09-02T12:59:50:  ✓ Ready in 12.4s
2026-09-02T12:59:50:  ✓ Ready in 12.4s
2026-09-02T12:59:50:  ✓ Ready in 12.4s
2026-09-02T12:59:50:  ✓ Ready in 12.4s
2026-09-03T01:59:47:   ▲ Next.js 14.2.2
2026-09-03T01:59:47:   ▲ Next.js 14.2.2
2026-09-03T01:59:47:   ▲ Next.js 14.2.2
2026-09-03T01:59:47:   ▲ Next.js 14.2.2
2026-09-03T01:59:47:   ▲ Next.js 14.2.2
2026-09-03T01:59:47:   ▲ Next.js 14.2.2
2026-09-03T01:59:47:   ▲ Next.js 14.2.2
2026-09-03T01:59:47:   ▲ Next.js 14.2.2
2026-09-03T01:59:47:   - Local:        http://localhost:3000
2026-09-03T01:59:47: 
2026-09-03T01:59:47:  ✓ Starting...
2026-09-03T01:59:47:   - Local:        http://localhost:3000
2026-09-03T01:59:47: 
2026-09-03T01:59:47:  ✓ Starting...
2026-09-03T01:59:47:   - Local:        http://localhost:3000
2026-09-03T01:59:47: 
2026-09-03T01:59:47:  ✓ Starting...
2026-09-03T01:59:47:   - Local:        http://localhost:3000
2026-09-03T01:59:47: 
2026-09-03T01:59:47:  ✓ Starting...
2026-09-03T01:59:47:   - Local:        http://localhost:3000
2026-09-03T01:59:47: 
2026-09-03T01:59:47:  ✓ Starting...
2026-09-03T01:59:47:   - Local:        http://localhost:3000
2026-09-03T01:59:47: 
2026-09-03T01:59:47:   - Local:        http://localhost:3000
2026-09-03T01:59:47:  ✓ Starting...
2026-09-03T01:59:47: 
2026-09-03T01:59:47:  ✓ Starting...
2026-09-03T01:59:47:   - Local:        http://localhost:3000
2026-09-03T01:59:47: 
2026-09-03T01:59:47:  ✓ Starting...
2026-09-03T01:59:51:  ✓ Ready in 9.8s
2026-09-03T01:59:51:  ✓ Ready in 9.8s
2026-09-03T01:59:51:  ✓ Ready in 9.8s
2026-09-03T01:59:51:  ✓ Ready in 9.8s
2026-09-03T01:59:51:  ✓ Ready in 9.8s
2026-09-03T01:59:51:  ✓ Ready in 9.8s
2026-09-03T01:59:51:  ✓ Ready in 9.8s
2026-09-03T01:59:51:  ✓ Ready in 9.8s
2026-09-03T12:04:10:   ▲ Next.js 14.2.2
2026-09-03T12:04:10:   ▲ Next.js 14.2.2
2026-09-03T12:04:10:   ▲ Next.js 14.2.2
2026-09-03T12:04:10:   ▲ Next.js 14.2.2
2026-09-03T12:04:10:   ▲ Next.js 14.2.2
2026-09-03T12:04:10:   ▲ Next.js 14.2.2
2026-09-03T12:04:10:   ▲ Next.js 14.2.2
2026-09-03T12:04:10:   ▲ Next.js 14.2.2
2026-09-03T12:04:10:   - Local:        http://localhost:3000
2026-09-03T12:04:10: 
2026-09-03T12:04:10:  ✓ Starting...
2026-09-03T12:04:10:   - Local:        http://localhost:3000
2026-09-03T12:04:10: 
2026-09-03T12:04:10:  ✓ Starting...
2026-09-03T12:04:10:   - Local:        http://localhost:3000
2026-09-03T12:04:10: 
2026-09-03T12:04:10:  ✓ Starting...
2026-09-03T12:04:10:   - Local:        http://localhost:3000
2026-09-03T12:04:10: 
2026-09-03T12:04:10:  ✓ Starting...
2026-09-03T12:04:10:   - Local:        http://localhost:3000
2026-09-03T12:04:10: 
2026-09-03T12:04:10:  ✓ Starting...
2026-09-03T12:04:10:   - Local:        http://localhost:3000
2026-09-03T12:04:10: 
2026-09-03T12:04:10:  ✓ Starting...
2026-09-03T12:04:10:   - Local:        http://localhost:3000
2026-09-03T12:04:10: 
2026-09-03T12:04:10:  ✓ Starting...
2026-09-03T12:04:10:   - Local:        http://localhost:3000
2026-09-03T12:04:10: 
2026-09-03T12:04:10:  ✓ Starting...
2026-09-03T12:04:14:  ✓ Ready in 10.4s
2026-09-03T12:04:14:  ✓ Ready in 10.4s
2026-09-03T12:04:14:  ✓ Ready in 10.4s
2026-09-03T12:04:14:  ✓ Ready in 10.4s
2026-09-03T12:04:14:  ✓ Ready in 10.4s
2026-09-03T12:04:14:  ✓ Ready in 10.4s
2026-09-03T12:04:14:  ✓ Ready in 10.4s
2026-09-03T12:04:14:  ✓ Ready in 10.4s
2026-09-05T01:26:49:   ▲ Next.js 14.2.2
2026-09-05T01:26:49:   ▲ Next.js 14.2.2
2026-09-05T01:26:49:   ▲ Next.js 14.2.2
2026-09-05T01:26:49:   ▲ Next.js 14.2.2
2026-09-05T01:26:49:   ▲ Next.js 14.2.2
2026-09-05T01:26:49:   ▲ Next.js 14.2.2
2026-09-05T01:26:49:   ▲ Next.js 14.2.2
2026-09-05T01:26:49:   ▲ Next.js 14.2.2
2026-09-05T01:26:49:   - Local:        http://localhost:3000
2026-09-05T01:26:49: 
2026-09-05T01:26:49:  ✓ Starting...
2026-09-05T01:26:49:   - Local:        http://localhost:3000
2026-09-05T01:26:49: 
2026-09-05T01:26:49:  ✓ Starting...
2026-09-05T01:26:49:   - Local:        http://localhost:3000
2026-09-05T01:26:49: 
2026-09-05T01:26:49:  ✓ Starting...
2026-09-05T01:26:49:   - Local:        http://localhost:3000
2026-09-05T01:26:49: 
2026-09-05T01:26:49:  ✓ Starting...
2026-09-05T01:26:49:   - Local:        http://localhost:3000
2026-09-05T01:26:49: 
2026-09-05T01:26:49:  ✓ Starting...
2026-09-05T01:26:49:   - Local:        http://localhost:3000
2026-09-05T01:26:49: 
2026-09-05T01:26:49:  ✓ Starting...
2026-09-05T01:26:49:   - Local:        http://localhost:3000
2026-09-05T01:26:49: 
2026-09-05T01:26:49:  ✓ Starting...
2026-09-05T01:26:49:   - Local:        http://localhost:3000
2026-09-05T01:26:49: 
2026-09-05T01:26:49:  ✓ Starting...
2026-09-05T01:26:53:  ✓ Ready in 10.9s
2026-09-05T01:26:53:  ✓ Ready in 10.9s
2026-09-05T01:26:53:  ✓ Ready in 10.9s
2026-09-05T01:26:53:  ✓ Ready in 10.9s
2026-09-05T01:26:53:  ✓ Ready in 10.9s
2026-09-05T01:26:53:  ✓ Ready in 10.9s
2026-09-05T01:26:53:  ✓ Ready in 10.9s
2026-09-05T01:26:53:  ✓ Ready in 10.9s
2026-09-05T11:53:22:   ▲ Next.js 14.2.2
2026-09-05T11:53:22:   ▲ Next.js 14.2.2
2026-09-05T11:53:22:   ▲ Next.js 14.2.2
2026-09-05T11:53:22:   ▲ Next.js 14.2.2
2026-09-05T11:53:22:   ▲ Next.js 14.2.2
2026-09-05T11:53:22:   ▲ Next.js 14.2.2
2026-09-05T11:53:22:   ▲ Next.js 14.2.2
2026-09-05T11:53:22:   ▲ Next.js 14.2.2
2026-09-05T11:53:22:   - Local:        http://localhost:3000
2026-09-05T11:53:22: 
2026-09-05T11:53:22:  ✓ Starting...
2026-09-05T11:53:22:   - Local:        http://localhost:3000
2026-09-05T11:53:22: 
2026-09-05T11:53:22:  ✓ Starting...
2026-09-05T11:53:22:   - Local:        http://localhost:3000
2026-09-05T11:53:22: 
2026-09-05T11:53:22:  ✓ Starting...
2026-09-05T11:53:22:   - Local:        http://localhost:3000
2026-09-05T11:53:22: 
2026-09-05T11:53:22:  ✓ Starting...
2026-09-05T11:53:22:   - Local:        http://localhost:3000
2026-09-05T11:53:22: 
2026-09-05T11:53:22:  ✓ Starting...
2026-09-05T11:53:22:   - Local:        http://localhost:3000
2026-09-05T11:53:22: 
2026-09-05T11:53:22:  ✓ Starting...
2026-09-05T11:53:22:   - Local:        http://localhost:3000
2026-09-05T11:53:22: 
2026-09-05T11:53:22:  ✓ Starting...
2026-09-05T11:53:22:   - Local:        http://localhost:3000
2026-09-05T11:53:22: 
2026-09-05T11:53:22:  ✓ Starting...
2026-09-05T11:53:26:  ✓ Ready in 10.4s
2026-09-05T11:53:26:  ✓ Ready in 10.4s
2026-09-05T11:53:26:  ✓ Ready in 10.4s
2026-09-05T11:53:26:  ✓ Ready in 10.4s
2026-09-05T11:53:26:  ✓ Ready in 10.4s
2026-09-05T11:53:26:  ✓ Ready in 10.4s
2026-09-05T11:53:26:  ✓ Ready in 10.4s
2026-09-05T11:53:26:  ✓ Ready in 10.4s
2026-09-06T17:31:00:   ▲ Next.js 14.2.2
2026-09-06T17:31:00:   ▲ Next.js 14.2.2
2026-09-06T17:31:00:   ▲ Next.js 14.2.2
2026-09-06T17:31:00:   ▲ Next.js 14.2.2
2026-09-06T17:31:00:   ▲ Next.js 14.2.2
2026-09-06T17:31:00:   ▲ Next.js 14.2.2
2026-09-06T17:31:00:   ▲ Next.js 14.2.2
2026-09-06T17:31:00:   ▲ Next.js 14.2.2
2026-09-06T17:31:00:   - Local:        http://localhost:3000
2026-09-06T17:31:00: 
2026-09-06T17:31:00:  ✓ Starting...
2026-09-06T17:31:00:   - Local:        http://localhost:3000
2026-09-06T17:31:00: 
2026-09-06T17:31:00:  ✓ Starting...
2026-09-06T17:31:00:   - Local:        http://localhost:3000
2026-09-06T17:31:00:   - Local:        http://localhost:3000
2026-09-06T17:31:00: 
2026-09-06T17:31:00: 
2026-09-06T17:31:00:  ✓ Starting...
2026-09-06T17:31:00:  ✓ Starting...
2026-09-06T17:31:00:   - Local:        http://localhost:3000
2026-09-06T17:31:00: 
2026-09-06T17:31:00:  ✓ Starting...
2026-09-06T17:31:00:   - Local:        http://localhost:3000
2026-09-06T17:31:00: 
2026-09-06T17:31:00:  ✓ Starting...
2026-09-06T17:31:00:   - Local:        http://localhost:3000
2026-09-06T17:31:00: 
2026-09-06T17:31:00:  ✓ Starting...
2026-09-06T17:31:00:   - Local:        http://localhost:3000
2026-09-06T17:31:00: 
2026-09-06T17:31:00:  ✓ Starting...
2026-09-06T17:31:03:  ✓ Ready in 9.7s
2026-09-06T17:31:03:  ✓ Ready in 9.7s
2026-09-06T17:31:03:  ✓ Ready in 9.7s
2026-09-06T17:31:03:  ✓ Ready in 9.7s
2026-09-06T17:31:03:  ✓ Ready in 9.7s
2026-09-06T17:31:03:  ✓ Ready in 9.7s
2026-09-06T17:31:03:  ✓ Ready in 9.7s
2026-09-06T17:31:03:  ✓ Ready in 9.7s
2026-09-07T11:53:54:   ▲ Next.js 14.2.2
2026-09-07T11:53:54:   ▲ Next.js 14.2.2
2026-09-07T11:53:54:   ▲ Next.js 14.2.2
2026-09-07T11:53:54:   ▲ Next.js 14.2.2
2026-09-07T11:53:54:   ▲ Next.js 14.2.2
2026-09-07T11:53:54:   ▲ Next.js 14.2.2
2026-09-07T11:53:54:   ▲ Next.js 14.2.2
2026-09-07T11:53:54:   ▲ Next.js 14.2.2
2026-09-07T11:53:54:   - Local:        http://localhost:3000
2026-09-07T11:53:54: 
2026-09-07T11:53:54:  ✓ Starting...
2026-09-07T11:53:54:   - Local:        http://localhost:3000
2026-09-07T11:53:54: 
2026-09-07T11:53:54:  ✓ Starting...
2026-09-07T11:53:54:   - Local:        http://localhost:3000
2026-09-07T11:53:54: 
2026-09-07T11:53:54:  ✓ Starting...
2026-09-07T11:53:54:   - Local:        http://localhost:3000
2026-09-07T11:53:54: 
2026-09-07T11:53:54:  ✓ Starting...
2026-09-07T11:53:54:   - Local:        http://localhost:3000
2026-09-07T11:53:54: 
2026-09-07T11:53:54:  ✓ Starting...
2026-09-07T11:53:54:   - Local:        http://localhost:3000
2026-09-07T11:53:54: 
2026-09-07T11:53:54:  ✓ Starting...
2026-09-07T11:53:54:   - Local:        http://localhost:3000
2026-09-07T11:53:54:   - Local:        http://localhost:3000
2026-09-07T11:53:54: 
2026-09-07T11:53:54: 
2026-09-07T11:53:54:  ✓ Starting...
2026-09-07T11:53:54:  ✓ Starting...
2026-09-07T11:53:57:  ✓ Ready in 10s
2026-09-07T11:53:57:  ✓ Ready in 10s
2026-09-07T11:53:57:  ✓ Ready in 10s
2026-09-07T11:53:57:  ✓ Ready in 10s
2026-09-07T11:53:57:  ✓ Ready in 10s
2026-09-07T11:53:57:  ✓ Ready in 10s
2026-09-07T11:53:57:  ✓ Ready in 10s
2026-09-07T11:53:57:  ✓ Ready in 10s
2026-09-08T23:45:07:   ▲ Next.js 14.2.2
2026-09-08T23:45:07:   ▲ Next.js 14.2.2
2026-09-08T23:45:07:   ▲ Next.js 14.2.2
2026-09-08T23:45:07:   ▲ Next.js 14.2.2
2026-09-08T23:45:07:   ▲ Next.js 14.2.2
2026-09-08T23:45:07:   ▲ Next.js 14.2.2
2026-09-08T23:45:07:   ▲ Next.js 14.2.2
2026-09-08T23:45:07:   ▲ Next.js 14.2.2
2026-09-08T23:45:07:   - Local:        http://localhost:3000
2026-09-08T23:45:07: 
2026-09-08T23:45:07:  ✓ Starting...
2026-09-08T23:45:07:   - Local:        http://localhost:3000
2026-09-08T23:45:07: 
2026-09-08T23:45:07:  ✓ Starting...
2026-09-08T23:45:07:   - Local:        http://localhost:3000
2026-09-08T23:45:07: 
2026-09-08T23:45:07:  ✓ Starting...
2026-09-08T23:45:07:   - Local:        http://localhost:3000
2026-09-08T23:45:07: 
2026-09-08T23:45:07:  ✓ Starting...
2026-09-08T23:45:07:   - Local:        http://localhost:3000
2026-09-08T23:45:07: 
2026-09-08T23:45:07:  ✓ Starting...
2026-09-08T23:45:07:   - Local:        http://localhost:3000
2026-09-08T23:45:07: 
2026-09-08T23:45:07:  ✓ Starting...
2026-09-08T23:45:07:   - Local:        http://localhost:3000
2026-09-08T23:45:07: 
2026-09-08T23:45:07:  ✓ Starting...
2026-09-08T23:45:07:   - Local:        http://localhost:3000
2026-09-08T23:45:07: 
2026-09-08T23:45:07:  ✓ Starting...
2026-09-08T23:45:07:  ✓ Ready in 2.3s
2026-09-08T23:45:08:  ✓ Ready in 2.3s
2026-09-08T23:45:08:  ✓ Ready in 2.3s
2026-09-08T23:45:08:  ✓ Ready in 2.4s
2026-09-08T23:45:08:  ✓ Ready in 2.4s
2026-09-08T23:45:08:  ✓ Ready in 2.4s
2026-09-08T23:45:08:  ✓ Ready in 2.4s
2026-09-08T23:45:08:  ✓ Ready in 2.4s
2026-09-09T00:10:48:   ▲ Next.js 14.2.2
2026-09-09T00:10:48:   ▲ Next.js 14.2.2
2026-09-09T00:10:48:   ▲ Next.js 14.2.2
2026-09-09T00:10:48:   ▲ Next.js 14.2.2
2026-09-09T00:10:48:   ▲ Next.js 14.2.2
2026-09-09T00:10:48:   ▲ Next.js 14.2.2
2026-09-09T00:10:48:   ▲ Next.js 14.2.2
2026-09-09T00:10:48:   ▲ Next.js 14.2.2
2026-09-09T00:10:48:   - Local:        http://localhost:3000
2026-09-09T00:10:48: 
2026-09-09T00:10:48:  ✓ Starting...
2026-09-09T00:10:48:   - Local:        http://localhost:3000
2026-09-09T00:10:48: 
2026-09-09T00:10:48:  ✓ Starting...
2026-09-09T00:10:48:   - Local:        http://localhost:3000
2026-09-09T00:10:48: 
2026-09-09T00:10:48:  ✓ Starting...
2026-09-09T00:10:48:   - Local:        http://localhost:3000
2026-09-09T00:10:48: 
2026-09-09T00:10:48:  ✓ Starting...
2026-09-09T00:10:48:   - Local:        http://localhost:3000
2026-09-09T00:10:48: 
2026-09-09T00:10:48:  ✓ Starting...
2026-09-09T00:10:48:   - Local:        http://localhost:3000
2026-09-09T00:10:48: 
2026-09-09T00:10:48:  ✓ Starting...
2026-09-09T00:10:48:   - Local:        http://localhost:3000
2026-09-09T00:10:48: 
2026-09-09T00:10:48:  ✓ Starting...
2026-09-09T00:10:48:   - Local:        http://localhost:3000
2026-09-09T00:10:48: 
2026-09-09T00:10:48:  ✓ Starting...
2026-09-09T00:10:49:  ✓ Ready in 3s
2026-09-09T00:10:49:  ✓ Ready in 2.7s
2026-09-09T00:10:49:  ✓ Ready in 2.5s
2026-09-09T00:10:49:  ✓ Ready in 2.6s
2026-09-09T00:10:49:  ✓ Ready in 3s
2026-09-09T00:10:49:  ✓ Ready in 2.8s
2026-09-09T00:10:49:  ✓ Ready in 3.2s
2026-09-09T00:10:49:  ✓ Ready in 3s
2026-09-09T00:30:19:   ▲ Next.js 14.2.2
2026-09-09T00:30:19:   ▲ Next.js 14.2.2
2026-09-09T00:30:19:   - Local:        http://localhost:3000
2026-09-09T00:30:19: 
2026-09-09T00:30:19:  ✓ Starting...
2026-09-09T00:30:19:   ▲ Next.js 14.2.2
2026-09-09T00:30:19:   ▲ Next.js 14.2.2
2026-09-09T00:30:19:   - Local:        http://localhost:3000
2026-09-09T00:30:19: 
2026-09-09T00:30:19:  ✓ Starting...
2026-09-09T00:30:19:   - Local:        http://localhost:3000
2026-09-09T00:30:19: 
2026-09-09T00:30:19:  ✓ Starting...
2026-09-09T00:30:20:   ▲ Next.js 14.2.2
2026-09-09T00:30:19:   - Local:        http://localhost:3000
2026-09-09T00:30:19: 
2026-09-09T00:30:19:  ✓ Starting...
2026-09-09T00:30:20:   ▲ Next.js 14.2.2
2026-09-09T00:30:20:   - Local:        http://localhost:3000
2026-09-09T00:30:20: 
2026-09-09T00:30:20:  ✓ Starting...
2026-09-09T00:30:20:   ▲ Next.js 14.2.2
2026-09-09T00:30:20:   - Local:        http://localhost:3000
2026-09-09T00:30:20: 
2026-09-09T00:30:20:  ✓ Starting...
2026-09-09T00:30:20:   ▲ Next.js 14.2.2
2026-09-09T00:30:20:   - Local:        http://localhost:3000
2026-09-09T00:30:20: 
2026-09-09T00:30:20:  ✓ Starting...
2026-09-09T00:30:20:   - Local:        http://localhost:3000
2026-09-09T00:30:20: 
2026-09-09T00:30:20:  ✓ Starting...
2026-09-09T00:30:21:   ▲ Next.js 14.2.2
2026-09-09T00:30:21:   ▲ Next.js 14.2.2
2026-09-09T00:30:21:   - Local:        http://localhost:3000
2026-09-09T00:30:21: 
2026-09-09T00:30:21:  ✓ Starting...
2026-09-09T00:30:22:   ▲ Next.js 14.2.2
2026-09-09T00:30:21:   - Local:        http://localhost:3000
2026-09-09T00:30:21: 
2026-09-09T00:30:21:  ✓ Starting...
2026-09-09T00:30:22:   ▲ Next.js 14.2.2
2026-09-09T00:30:22:   - Local:        http://localhost:3000
2026-09-09T00:30:22: 
2026-09-09T00:30:22:  ✓ Starting...
2026-09-09T00:30:22:   ▲ Next.js 14.2.2
2026-09-09T00:30:22:   ▲ Next.js 14.2.2
2026-09-09T00:30:22:   - Local:        http://localhost:3000
2026-09-09T00:30:22: 
2026-09-09T00:30:22:  ✓ Starting...
2026-09-09T00:30:22:   - Local:        http://localhost:3000
2026-09-09T00:30:22: 
2026-09-09T00:30:22:  ✓ Starting...
2026-09-09T00:30:23:   ▲ Next.js 14.2.2
2026-09-09T00:30:22:   - Local:        http://localhost:3000
2026-09-09T00:30:22: 
2026-09-09T00:30:22:  ✓ Starting...
2026-09-09T00:30:23:   ▲ Next.js 14.2.2
2026-09-09T00:30:23:   - Local:        http://localhost:3000
2026-09-09T00:30:23: 
2026-09-09T00:30:23:  ✓ Starting...
2026-09-09T00:30:23:   - Local:        http://localhost:3000
2026-09-09T00:30:23: 
2026-09-09T00:30:23:  ✓ Starting...
2026-09-09T00:30:23:   ▲ Next.js 14.2.2
2026-09-09T00:30:24:   ▲ Next.js 14.2.2
2026-09-09T00:30:23:   - Local:        http://localhost:3000
2026-09-09T00:30:23: 
2026-09-09T00:30:23:  ✓ Starting...
2026-09-09T00:30:24:   ▲ Next.js 14.2.2
2026-09-09T00:30:24:   - Local:        http://localhost:3000
2026-09-09T00:30:24: 
2026-09-09T00:30:24:  ✓ Starting...
2026-09-09T00:30:24:   ▲ Next.js 14.2.2
2026-09-09T00:30:24:   - Local:        http://localhost:3000
2026-09-09T00:30:24: 
2026-09-09T00:30:24:  ✓ Starting...
2026-09-09T00:30:24:   ▲ Next.js 14.2.2
2026-09-09T00:30:24:   - Local:        http://localhost:3000
2026-09-09T00:30:24: 
2026-09-09T00:30:24:  ✓ Starting...
2026-09-09T00:30:25:   ▲ Next.js 14.2.2
2026-09-09T00:30:24:   - Local:        http://localhost:3000
2026-09-09T00:30:24: 
2026-09-09T00:30:24:  ✓ Starting...
2026-09-09T00:30:25:   - Local:        http://localhost:3000
2026-09-09T00:30:25: 
2026-09-09T00:30:25:  ✓ Starting...
2026-09-09T00:30:25:   ▲ Next.js 14.2.2
2026-09-09T00:30:25:   ▲ Next.js 14.2.2
2026-09-09T00:30:25:   - Local:        http://localhost:3000
2026-09-09T00:30:25: 
2026-09-09T00:30:25:  ✓ Starting...
2026-09-09T00:30:25:   - Local:        http://localhost:3000
2026-09-09T00:30:25: 
2026-09-09T00:30:25:  ✓ Starting...
2026-09-09T00:30:26:   ▲ Next.js 14.2.2
2026-09-09T00:30:26:   ▲ Next.js 14.2.2
2026-09-09T00:30:26:   - Local:        http://localhost:3000
2026-09-09T00:30:26: 
2026-09-09T00:30:26:  ✓ Starting...
2026-09-09T00:30:26:   - Local:        http://localhost:3000
2026-09-09T00:30:26: 
2026-09-09T00:30:26:  ✓ Starting...
2026-09-09T00:30:27:   ▲ Next.js 14.2.2
2026-09-09T00:30:27:   ▲ Next.js 14.2.2
2026-09-09T00:30:27:   ▲ Next.js 14.2.2
2026-09-09T00:30:27:   - Local:        http://localhost:3000
2026-09-09T00:30:27: 
2026-09-09T00:30:27:  ✓ Starting...
2026-09-09T00:30:27:   - Local:        http://localhost:3000
2026-09-09T00:30:27: 
2026-09-09T00:30:27:  ✓ Starting...
2026-09-09T00:30:27:   - Local:        http://localhost:3000
2026-09-09T00:30:27: 
2026-09-09T00:30:27:  ✓ Starting...
2026-09-09T00:30:27:   ▲ Next.js 14.2.2
2026-09-09T00:30:28:   ▲ Next.js 14.2.2
2026-09-09T00:30:28:   ▲ Next.js 14.2.2
2026-09-09T00:30:27:   - Local:        http://localhost:3000
2026-09-09T00:30:27: 
2026-09-09T00:30:27:  ✓ Starting...
2026-09-09T00:30:28:   - Local:        http://localhost:3000
2026-09-09T00:30:28: 
2026-09-09T00:30:28:  ✓ Starting...
2026-09-09T00:30:28:   - Local:        http://localhost:3000
2026-09-09T00:30:28: 
2026-09-09T00:30:28:  ✓ Starting...
2026-09-09T00:30:28:   ▲ Next.js 14.2.2
2026-09-09T00:30:28:   ▲ Next.js 14.2.2
2026-09-09T00:30:28:   - Local:        http://localhost:3000
2026-09-09T00:30:28: 
2026-09-09T00:30:28:  ✓ Starting...
2026-09-09T00:30:28:   - Local:        http://localhost:3000
2026-09-09T00:30:28: 
2026-09-09T00:30:28:  ✓ Starting...
2026-09-09T00:30:29:   ▲ Next.js 14.2.2
2026-09-09T00:30:29:   ▲ Next.js 14.2.2
2026-09-09T00:30:29:   ▲ Next.js 14.2.2
2026-09-09T00:30:29:   - Local:        http://localhost:3000
2026-09-09T00:30:29: 
2026-09-09T00:30:29:  ✓ Starting...
2026-09-09T00:30:29:   - Local:        http://localhost:3000
2026-09-09T00:30:29: 
2026-09-09T00:30:29:  ✓ Starting...
2026-09-09T00:30:29:   - Local:        http://localhost:3000
2026-09-09T00:30:29: 
2026-09-09T00:30:29:  ✓ Starting...
2026-09-09T00:30:30:   ▲ Next.js 14.2.2
2026-09-09T00:30:30:   ▲ Next.js 14.2.2
2026-09-09T00:30:30:   ▲ Next.js 14.2.2
2026-09-09T00:30:30:   - Local:        http://localhost:3000
2026-09-09T00:30:30: 
2026-09-09T00:30:30:  ✓ Starting...
2026-09-09T00:30:30:   - Local:        http://localhost:3000
2026-09-09T00:30:30: 
2026-09-09T00:30:30:  ✓ Starting...
2026-09-09T00:30:30:   - Local:        http://localhost:3000
2026-09-09T00:30:30: 
2026-09-09T00:30:30:  ✓ Starting...
2026-09-09T00:30:31:   ▲ Next.js 14.2.2
2026-09-09T00:30:31:   ▲ Next.js 14.2.2
2026-09-09T00:30:31:   - Local:        http://localhost:3000
2026-09-09T00:30:31: 
2026-09-09T00:30:31:  ✓ Starting...
2026-09-09T00:30:31:   - Local:        http://localhost:3000
2026-09-09T00:30:31: 
2026-09-09T00:30:31:  ✓ Starting...
2026-09-09T00:30:32:   ▲ Next.js 14.2.2
2026-09-09T00:30:32:   ▲ Next.js 14.2.2
2026-09-09T00:30:32:   ▲ Next.js 14.2.2
2026-09-09T00:30:32:   - Local:        http://localhost:3000
2026-09-09T00:30:32: 
2026-09-09T00:30:32:  ✓ Starting...
2026-09-09T00:30:32:   - Local:        http://localhost:3000
2026-09-09T00:30:32: 
2026-09-09T00:30:32:  ✓ Starting...
2026-09-09T00:30:32:   - Local:        http://localhost:3000
2026-09-09T00:30:32: 
2026-09-09T00:30:32:  ✓ Starting...
2026-09-09T00:30:32:   ▲ Next.js 14.2.2
2026-09-09T00:30:32:   ▲ Next.js 14.2.2
2026-09-09T00:30:32:   ▲ Next.js 14.2.2
2026-09-09T00:30:32:   - Local:        http://localhost:3000
2026-09-09T00:30:32: 
2026-09-09T00:30:32:  ✓ Starting...
2026-09-09T00:30:32:   - Local:        http://localhost:3000
2026-09-09T00:30:32: 
2026-09-09T00:30:32:  ✓ Starting...
2026-09-09T00:30:32:   - Local:        http://localhost:3000
2026-09-09T00:30:32: 
2026-09-09T00:30:32:  ✓ Starting...
2026-09-09T00:30:33:   ▲ Next.js 14.2.2
2026-09-09T00:30:33:   ▲ Next.js 14.2.2
2026-09-09T00:30:33:   - Local:        http://localhost:3000
2026-09-09T00:30:33: 
2026-09-09T00:30:33:  ✓ Starting...
2026-09-09T00:30:34:   ▲ Next.js 14.2.2
2026-09-09T00:30:33:   - Local:        http://localhost:3000
2026-09-09T00:30:33: 
2026-09-09T00:30:33:  ✓ Starting...
2026-09-09T00:30:34:   ▲ Next.js 14.2.2
2026-09-09T00:30:34:   ▲ Next.js 14.2.2
2026-09-09T00:30:34:   - Local:        http://localhost:3000
2026-09-09T00:30:34: 
2026-09-09T00:30:34:  ✓ Starting...
2026-09-09T00:30:34:   - Local:        http://localhost:3000
2026-09-09T00:30:34: 
2026-09-09T00:30:34:  ✓ Starting...
2026-09-09T00:30:34:   - Local:        http://localhost:3000
2026-09-09T00:30:34: 
2026-09-09T00:30:34:  ✓ Starting...
2026-09-09T00:30:35:   ▲ Next.js 14.2.2
2026-09-09T00:30:35:   ▲ Next.js 14.2.2
2026-09-09T00:30:35:   ▲ Next.js 14.2.2
2026-09-09T00:30:35:   - Local:        http://localhost:3000
2026-09-09T00:30:35: 
2026-09-09T00:30:35:  ✓ Starting...
2026-09-09T00:30:35:   - Local:        http://localhost:3000
2026-09-09T00:30:35: 
2026-09-09T00:30:35:  ✓ Starting...
2026-09-09T00:30:35:   - Local:        http://localhost:3000
2026-09-09T00:30:35: 
2026-09-09T00:30:35:  ✓ Starting...
2026-09-09T00:30:36:   ▲ Next.js 14.2.2
2026-09-09T00:30:36:   ▲ Next.js 14.2.2
2026-09-09T00:30:36:   ▲ Next.js 14.2.2
2026-09-09T00:30:36:   - Local:        http://localhost:3000
2026-09-09T00:30:36: 
2026-09-09T00:30:36:  ✓ Starting...
2026-09-09T00:30:36:   ▲ Next.js 14.2.2
2026-09-09T00:30:36:   - Local:        http://localhost:3000
2026-09-09T00:30:36: 
2026-09-09T00:30:36:  ✓ Starting...
2026-09-09T00:30:36:   - Local:        http://localhost:3000
2026-09-09T00:30:36: 
2026-09-09T00:30:36:  ✓ Starting...
2026-09-09T00:30:36:   ▲ Next.js 14.2.2
2026-09-09T00:30:36:   - Local:        http://localhost:3000
2026-09-09T00:30:36: 
2026-09-09T00:30:36:  ✓ Starting...
2026-09-09T00:30:36:   - Local:        http://localhost:3000
2026-09-09T00:30:36: 
2026-09-09T00:30:36:  ✓ Starting...
2026-09-09T00:30:37:   ▲ Next.js 14.2.2
2026-09-09T00:30:37:   ▲ Next.js 14.2.2
2026-09-09T00:30:38:   ▲ Next.js 14.2.2
2026-09-09T00:30:37:   - Local:        http://localhost:3000
2026-09-09T00:30:37: 
2026-09-09T00:30:37:  ✓ Starting...
2026-09-09T00:30:37:   - Local:        http://localhost:3000
2026-09-09T00:30:37: 
2026-09-09T00:30:37:  ✓ Starting...
2026-09-09T00:30:38:   - Local:        http://localhost:3000
2026-09-09T00:30:38: 
2026-09-09T00:30:38:  ✓ Starting...
2026-09-09T00:30:38:   ▲ Next.js 14.2.2
2026-09-09T00:30:38:   ▲ Next.js 14.2.2
2026-09-09T00:30:38:   ▲ Next.js 14.2.2
2026-09-09T00:30:38:   - Local:        http://localhost:3000
2026-09-09T00:30:38: 
2026-09-09T00:30:38:  ✓ Starting...
2026-09-09T00:30:38:   - Local:        http://localhost:3000
2026-09-09T00:30:38: 
2026-09-09T00:30:38:  ✓ Starting...
2026-09-09T00:30:38:   - Local:        http://localhost:3000
2026-09-09T00:30:38: 
2026-09-09T00:30:38:  ✓ Starting...
2026-09-09T00:30:39:   ▲ Next.js 14.2.2
2026-09-09T00:30:39:   ▲ Next.js 14.2.2
2026-09-09T00:30:39:   - Local:        http://localhost:3000
2026-09-09T00:30:39: 
2026-09-09T00:30:39:  ✓ Starting...
2026-09-09T00:30:39:   - Local:        http://localhost:3000
2026-09-09T00:30:39: 
2026-09-09T00:30:39:  ✓ Starting...
2026-09-09T00:30:40:   ▲ Next.js 14.2.2
2026-09-09T00:30:40:   ▲ Next.js 14.2.2
2026-09-09T00:30:40:   ▲ Next.js 14.2.2
2026-09-09T00:30:40:   - Local:        http://localhost:3000
2026-09-09T00:30:40: 
2026-09-09T00:30:40:  ✓ Starting...
2026-09-09T00:30:40:   - Local:        http://localhost:3000
2026-09-09T00:30:40: 
2026-09-09T00:30:40:  ✓ Starting...
2026-09-09T00:30:40:   - Local:        http://localhost:3000
2026-09-09T00:30:40: 
2026-09-09T00:30:40:  ✓ Starting...
2026-09-09T00:30:41:   ▲ Next.js 14.2.2
2026-09-09T00:30:41:   ▲ Next.js 14.2.2
2026-09-09T00:30:41:   ▲ Next.js 14.2.2
2026-09-09T00:30:41:   - Local:        http://localhost:3000
2026-09-09T00:30:41: 
2026-09-09T00:30:41:  ✓ Starting...
2026-09-09T00:30:41:   - Local:        http://localhost:3000
2026-09-09T00:30:41: 
2026-09-09T00:30:41:  ✓ Starting...
2026-09-09T00:30:41:   - Local:        http://localhost:3000
2026-09-09T00:30:41: 
2026-09-09T00:30:41:  ✓ Starting...
2026-09-09T00:30:42:   ▲ Next.js 14.2.2
2026-09-09T00:30:42:   ▲ Next.js 14.2.2
2026-09-09T00:30:42:   - Local:        http://localhost:3000
2026-09-09T00:30:42: 
2026-09-09T00:30:42:  ✓ Starting...
2026-09-09T00:30:42:   - Local:        http://localhost:3000
2026-09-09T00:30:42: 
2026-09-09T00:30:42:  ✓ Starting...
2026-09-09T00:30:42:   ▲ Next.js 14.2.2
2026-09-09T00:30:42:   ▲ Next.js 14.2.2
2026-09-09T00:30:42:   ▲ Next.js 14.2.2
2026-09-09T00:30:42:   - Local:        http://localhost:3000
2026-09-09T00:30:42: 
2026-09-09T00:30:42:  ✓ Starting...
2026-09-09T00:30:42:   - Local:        http://localhost:3000
2026-09-09T00:30:42: 
2026-09-09T00:30:42:  ✓ Starting...
2026-09-09T00:30:42:   - Local:        http://localhost:3000
2026-09-09T00:30:42: 
2026-09-09T00:30:42:  ✓ Starting...
2026-09-09T00:30:43:   ▲ Next.js 14.2.2
2026-09-09T00:30:43:   ▲ Next.js 14.2.2
2026-09-09T00:30:43:   ▲ Next.js 14.2.2
2026-09-09T00:30:43:   - Local:        http://localhost:3000
2026-09-09T00:30:43: 
2026-09-09T00:30:43:  ✓ Starting...
2026-09-09T00:30:43:   - Local:        http://localhost:3000
2026-09-09T00:30:43: 
2026-09-09T00:30:43:  ✓ Starting...
2026-09-09T00:30:43:   - Local:        http://localhost:3000
2026-09-09T00:30:43: 
2026-09-09T00:30:43:  ✓ Starting...
2026-09-09T00:30:44:   ▲ Next.js 14.2.2
2026-09-09T00:30:44:   ▲ Next.js 14.2.2
2026-09-09T00:30:44:   - Local:        http://localhost:3000
2026-09-09T00:30:44: 
2026-09-09T00:30:44:  ✓ Starting...
2026-09-09T00:30:44:   - Local:        http://localhost:3000
2026-09-09T00:30:44: 
2026-09-09T00:30:44:  ✓ Starting...
2026-09-09T00:30:44:   ▲ Next.js 14.2.2
2026-09-09T00:30:45:   ▲ Next.js 14.2.2
2026-09-09T00:30:44:   - Local:        http://localhost:3000
2026-09-09T00:30:44: 
2026-09-09T00:30:44:  ✓ Starting...
2026-09-09T00:30:45:   ▲ Next.js 14.2.2
2026-09-09T00:30:45:   - Local:        http://localhost:3000
2026-09-09T00:30:45: 
2026-09-09T00:30:45:  ✓ Starting...
2026-09-09T00:30:45:   ▲ Next.js 14.2.2
2026-09-09T00:30:45:   - Local:        http://localhost:3000
2026-09-09T00:30:45: 
2026-09-09T00:30:45:  ✓ Starting...
2026-09-09T00:30:45:   ▲ Next.js 14.2.2
2026-09-09T00:30:45:   ▲ Next.js 14.2.2
2026-09-09T00:30:45:   - Local:        http://localhost:3000
2026-09-09T00:30:45: 
2026-09-09T00:30:45:  ✓ Starting...
2026-09-09T00:30:45:   - Local:        http://localhost:3000
2026-09-09T00:30:45: 
2026-09-09T00:30:45:  ✓ Starting...
2026-09-09T00:30:45:   - Local:        http://localhost:3000
2026-09-09T00:30:45: 
2026-09-09T00:30:45:  ✓ Starting...
2026-09-09T00:30:46:   ▲ Next.js 14.2.2
2026-09-09T00:30:46:   ▲ Next.js 14.2.2
2026-09-09T00:30:46:   - Local:        http://localhost:3000
2026-09-09T00:30:46: 
2026-09-09T00:30:46:  ✓ Starting...
2026-09-09T00:30:46:   ▲ Next.js 14.2.2
2026-09-09T00:30:46:   - Local:        http://localhost:3000
2026-09-09T00:30:46: 
2026-09-09T00:30:46:  ✓ Starting...
2026-09-09T00:30:47:   ▲ Next.js 14.2.2
2026-09-09T00:30:46:   - Local:        http://localhost:3000
2026-09-09T00:30:46: 
2026-09-09T00:30:46:  ✓ Starting...
2026-09-09T00:30:47:   - Local:        http://localhost:3000
2026-09-09T00:30:47: 
2026-09-09T00:30:47:  ✓ Starting...
2026-09-09T00:30:47:   ▲ Next.js 14.2.2
2026-09-09T00:30:47:   ▲ Next.js 14.2.2
2026-09-09T00:30:47:   ▲ Next.js 14.2.2
2026-09-09T00:30:47:   - Local:        http://localhost:3000
2026-09-09T00:30:47: 
2026-09-09T00:30:47:  ✓ Starting...
2026-09-09T00:30:47:   - Local:        http://localhost:3000
2026-09-09T00:30:47: 
2026-09-09T00:30:47:  ✓ Starting...
2026-09-09T00:30:48:   ▲ Next.js 14.2.2
2026-09-09T00:30:47:   - Local:        http://localhost:3000
2026-09-09T00:30:47: 
2026-09-09T00:30:47:  ✓ Starting...
2026-09-09T00:30:48:   - Local:        http://localhost:3000
2026-09-09T00:30:48: 
2026-09-09T00:30:48:  ✓ Starting...
2026-09-09T00:30:48:   ▲ Next.js 14.2.2
2026-09-09T00:30:48:   ▲ Next.js 14.2.2
2026-09-09T00:30:48:   - Local:        http://localhost:3000
2026-09-09T00:30:48: 
2026-09-09T00:30:48:  ✓ Starting...
2026-09-09T00:30:48:   - Local:        http://localhost:3000
2026-09-09T00:30:48: 
2026-09-09T00:30:48:  ✓ Starting...
2026-09-09T00:30:49:   ▲ Next.js 14.2.2
2026-09-09T00:30:49:   ▲ Next.js 14.2.2
2026-09-09T00:30:49:   - Local:        http://localhost:3000
2026-09-09T00:30:49: 
2026-09-09T00:30:49:  ✓ Starting...
2026-09-09T00:30:49:   - Local:        http://localhost:3000
2026-09-09T00:30:49: 
2026-09-09T00:30:49:  ✓ Starting...
2026-09-09T00:30:50:   ▲ Next.js 14.2.2
2026-09-09T00:30:50:   ▲ Next.js 14.2.2
2026-09-09T00:30:50:   ▲ Next.js 14.2.2
2026-09-09T00:30:50:   - Local:        http://localhost:3000
2026-09-09T00:30:50: 
2026-09-09T00:30:50:  ✓ Starting...
2026-09-09T00:30:50:   ▲ Next.js 14.2.2
2026-09-09T00:30:50:   - Local:        http://localhost:3000
2026-09-09T00:30:50: 
2026-09-09T00:30:50:  ✓ Starting...
2026-09-09T00:30:50:   - Local:        http://localhost:3000
2026-09-09T00:30:50: 
2026-09-09T00:30:50:  ✓ Starting...
2026-09-09T00:30:50:   - Local:        http://localhost:3000
2026-09-09T00:30:50: 
2026-09-09T00:30:50:  ✓ Starting...
2026-09-09T00:30:51:   ▲ Next.js 14.2.2
2026-09-09T00:30:51:   ▲ Next.js 14.2.2
2026-09-09T00:30:51:   - Local:        http://localhost:3000
2026-09-09T00:30:51: 
2026-09-09T00:30:51:  ✓ Starting...
2026-09-09T00:30:52:   ▲ Next.js 14.2.2
2026-09-09T00:30:51:   - Local:        http://localhost:3000
2026-09-09T00:30:51: 
2026-09-09T00:30:51:  ✓ Starting...
2026-09-09T00:30:52:   ▲ Next.js 14.2.2
2026-09-09T00:30:52:   - Local:        http://localhost:3000
2026-09-09T00:30:52: 
2026-09-09T00:30:52:  ✓ Starting...
2026-09-09T00:30:52:   - Local:        http://localhost:3000
2026-09-09T00:30:52: 
2026-09-09T00:30:52:  ✓ Starting...
2026-09-09T00:30:52:   ▲ Next.js 14.2.2
2026-09-09T00:30:53:   ▲ Next.js 14.2.2
2026-09-09T00:30:53:   ▲ Next.js 14.2.2
2026-09-09T00:30:53:   ▲ Next.js 14.2.2
2026-09-09T00:30:52:   - Local:        http://localhost:3000
2026-09-09T00:30:52: 
2026-09-09T00:30:52:  ✓ Starting...
2026-09-09T00:30:53:   - Local:        http://localhost:3000
2026-09-09T00:30:53: 
2026-09-09T00:30:53:  ✓ Starting...
2026-09-09T00:30:53:   - Local:        http://localhost:3000
2026-09-09T00:30:53: 
2026-09-09T00:30:53:  ✓ Starting...
2026-09-09T00:30:53:   - Local:        http://localhost:3000
2026-09-09T00:30:53: 
2026-09-09T00:30:53:  ✓ Starting...
2026-09-09T00:30:54:   ▲ Next.js 14.2.2
2026-09-09T00:30:54:   ▲ Next.js 14.2.2
2026-09-09T00:30:54:   - Local:        http://localhost:3000
2026-09-09T00:30:54: 
2026-09-09T00:30:54:  ✓ Starting...
2026-09-09T00:30:54:   ▲ Next.js 14.2.2
2026-09-09T00:30:54:   - Local:        http://localhost:3000
2026-09-09T00:30:54: 
2026-09-09T00:30:54:  ✓ Starting...
2026-09-09T00:30:54:   ▲ Next.js 14.2.2
2026-09-09T00:30:54:   - Local:        http://localhost:3000
2026-09-09T00:30:54: 
2026-09-09T00:30:54:  ✓ Starting...
2026-09-09T00:30:54:   - Local:        http://localhost:3000
2026-09-09T00:30:54: 
2026-09-09T00:30:54:  ✓ Starting...
2026-09-09T00:30:55:   ▲ Next.js 14.2.2
2026-09-09T00:30:55:   ▲ Next.js 14.2.2
2026-09-09T00:30:55:   ▲ Next.js 14.2.2
2026-09-09T00:30:55:   ▲ Next.js 14.2.2
2026-09-09T00:30:55:   - Local:        http://localhost:3000
2026-09-09T00:30:55: 
2026-09-09T00:30:55:  ✓ Starting...
2026-09-09T00:30:55:   - Local:        http://localhost:3000
2026-09-09T00:30:55: 
2026-09-09T00:30:55:  ✓ Starting...
2026-09-09T00:30:55:   - Local:        http://localhost:3000
2026-09-09T00:30:55: 
2026-09-09T00:30:55:  ✓ Starting...
2026-09-09T00:30:55:   - Local:        http://localhost:3000
2026-09-09T00:30:55: 
2026-09-09T00:30:55:  ✓ Starting...
2026-09-09T00:30:56:   ▲ Next.js 14.2.2
2026-09-09T00:30:56:   ▲ Next.js 14.2.2
2026-09-09T00:30:56:   - Local:        http://localhost:3000
2026-09-09T00:30:56: 
2026-09-09T00:30:56:  ✓ Starting...
2026-09-09T00:30:57:   ▲ Next.js 14.2.2
2026-09-09T00:30:56:   - Local:        http://localhost:3000
2026-09-09T00:30:56: 
2026-09-09T00:30:56:  ✓ Starting...
2026-09-09T00:30:57:   ▲ Next.js 14.2.2
2026-09-09T00:30:57:   - Local:        http://localhost:3000
2026-09-09T00:30:57: 
2026-09-09T00:30:57:  ✓ Starting...
2026-09-09T00:30:57:   ▲ Next.js 14.2.2
2026-09-09T00:30:57:   - Local:        http://localhost:3000
2026-09-09T00:30:57: 
2026-09-09T00:30:57:  ✓ Starting...
2026-09-09T00:30:57:   ▲ Next.js 14.2.2
2026-09-09T00:30:57:   ▲ Next.js 14.2.2
2026-09-09T00:30:57:   ▲ Next.js 14.2.2
2026-09-09T00:30:57:   - Local:        http://localhost:3000
2026-09-09T00:30:57: 
2026-09-09T00:30:57:  ✓ Starting...
2026-09-09T00:30:57:   - Local:        http://localhost:3000
2026-09-09T00:30:57: 
2026-09-09T00:30:57:  ✓ Starting...
2026-09-09T00:30:57:   - Local:        http://localhost:3000
2026-09-09T00:30:57: 
2026-09-09T00:30:57:  ✓ Starting...
2026-09-09T00:30:57:   - Local:        http://localhost:3000
2026-09-09T00:30:57: 
2026-09-09T00:30:57:  ✓ Starting...
2026-09-09T00:30:59:   ▲ Next.js 14.2.2
2026-09-09T00:30:59:   ▲ Next.js 14.2.2
2026-09-09T00:30:59:   - Local:        http://localhost:3000
2026-09-09T00:30:59: 
2026-09-09T00:30:59:  ✓ Starting...
2026-09-09T00:30:59:   - Local:        http://localhost:3000
2026-09-09T00:30:59: 
2026-09-09T00:30:59:  ✓ Starting...
2026-09-09T00:30:59:   ▲ Next.js 14.2.2
2026-09-09T00:31:00:   ▲ Next.js 14.2.2
2026-09-09T00:31:00:   ▲ Next.js 14.2.2
2026-09-09T00:30:59:   - Local:        http://localhost:3000
2026-09-09T00:30:59: 
2026-09-09T00:30:59:  ✓ Starting...
2026-09-09T00:31:00:   - Local:        http://localhost:3000
2026-09-09T00:31:00: 
2026-09-09T00:31:00:  ✓ Starting...
2026-09-09T00:31:00:   ▲ Next.js 14.2.2
2026-09-09T00:31:00:   - Local:        http://localhost:3000
2026-09-09T00:31:00: 
2026-09-09T00:31:00:  ✓ Starting...
2026-09-09T00:31:00:   - Local:        http://localhost:3000
2026-09-09T00:31:00: 
2026-09-09T00:31:00:  ✓ Starting...
2026-09-09T00:42:28:   ▲ Next.js 14.2.2
2026-09-09T00:42:28:   ▲ Next.js 14.2.2
2026-09-09T00:42:28:   ▲ Next.js 14.2.2
2026-09-09T00:42:28:   ▲ Next.js 14.2.2
2026-09-09T00:42:29:   ▲ Next.js 14.2.2
2026-09-09T00:42:29:   ▲ Next.js 14.2.2
2026-09-09T00:42:29:   ▲ Next.js 14.2.2
2026-09-09T00:42:29:   ▲ Next.js 14.2.2
2026-09-09T00:42:28:   - Local:        http://localhost:3000
2026-09-09T00:42:28: 
2026-09-09T00:42:28:  ✓ Starting...
2026-09-09T00:42:29:   - Local:        http://localhost:3000
2026-09-09T00:42:29: 
2026-09-09T00:42:29:  ✓ Starting...
2026-09-09T00:42:29:   - Local:        http://localhost:3000
2026-09-09T00:42:29: 
2026-09-09T00:42:29:  ✓ Starting...
2026-09-09T00:42:29:   - Local:        http://localhost:3000
2026-09-09T00:42:29: 
2026-09-09T00:42:29:  ✓ Starting...
2026-09-09T00:42:28:   - Local:        http://localhost:3000
2026-09-09T00:42:28: 
2026-09-09T00:42:28:  ✓ Starting...
2026-09-09T00:42:29:   - Local:        http://localhost:3000
2026-09-09T00:42:29: 
2026-09-09T00:42:29:  ✓ Starting...
2026-09-09T00:42:29:   - Local:        http://localhost:3000
2026-09-09T00:42:29: 
2026-09-09T00:42:29:  ✓ Starting...
2026-09-09T00:42:29:   - Local:        http://localhost:3000
2026-09-09T00:42:29: 
2026-09-09T00:42:29:  ✓ Starting...
2026-09-09T00:42:29:  ✓ Ready in 1708ms
2026-09-09T00:42:29:  ✓ Ready in 1728ms
2026-09-09T00:42:29:  ✓ Ready in 1747ms
2026-09-09T00:42:29:  ✓ Ready in 1785ms
2026-09-09T00:42:29:  ✓ Ready in 1933ms
2026-09-09T00:42:29:  ✓ Ready in 1945ms
2026-09-09T00:42:29:  ✓ Ready in 1953ms
2026-09-09T00:42:29:  ✓ Ready in 1954ms
2026-09-09T11:28:51:   ▲ Next.js 14.2.2
2026-09-09T11:28:51:   ▲ Next.js 14.2.2
2026-09-09T11:28:51:   ▲ Next.js 14.2.2
2026-09-09T11:28:51:   ▲ Next.js 14.2.2
2026-09-09T11:28:51:   ▲ Next.js 14.2.2
2026-09-09T11:28:51:   ▲ Next.js 14.2.2
2026-09-09T11:28:51:   ▲ Next.js 14.2.2
2026-09-09T11:28:51:   ▲ Next.js 14.2.2
2026-09-09T11:28:51:   - Local:        http://localhost:3000
2026-09-09T11:28:51: 
2026-09-09T11:28:51:  ✓ Starting...
2026-09-09T11:28:51:   - Local:        http://localhost:3000
2026-09-09T11:28:51: 
2026-09-09T11:28:51:  ✓ Starting...
2026-09-09T11:28:51:   - Local:        http://localhost:3000
2026-09-09T11:28:51: 
2026-09-09T11:28:51:  ✓ Starting...
2026-09-09T11:28:51:   - Local:        http://localhost:3000
2026-09-09T11:28:51: 
2026-09-09T11:28:51:  ✓ Starting...
2026-09-09T11:28:51:   - Local:        http://localhost:3000
2026-09-09T11:28:51: 
2026-09-09T11:28:51:  ✓ Starting...
2026-09-09T11:28:51:   - Local:        http://localhost:3000
2026-09-09T11:28:51: 
2026-09-09T11:28:51:  ✓ Starting...
2026-09-09T11:28:51:   - Local:        http://localhost:3000
2026-09-09T11:28:51: 
2026-09-09T11:28:51:  ✓ Starting...
2026-09-09T11:28:51:   - Local:        http://localhost:3000
2026-09-09T11:28:51: 
2026-09-09T11:28:51:  ✓ Starting...
2026-09-09T11:28:54:  ✓ Ready in 9.6s
2026-09-09T11:28:54:  ✓ Ready in 9.6s
2026-09-09T11:28:54:  ✓ Ready in 9.6s
2026-09-09T11:28:54:  ✓ Ready in 9.6s
2026-09-09T11:28:54:  ✓ Ready in 9.6s
2026-09-09T11:28:54:  ✓ Ready in 9.6s
2026-09-09T11:28:54:  ✓ Ready in 9.6s
2026-09-09T11:28:54:  ✓ Ready in 9.6s
2026-09-11T02:01:38:   ▲ Next.js 14.2.2
2026-09-11T02:01:38:   ▲ Next.js 14.2.2
2026-09-11T02:01:38:   ▲ Next.js 14.2.2
2026-09-11T02:01:38:   ▲ Next.js 14.2.2
2026-09-11T02:01:38:   ▲ Next.js 14.2.2
2026-09-11T02:01:38:   ▲ Next.js 14.2.2
2026-09-11T02:01:38:   ▲ Next.js 14.2.2
2026-09-11T02:01:38:   ▲ Next.js 14.2.2
2026-09-11T02:01:38:   - Local:        http://localhost:3000
2026-09-11T02:01:38: 
2026-09-11T02:01:38:  ✓ Starting...
2026-09-11T02:01:38:   - Local:        http://localhost:3000
2026-09-11T02:01:38: 
2026-09-11T02:01:38:  ✓ Starting...
2026-09-11T02:01:38:   - Local:        http://localhost:3000
2026-09-11T02:01:38: 
2026-09-11T02:01:38:  ✓ Starting...
2026-09-11T02:01:38:   - Local:        http://localhost:3000
2026-09-11T02:01:38: 
2026-09-11T02:01:38:  ✓ Starting...
2026-09-11T02:01:38:   - Local:        http://localhost:3000
2026-09-11T02:01:38: 
2026-09-11T02:01:38:  ✓ Starting...
2026-09-11T02:01:38:   - Local:        http://localhost:3000
2026-09-11T02:01:38: 
2026-09-11T02:01:38:  ✓ Starting...
2026-09-11T02:01:38:   - Local:        http://localhost:3000
2026-09-11T02:01:38: 
2026-09-11T02:01:38:  ✓ Starting...
2026-09-11T02:01:38:   - Local:        http://localhost:3000
2026-09-11T02:01:38: 
2026-09-11T02:01:38:  ✓ Starting...
2026-09-11T02:01:41:  ✓ Ready in 9.5s
2026-09-11T02:01:41:  ✓ Ready in 9.5s
2026-09-11T02:01:41:  ✓ Ready in 9.5s
2026-09-11T02:01:41:  ✓ Ready in 9.5s
2026-09-11T02:01:41:  ✓ Ready in 9.5s
2026-09-11T02:01:41:  ✓ Ready in 9.5s
2026-09-11T02:01:41:  ✓ Ready in 9.5s
2026-09-11T02:01:41:  ✓ Ready in 9.5s
2026-09-12T11:37:16:   ▲ Next.js 14.2.2
2026-09-12T11:37:16:   ▲ Next.js 14.2.2
2026-09-12T11:37:16:   ▲ Next.js 14.2.2
2026-09-12T11:37:16:   ▲ Next.js 14.2.2
2026-09-12T11:37:16:   ▲ Next.js 14.2.2
2026-09-12T11:37:16:   ▲ Next.js 14.2.2
2026-09-12T11:37:16:   ▲ Next.js 14.2.2
2026-09-12T11:37:16:   ▲ Next.js 14.2.2
2026-09-12T11:37:16:   - Local:        http://localhost:3000
2026-09-12T11:37:16: 
2026-09-12T11:37:16:  ✓ Starting...
2026-09-12T11:37:16:   - Local:        http://localhost:3000
2026-09-12T11:37:16: 
2026-09-12T11:37:16:  ✓ Starting...
2026-09-12T11:37:16:   - Local:        http://localhost:3000
2026-09-12T11:37:16: 
2026-09-12T11:37:16:  ✓ Starting...
2026-09-12T11:37:16:   - Local:        http://localhost:3000
2026-09-12T11:37:16: 
2026-09-12T11:37:16:  ✓ Starting...
2026-09-12T11:37:16:   - Local:        http://localhost:3000
2026-09-12T11:37:16: 
2026-09-12T11:37:16:  ✓ Starting...
2026-09-12T11:37:16:   - Local:        http://localhost:3000
2026-09-12T11:37:16: 
2026-09-12T11:37:16:  ✓ Starting...
2026-09-12T11:37:16:   - Local:        http://localhost:3000
2026-09-12T11:37:16: 
2026-09-12T11:37:16:  ✓ Starting...
2026-09-12T11:37:16:   - Local:        http://localhost:3000
2026-09-12T11:37:16: 
2026-09-12T11:37:16:  ✓ Starting...
2026-09-12T11:37:19:  ✓ Ready in 9.8s
2026-09-12T11:37:19:  ✓ Ready in 9.8s
2026-09-12T11:37:19:  ✓ Ready in 9.8s
2026-09-12T11:37:19:  ✓ Ready in 9.8s
2026-09-12T11:37:19:  ✓ Ready in 9.8s
2026-09-12T11:37:19:  ✓ Ready in 9.8s
2026-09-12T11:37:19:  ✓ Ready in 9.8s
2026-09-12T11:37:19:  ✓ Ready in 9.8s
2026-09-12T13:25:26:   ▲ Next.js 14.2.2
2026-09-12T13:25:26:   ▲ Next.js 14.2.2
2026-09-12T13:25:26:   ▲ Next.js 14.2.2
2026-09-12T13:25:26:   ▲ Next.js 14.2.2
2026-09-12T13:25:26:   ▲ Next.js 14.2.2
2026-09-12T13:25:26:   ▲ Next.js 14.2.2
2026-09-12T13:25:26:   ▲ Next.js 14.2.2
2026-09-12T13:25:26:   ▲ Next.js 14.2.2
2026-09-12T13:25:26:   - Local:        http://localhost:3000
2026-09-12T13:25:26: 
2026-09-12T13:25:26:  ✓ Starting...
2026-09-12T13:25:26:   - Local:        http://localhost:3000
2026-09-12T13:25:26: 
2026-09-12T13:25:26:  ✓ Starting...
2026-09-12T13:25:26:   - Local:        http://localhost:3000
2026-09-12T13:25:26: 
2026-09-12T13:25:26:  ✓ Starting...
2026-09-12T13:25:26:   - Local:        http://localhost:3000
2026-09-12T13:25:26: 
2026-09-12T13:25:26:  ✓ Starting...
2026-09-12T13:25:26:   - Local:        http://localhost:3000
2026-09-12T13:25:26: 
2026-09-12T13:25:26:  ✓ Starting...
2026-09-12T13:25:26:   - Local:        http://localhost:3000
2026-09-12T13:25:26: 
2026-09-12T13:25:26:  ✓ Starting...
2026-09-12T13:25:26:   - Local:        http://localhost:3000
2026-09-12T13:25:26: 
2026-09-12T13:25:26:  ✓ Starting...
2026-09-12T13:25:26:   - Local:        http://localhost:3000
2026-09-12T13:25:26: 
2026-09-12T13:25:26:  ✓ Starting...
2026-09-12T13:25:31:  ✓ Ready in 13.4s
2026-09-12T13:25:31:  ✓ Ready in 13.4s
2026-09-12T13:25:31:  ✓ Ready in 13.4s
2026-09-12T13:25:31:  ✓ Ready in 13.4s
2026-09-12T13:25:31:  ✓ Ready in 13.4s
2026-09-12T13:25:31:  ✓ Ready in 13.4s
2026-09-12T13:25:31:  ✓ Ready in 13.4s
2026-09-12T13:25:31:  ✓ Ready in 13.4s
2026-09-15T12:30:35:   ▲ Next.js 14.2.2
2026-09-15T12:30:35:   ▲ Next.js 14.2.2
2026-09-15T12:30:35:   ▲ Next.js 14.2.2
2026-09-15T12:30:35:   ▲ Next.js 14.2.2
2026-09-15T12:30:35:   ▲ Next.js 14.2.2
2026-09-15T12:30:35:   ▲ Next.js 14.2.2
2026-09-15T12:30:35:   ▲ Next.js 14.2.2
2026-09-15T12:30:35:   ▲ Next.js 14.2.2
2026-09-15T12:30:35:   - Local:        http://localhost:3000
2026-09-15T12:30:35: 
2026-09-15T12:30:35:  ✓ Starting...
2026-09-15T12:30:35:   - Local:        http://localhost:3000
2026-09-15T12:30:35: 
2026-09-15T12:30:35:  ✓ Starting...
2026-09-15T12:30:35:   - Local:        http://localhost:3000
2026-09-15T12:30:35: 
2026-09-15T12:30:35:  ✓ Starting...
2026-09-15T12:30:35:   - Local:        http://localhost:3000
2026-09-15T12:30:35: 
2026-09-15T12:30:35:  ✓ Starting...
2026-09-15T12:30:35:   - Local:        http://localhost:3000
2026-09-15T12:30:35: 
2026-09-15T12:30:35:  ✓ Starting...
2026-09-15T12:30:35:   - Local:        http://localhost:3000
2026-09-15T12:30:35: 
2026-09-15T12:30:35:  ✓ Starting...
2026-09-15T12:30:35:   - Local:        http://localhost:3000
2026-09-15T12:30:35: 
2026-09-15T12:30:35:  ✓ Starting...
2026-09-15T12:30:35:   - Local:        http://localhost:3000
2026-09-15T12:30:35: 
2026-09-15T12:30:35:  ✓ Starting...
2026-09-15T12:30:35:  ✓ Ready in 1870ms
2026-09-15T12:30:35:  ✓ Ready in 1872ms
2026-09-15T12:30:35:  ✓ Ready in 1881ms
2026-09-15T12:30:35:  ✓ Ready in 1890ms
2026-09-15T12:30:35:  ✓ Ready in 1887ms
2026-09-15T12:30:36:  ✓ Ready in 1895ms
2026-09-15T12:30:36:  ✓ Ready in 1900ms
2026-09-15T12:30:36:  ✓ Ready in 1917ms
2026-09-15T20:57:46:   ▲ Next.js 14.2.2
2026-09-15T20:57:46:   ▲ Next.js 14.2.2
2026-09-15T20:57:46:   ▲ Next.js 14.2.2
2026-09-15T20:57:46:   ▲ Next.js 14.2.2
2026-09-15T20:57:46:   ▲ Next.js 14.2.2
2026-09-15T20:57:46:   ▲ Next.js 14.2.2
2026-09-15T20:57:46:   ▲ Next.js 14.2.2
2026-09-15T20:57:46:   ▲ Next.js 14.2.2
2026-09-15T20:57:46:   - Local:        http://localhost:3000
2026-09-15T20:57:46: 
2026-09-15T20:57:46:  ✓ Starting...
2026-09-15T20:57:46:   - Local:        http://localhost:3000
2026-09-15T20:57:46: 
2026-09-15T20:57:46:  ✓ Starting...
2026-09-15T20:57:46:   - Local:        http://localhost:3000
2026-09-15T20:57:46: 
2026-09-15T20:57:46:  ✓ Starting...
2026-09-15T20:57:46:   - Local:        http://localhost:3000
2026-09-15T20:57:46: 
2026-09-15T20:57:46:  ✓ Starting...
2026-09-15T20:57:46:   - Local:        http://localhost:3000
2026-09-15T20:57:46: 
2026-09-15T20:57:46:  ✓ Starting...
2026-09-15T20:57:46:   - Local:        http://localhost:3000
2026-09-15T20:57:46: 
2026-09-15T20:57:46:  ✓ Starting...
2026-09-15T20:57:46:   - Local:        http://localhost:3000
2026-09-15T20:57:46: 
2026-09-15T20:57:46:  ✓ Starting...
2026-09-15T20:57:46:   - Local:        http://localhost:3000
2026-09-15T20:57:46: 
2026-09-15T20:57:46:  ✓ Starting...
2026-09-15T20:57:50:  ✓ Ready in 12.2s
2026-09-15T20:57:50:  ✓ Ready in 12.2s
2026-09-15T20:57:50:  ✓ Ready in 12.2s
2026-09-15T20:57:50:  ✓ Ready in 12.2s
2026-09-15T20:57:50:  ✓ Ready in 12.2s
2026-09-15T20:57:50:  ✓ Ready in 12.2s
2026-09-15T20:57:50:  ✓ Ready in 12.2s
2026-09-15T20:57:50:  ✓ Ready in 12.2s
2026-09-16T21:56:23:   ▲ Next.js 14.2.2
2026-09-16T21:56:23:   ▲ Next.js 14.2.2
2026-09-16T21:56:23:   ▲ Next.js 14.2.2
2026-09-16T21:56:23:   ▲ Next.js 14.2.2
2026-09-16T21:56:23:   ▲ Next.js 14.2.2
2026-09-16T21:56:23:   ▲ Next.js 14.2.2
2026-09-16T21:56:23:   ▲ Next.js 14.2.2
2026-09-16T21:56:23:   ▲ Next.js 14.2.2
2026-09-16T21:56:23:   - Local:        http://localhost:3000
2026-09-16T21:56:23: 
2026-09-16T21:56:23:  ✓ Starting...
2026-09-16T21:56:23:   - Local:        http://localhost:3000
2026-09-16T21:56:23: 
2026-09-16T21:56:23:  ✓ Starting...
2026-09-16T21:56:23:   - Local:        http://localhost:3000
2026-09-16T21:56:23: 
2026-09-16T21:56:23:  ✓ Starting...
2026-09-16T21:56:23:   - Local:        http://localhost:3000
2026-09-16T21:56:23:   - Local:        http://localhost:3000
2026-09-16T21:56:23: 
2026-09-16T21:56:23:  ✓ Starting...
2026-09-16T21:56:23: 
2026-09-16T21:56:23:  ✓ Starting...
2026-09-16T21:56:23:   - Local:        http://localhost:3000
2026-09-16T21:56:23: 
2026-09-16T21:56:23:  ✓ Starting...
2026-09-16T21:56:23:   - Local:        http://localhost:3000
2026-09-16T21:56:23: 
2026-09-16T21:56:23:  ✓ Starting...
2026-09-16T21:56:23:   - Local:        http://localhost:3000
2026-09-16T21:56:23: 
2026-09-16T21:56:23:  ✓ Starting...
2026-09-16T21:56:26:  ✓ Ready in 8.9s
2026-09-16T21:56:26:  ✓ Ready in 8.9s
2026-09-16T21:56:26:  ✓ Ready in 8.9s
2026-09-16T21:56:26:  ✓ Ready in 8.9s
2026-09-16T21:56:26:  ✓ Ready in 8.9s
2026-09-16T21:56:26:  ✓ Ready in 8.9s
2026-09-16T21:56:26:  ✓ Ready in 8.9s
2026-09-16T21:56:26:  ✓ Ready in 8.9s
2026-09-17T11:23:00:   ▲ Next.js 14.2.2
2026-09-17T11:23:00:   ▲ Next.js 14.2.2
2026-09-17T11:23:00:   ▲ Next.js 14.2.2
2026-09-17T11:23:00:   ▲ Next.js 14.2.2
2026-09-17T11:23:00:   ▲ Next.js 14.2.2
2026-09-17T11:23:00:   ▲ Next.js 14.2.2
2026-09-17T11:23:00:   ▲ Next.js 14.2.2
2026-09-17T11:23:00:   ▲ Next.js 14.2.2
2026-09-17T11:23:00:   - Local:        http://localhost:3000
2026-09-17T11:23:00: 
2026-09-17T11:23:00:  ✓ Starting...
2026-09-17T11:23:00:   - Local:        http://localhost:3000
2026-09-17T11:23:00: 
2026-09-17T11:23:00:  ✓ Starting...
2026-09-17T11:23:00:   - Local:        http://localhost:3000
2026-09-17T11:23:00: 
2026-09-17T11:23:00:  ✓ Starting...
2026-09-17T11:23:00:   - Local:        http://localhost:3000
2026-09-17T11:23:00: 
2026-09-17T11:23:00:  ✓ Starting...
2026-09-17T11:23:00:   - Local:        http://localhost:3000
2026-09-17T11:23:00: 
2026-09-17T11:23:00:  ✓ Starting...
2026-09-17T11:23:00:   - Local:        http://localhost:3000
2026-09-17T11:23:00: 
2026-09-17T11:23:00:  ✓ Starting...
2026-09-17T11:23:00:   - Local:        http://localhost:3000
2026-09-17T11:23:00: 
2026-09-17T11:23:00:  ✓ Starting...
2026-09-17T11:23:00:   - Local:        http://localhost:3000
2026-09-17T11:23:00: 
2026-09-17T11:23:00:  ✓ Starting...
2026-09-17T11:23:03:  ✓ Ready in 9.3s
2026-09-17T11:23:03:  ✓ Ready in 9.3s
2026-09-17T11:23:03:  ✓ Ready in 9.3s
2026-09-17T11:23:03:  ✓ Ready in 9.3s
2026-09-17T11:23:03:  ✓ Ready in 9.3s
2026-09-17T11:23:03:  ✓ Ready in 9.3s
2026-09-17T11:23:03:  ✓ Ready in 9.3s
2026-09-17T11:23:03:  ✓ Ready in 9.3s
2026-09-17T20:05:31:   ▲ Next.js 14.2.2
2026-09-17T20:05:31:   ▲ Next.js 14.2.2
2026-09-17T20:05:31:   ▲ Next.js 14.2.2
2026-09-17T20:05:31:   ▲ Next.js 14.2.2
2026-09-17T20:05:31:   ▲ Next.js 14.2.2
2026-09-17T20:05:31:   ▲ Next.js 14.2.2
2026-09-17T20:05:31:   ▲ Next.js 14.2.2
2026-09-17T20:05:31:   ▲ Next.js 14.2.2
2026-09-17T20:05:31:   - Local:        http://localhost:3000
2026-09-17T20:05:31: 
2026-09-17T20:05:31:  ✓ Starting...
2026-09-17T20:05:31:   - Local:        http://localhost:3000
2026-09-17T20:05:31: 
2026-09-17T20:05:31:  ✓ Starting...
2026-09-17T20:05:31:   - Local:        http://localhost:3000
2026-09-17T20:05:31: 
2026-09-17T20:05:31:  ✓ Starting...
2026-09-17T20:05:31:   - Local:        http://localhost:3000
2026-09-17T20:05:31: 
2026-09-17T20:05:31:  ✓ Starting...
2026-09-17T20:05:31:   - Local:        http://localhost:3000
2026-09-17T20:05:31: 
2026-09-17T20:05:31:  ✓ Starting...
2026-09-17T20:05:31:   - Local:        http://localhost:3000
2026-09-17T20:05:31: 
2026-09-17T20:05:31:  ✓ Starting...
2026-09-17T20:05:31:   - Local:        http://localhost:3000
2026-09-17T20:05:31: 
2026-09-17T20:05:31:  ✓ Starting...
2026-09-17T20:05:31:   - Local:        http://localhost:3000
2026-09-17T20:05:31: 
2026-09-17T20:05:31:  ✓ Starting...
2026-09-17T20:05:32:  ✓ Ready in 2.7s
2026-09-17T20:05:32:  ✓ Ready in 2.8s
2026-09-17T20:05:32:  ✓ Ready in 2.8s
2026-09-17T20:05:32:  ✓ Ready in 2.8s
2026-09-17T20:05:32:  ✓ Ready in 2.8s
2026-09-17T20:05:32:  ✓ Ready in 2.8s
2026-09-17T20:05:32:  ✓ Ready in 2.8s
2026-09-17T20:05:32:  ✓ Ready in 2.8s
2026-09-20T23:58:56:   ▲ Next.js 14.2.2
2026-09-20T23:58:56:   ▲ Next.js 14.2.2
2026-09-20T23:58:56:   ▲ Next.js 14.2.2
2026-09-20T23:58:56:   ▲ Next.js 14.2.2
2026-09-20T23:58:56:   ▲ Next.js 14.2.2
2026-09-20T23:58:56:   ▲ Next.js 14.2.2
2026-09-20T23:58:56:   ▲ Next.js 14.2.2
2026-09-20T23:58:56:   ▲ Next.js 14.2.2
2026-09-20T23:58:56:   - Local:        http://localhost:3000
2026-09-20T23:58:56: 
2026-09-20T23:58:56:  ✓ Starting...
2026-09-20T23:58:56:   - Local:        http://localhost:3000
2026-09-20T23:58:56: 
2026-09-20T23:58:56:  ✓ Starting...
2026-09-20T23:58:56:   - Local:        http://localhost:3000
2026-09-20T23:58:56: 
2026-09-20T23:58:56:  ✓ Starting...
2026-09-20T23:58:56:   - Local:        http://localhost:3000
2026-09-20T23:58:56: 
2026-09-20T23:58:56:  ✓ Starting...
2026-09-20T23:58:56:   - Local:        http://localhost:3000
2026-09-20T23:58:56: 
2026-09-20T23:58:56:  ✓ Starting...
2026-09-20T23:58:56:   - Local:        http://localhost:3000
2026-09-20T23:58:56: 
2026-09-20T23:58:56:  ✓ Starting...
2026-09-20T23:58:56:   - Local:        http://localhost:3000
2026-09-20T23:58:56: 
2026-09-20T23:58:56:  ✓ Starting...
2026-09-20T23:58:56:   - Local:        http://localhost:3000
2026-09-20T23:58:56: 
2026-09-20T23:58:56:  ✓ Starting...
2026-09-20T23:58:57:  ✓ Ready in 1549ms
2026-09-20T23:58:57:  ✓ Ready in 1561ms
2026-09-20T23:58:57:  ✓ Ready in 1557ms
2026-09-20T23:58:57:  ✓ Ready in 1595ms
2026-09-20T23:58:57:  ✓ Ready in 1574ms
2026-09-20T23:58:57:  ✓ Ready in 1579ms
2026-09-20T23:58:57:  ✓ Ready in 1642ms
2026-09-20T23:58:57:  ✓ Ready in 1636ms
2026-09-24T04:39:05:   ▲ Next.js 14.2.2
2026-09-24T04:39:05:   ▲ Next.js 14.2.2
2026-09-24T04:39:05:   ▲ Next.js 14.2.2
2026-09-24T04:39:05:   ▲ Next.js 14.2.2
2026-09-24T04:39:05:   ▲ Next.js 14.2.2
2026-09-24T04:39:05:   ▲ Next.js 14.2.2
2026-09-24T04:39:05:   ▲ Next.js 14.2.2
2026-09-24T04:39:05:   ▲ Next.js 14.2.2
2026-09-24T04:39:05:   - Local:        http://localhost:3000
2026-09-24T04:39:05: 
2026-09-24T04:39:05:  ✓ Starting...
2026-09-24T04:39:05:   - Local:        http://localhost:3000
2026-09-24T04:39:05: 
2026-09-24T04:39:05:  ✓ Starting...
2026-09-24T04:39:05:   - Local:        http://localhost:3000
2026-09-24T04:39:05: 
2026-09-24T04:39:05:  ✓ Starting...
2026-09-24T04:39:05:   - Local:        http://localhost:3000
2026-09-24T04:39:05: 
2026-09-24T04:39:05:  ✓ Starting...
2026-09-24T04:39:05:   - Local:        http://localhost:3000
2026-09-24T04:39:05: 
2026-09-24T04:39:05:  ✓ Starting...
2026-09-24T04:39:05:   - Local:        http://localhost:3000
2026-09-24T04:39:05: 
2026-09-24T04:39:05:  ✓ Starting...
2026-09-24T04:39:05:   - Local:        http://localhost:3000
2026-09-24T04:39:05: 
2026-09-24T04:39:05:  ✓ Starting...
2026-09-24T04:39:05:   - Local:        http://localhost:3000
2026-09-24T04:39:05: 
2026-09-24T04:39:05:  ✓ Starting...
2026-09-24T04:39:06:  ✓ Ready in 1960ms
2026-09-24T04:39:06:  ✓ Ready in 1961ms
2026-09-24T04:39:06:  ✓ Ready in 1961ms
2026-09-24T04:39:06:  ✓ Ready in 1960ms
2026-09-24T04:39:06:  ✓ Ready in 1964ms
2026-09-24T04:39:06:  ✓ Ready in 1968ms
2026-09-24T04:39:06:  ✓ Ready in 1968ms
2026-09-24T04:39:06:  ✓ Ready in 1970ms
